Workbook

Sheet 회원명단 및 기준에버
B3: 기준 에버
B4: 순번 | C4: 이름 | D4: 1분기 | E4: 2분기 | F4: 3분기 | G4: 4분기
B5: 1 | C5: 최 현 수 | D5: 200 | E5: 200
B6: 2 | C6: 임 승 기 | D6: 200 | E6: 200
B7: 3 | C7: 이 범 수 | D7: 193 | E7: 200
B8: 4 | C8: 강 희 태 | D8: 200 | E8: 200
B9: 5 | C9: 박 시 진 | D9: 196 | E9: 200
B10: 6 | C10: 김 남 주 | D10: 195 | E10: 200
B11: 7 | C11: 장 영 민 | D11: 200 | E11: 200
B12: 8 | C12: 변 상 필 | D12: 200 | E12: 200
B13: 9 | C13: 임 연 진 | D13: 194 | E13: 200
B14: 10 | C14: 송 정 현 | D14: 187 | E14: 200
B15: 11 | C15: 김 정 희 | D15: 200 | E15: 200
B16: 12 | C16: 이 대 용 | D16: 200 | E16: 200
... B39: 35 | C39: 손 은 주 | D39: 151 | E39: 144
B40: 36 | C40: 채 윤 주
B41: 37
B42: 38

Sheet 00회정모 6인팀
A1: 2026 아르케 존 00회 정기 모임 점수
K2: 날짜 | L2: 46113 | S2: 팀전에버기준 | T2: 0 | U2: 순위에버오차기준 | V2: 0
B3: 이 름 | C3: 1 G | D3: 2 G | E3: 3 G | F3: 합 계 | G3: 에 버 | H3: 기본에버 | I3: 1 G | J3: 2 G | K3: 3 G | L3: 합 계 | M3: 오 차 | S3: 수식입력부분 삭제하지마세요~
A4: 1 | F4: =SUM(C4:E4) -> 0 | G4: =F4/3 -> 0 | H4: {=IF(B4="","",IFERROR(INDEX('회원명단 및 기준에버'!D:G,MATCH(B4,'회원명단 및 기준에버'!$C:$C,0),CHOOSE(INT((MONTH($L$2)-1)/3)+1,1,2,3,4)),""))} | I4: =IFERROR(C4+-H4,0) -> 0 | J4: =IFERROR(D4+-H4,0) -> 0 | K4: =IFERROR(E4+-H4,0) -> 0 | L4: =SUM(I4:K4) -> 0 | M4: =IFERROR(G4+-H4,0) -> 0 | S4: =MAX(C4:E4)-MIN(C4:E4) -> 0 | T4: =IF($B4="",-999999999+A4,IF($V$2=0,(F4*10000+S4*1000+A4),(M4*10000+S4*10+A4))) -> -999999998 | U4: =_xlfn.RANK.EQ(T4,$T$4:$T$33,0) -> 30
A5: 2 | F5: =SUM(C5:E5) -> 0 | G5: =F5/3 -> 0 | H5: {=IF(B5="","",IFERROR(INDEX('회원명단 및 기준에버'!D:G,MATCH(B5,'회원명단 및 기준에버'!$C:$C,0),CHOOSE(INT((MONTH($L$2)-1)/3)+1,1,2,3,4)),""))} | I5: =IFERROR(C5+-H5,0) -> 0 | J5: =IFERROR(D5+-H5,0) -> 0 | K5: =IFERROR(E5+-H5,0) -> 0 | L5: =SUM(I5:K5) -> 0 | M5: =IFERROR(G5+-H5,0) -> 0 | S5: =MAX(C5:E5)-MIN(C5:E5) -> 0 | T5: =IF($B5="",-999999999+A5,IF($V$2=0,(F5*10000+S5*1000+A5),(M5*10000+S5*10+A5))) -> -999999997 | U5: =_xlfn.RANK.EQ(T5,$T$4:$T$33,0) -> 29
A6: 3 | F6: =SUM(C6:E6) -> 0 | G6: =F6/3 -> 0 | H6: {=IF(B6="","",IFERROR(INDEX('회원명단 및 기준에버'!D:G,MATCH(B6,'회원명단 및 기준에버'!$C:$C,0),CHOOSE(INT((MONTH($L$2)-1)/3)+1,1,2,3,4)),""))} | I6: =IFERROR(C6+-H6,0) -> 0 | J6: =IFERROR(D6+-H6,0) -> 0 | K6: =IFERROR(E6+-H6,0) -> 0 | L6: =SUM(I6:K6) -> 0 | M6: =IFERROR(G6+-H6,0) -> 0 | S6: =MAX(C6:E6)-MIN(C6:E6) -> 0 | T6: =IF($B6="",-999999999+A6,IF($V$2=0,(F6*10000+S6*1000+A6),(M6*10000+S6*10+A6))) -> -999999996 | U6: =_xlfn.RANK.EQ(T6,$T$4:$T$33,0) -> 28
A7: 4 | F7: =SUM(C7:E7) -> 0 | G7: =F7/3 -> 0 | H7: {=IF(B7="","",IFERROR(INDEX('회원명단 및 기준에버'!D:G,MATCH(B7,'회원명단 및 기준에버'!$C:$C,0),CHOOSE(INT((MONTH($L$2)-1)/3)+1,1,2,3,4)),""))} | I7: =IFERROR(C7+-H7,0) -> 0 | J7: =IFERROR(D7+-H7,0) -> 0 | K7: =IFERROR(E7+-H7,0) -> 0 | L7: =SUM(I7:K7) -> 0 | M7: =IFERROR(G7+-H7,0) -> 0 | S7: =MAX(C7:E7)-MIN(C7:E7) -> 0 | T7: =IF($B7="",-999999999+A7,IF($V$2=0,(F7*10000+S7*1000+A7),(M7*10000+S7*10+A7))) -> -999999995 | U7: =_xlfn.RANK.EQ(T7,$T$4:$T$33,0) -> 27
A8: 5 | F8: =SUM(C8:E8) -> 0 | G8: =F8/3 -> 0 | H8: {=IF(B8="","",IFERROR(INDEX('회원명단 및 기준에버'!D:G,MATCH(B8,'회원명단 및 기준에버'!$C:$C,0),CHOOSE(INT((MONTH($L$2)-1)/3)+1,1,2,3,4)),""))} | I8: =IFERROR(C8+-H8,0) -> 0 | J8: =IFERROR(D8+-H8,0) -> 0 | K8: =IFERROR(E8+-H8,0) -> 0 | L8: =SUM(I8:K8) -> 0 | M8: =IFERROR(G8+-H8,0) -> 0 | S8: =MAX(C8:E8)-MIN(C8:E8) -> 0 | T8: =IF($B8="",-999999999+A8,IF($V$2=0,(F8*10000+S8*1000+A8),(M8*10000+S8*10+A8))) -> -999999994 | U8: =_xlfn.RANK.EQ(T8,$T$4:$T$33,0) -> 26
A9: 6 | F9: =SUM(C9:E9) -> 0 | G9: =F9/3 -> 0 | H9: {=IF(B9="","",IFERROR(INDEX('회원명단 및 기준에버'!D:G,MATCH(B9,'회원명단 및 기준에버'!$C:$C,0),CHOOSE(INT((MONTH($L$2)-1)/3)+1,1,2,3,4)),""))} | I9: =IFERROR(C9+-H9,0) -> 0 | J9: =IFERROR(D9+-H9,0) -> 0 | K9: =IFERROR(E9+-H9,0) -> 0 | L9: =SUM(I9:K9) -> 0 | M9: =IFERROR(G9+-H9,0) -> 0 | S9: =MAX(C9:E9)-MIN(C9:E9) -> 0 | T9: =IF($B9="",-999999999+A9,IF($V$2=0,(F9*10000+S9*1000+A9),(M9*10000+S9*10+A9))) -> -999999993 | U9: =_xlfn.RANK.EQ(T9,$T$4:$T$33,0) -> 25
A10: 7 | F10: =SUM(C10:E10) -> 0 | G10: =F10/3 -> 0 | H10: {=IF(B10="","",IFERROR(INDEX('회원명단 및 기준에버'!D:G,MATCH(B10,'회원명단 및 기준에버'!$C:$C,0),CHOOSE(INT((MONTH($L$2)-1)/3)+1,1,2,3,4)),""))} | I10: =IFERROR(C10+-H10,0) -> 0 | J10: =IFERROR(D10+-H10,0) -> 0 | K10: =IFERROR(E10+-H10,0) -> 0 | L10: =SUM(I10:K10) -> 0 | M10: =IFERROR(G10+-H10,0) -> 0 | S10: =MAX(C10:E10)-MIN(C10:E10) -> 0 | T10: =IF($B10="",-999999999+A10,IF($V$2=0,(F10*10000+S10*1000+A10),(M10*10000+S10*10+A10))) -> -999999992 | U10: =_xlfn.RANK.EQ(T10,$T$4:$T$33,0) -> 24
A11: 8 | F11: =SUM(C11:E11) -> 0 | G11: =F11/3 -> 0 | H11: {=IF(B11="","",IFERROR(INDEX('회원명단 및 기준에버'!D:G,MATCH(B11,'회원명단 및 기준에버'!$C:$C,0),CHOOSE(INT((MONTH($L$2)-1)/3)+1,1,2,3,4)),""))} | I11: =IFERROR(C11+-H11,0) -> 0 | J11: =IFERROR(D11+-H11,0) -> 0 | K11: =IFERROR(E11+-H11,0) -> 0 | L11: =SUM(I11:K11) -> 0 | M11: =IFERROR(G11+-H11,0) -> 0 | S11: =MAX(C11:E11)-MIN(C11:E11) -> 0 | T11: =IF($B11="",-999999999+A11,IF($V$2=0,(F11*10000+S11*1000+A11),(M11*10000+S11*10+A11))) -> -999999991 | U11: =_xlfn.RANK.EQ(T11,$T$4:$T$33,0) -> 23
A12: 9 | F12: =SUM(C12:E12) -> 0 | G12: =F12/3 -> 0 | H12: {=IF(B12="","",IFERROR(INDEX('회원명단 및 기준에버'!D:G,MATCH(B12,'회원명단 및 기준에버'!$C:$C,0),CHOOSE(INT((MONTH($L$2)-1)/3)+1,1,2,3,4)),""))} | I12: =IFERROR(C12+-H12,0) -> 0 | J12: =IFERROR(D12+-H12,0) -> 0 | K12: =IFERROR(E12+-H12,0) -> 0 | L12: =SUM(I12:K12) -> 0 | M12: =IFERROR(G12+-H12,0) -> 0 | S12: =MAX(C12:E12)-MIN(C12:E12) -> 0 | T12: =IF($B12="",-999999999+A12,IF($V$2=0,(F12*10000+S12*1000+A12),(M12*10000+S12*10+A12))) -> -999999990 | U12: =_xlfn.RANK.EQ(T12,$T$4:$T$33,0) -> 22
A13: 10 | F13: =SUM(C13:E13) -> 0 | G13: =F13/3 -> 0 | H13: {=IF(B13="","",IFERROR(INDEX('회원명단 및 기준에버'!D:G,MATCH(B13,'회원명단 및 기준에버'!$C:$C,0),CHOOSE(INT((MONTH($L$2)-1)/3)+1,1,2,3,4)),""))} | I13: =IFERROR(C13+-H13,0) -> 0 | J13: =IFERROR(D13+-H13,0) -> 0 | K13: =IFERROR(E13+-H13,0) -> 0 | L13: =SUM(I13:K13) -> 0 | M13: =IFERROR(G13+-H13,0) -> 0 | S13: =MAX(C13:E13)-MIN(C13:E13) -> 0 | T13: =IF($B13="",-999999999+A13,IF($V$2=0,(F13*10000+S13*1000+A13),(M13*10000+S13*10+A13))) -> -999999989 | U13: =_xlfn.RANK.EQ(T13,$T$4:$T$33,0) -> 21
A14: 11 | F14: =SUM(C14:E14) -> 0 | G14: =F14/3 -> 0 | H14: {=IF(B14="","",IFERROR(INDEX('회원명단 및 기준에버'!D:G,MATCH(B14,'회원명단 및 기준에버'!$C:$C,0),CHOOSE(INT((MONTH($L$2)-1)/3)+1,1,2,3,4)),""))} | I14: =IFERROR(C14+-H14,0) -> 0 | J14: =IFERROR(D14+-H14,0) -> 0 | K14: =IFERROR(E14+-H14,0) -> 0 | L14: =SUM(I14:K14) -> 0 | M14: =IFERROR(G14+-H14,0) -> 0 | S14: =MAX(C14:E14)-MIN(C14:E14) -> 0 | T14: =IF($B14="",-999999999+A14,IF($V$2=0,(F14*10000+S14*1000+A14),(M14*10000+S14*10+A14))) -> -999999988 | U14: =_xlfn.RANK.EQ(T14,$T$4:$T$33,0) -> 20
A15: 12 | F15: =SUM(C15:E15) -> 0 | G15: =F15/3 -> 0 | H15: {=IF(B15="","",IFERROR(INDEX('회원명단 및 기준에버'!D:G,MATCH(B15,'회원명단 및 기준에버'!$C:$C,0),CHOOSE(INT((MONTH($L$2)-1)/3)+1,1,2,3,4)),""))} | I15: =IFERROR(C15+-H15,0) -> 0 | J15: =IFERROR(D15+-H15,0) -> 0 | K15: =IFERROR(E15+-H15,0) -> 0 | L15: =SUM(I15:K15) -> 0 | M15: =IFERROR(G15+-H15,0) -> 0 | S15: =MAX(C15:E15)-MIN(C15:E15) -> 0 | T15: =IF($B15="",-999999999+A15,IF($V$2=0,(F15*10000+S15*1000+A15),(M15*10000+S15*10+A15))) -> -999999987 | U15: =_xlfn.RANK.EQ(T15,$T$4:$T$33,0) -> 19
... A33: 30 | F33: =SUM(C33:E33) -> 0 | G33: =F33/3 -> 0 | H33: {=IF(B33="","",IFERROR(INDEX('회원명단 및 기준에버'!D:G,MATCH(B33,'회원명단 및 기준에버'!$C:$C,0),CHOOSE(INT((MONTH($L$2)-1)/3)+1,1,2,3,4)),""))} | I33: =IFERROR(C33+-H33,0) -> 0 | J33: =IFERROR(D33+-H33,0) -> 0 | K33: =IFERROR(E33+-H33,0) -> 0 | L33: =SUM(I33:K33) -> 0 | M33: =IFERROR(G33+-H33,0) -> 0 | S33: =MAX(C33:E33)-MIN(C33:E33) -> 0 | T33: =IF($B33="",-999999999+A33,IF($V$2=0,(F33*10000+S33*1000+A33),(M33*10000+S33*10+A33))) -> -999999969 | U33: =_xlfn.RANK.EQ(T33,$T$4:$T$33,0) -> 1
B34: 시 상 및 벌 금
B35: 에버상승상 남+20점,여+10점 이상 상위1명 | F35: 에버벌금 | G35: 정기전 만 해당 함 | J35: 유니품 벌금(3.000원)
G36: 1점부터 2000원
B37: 올카바 상 | I37: 초구가터벌금1회1000원 | K37: 광 박 1회 2000원
B41: 팀 전
B42: =$B4 -> 0 | C42: =IF($T$2=0,$C4,$I4) -> 0 | D42: =IF($T$2=0,$D4,$J4) -> 0 | E42: =IF($T$2=0,$E4,$K4) -> 0 | F42: =E48+D48+C48 -> 0 | H42: =$B10 -> 0 | I42: =IF($T$2=0,$C10,$I10) -> 0 | J42: =IF($T$2=0,$D10,$J10) -> 0 | K42: =IF($T$2=0,$E10,$K10) -> 0 | L42: =K48+J48+I48 -> 0
B43: =$B5 -> 0 | C43: =IF($T$2=0,$C5,$I5) -> 0 | D43: =IF($T$2=0,$D5,$J5) -> 0 | E43: =IF($T$2=0,$E5,$K5) -> 0 | H43: =$B11 -> 0 | I43: =IF($T$2=0,$C11,$I11) -> 0 | J43: =IF($T$2=0,$D11,$J11) -> 0 | K43: =IF($T$2=0,$E11,$K11) -> 0
B44: =$B6 -> 0 | C44: =IF($T$2=0,$C6,$I6) -> 0 | D44: =IF($T$2=0,$D6,$J6) -> 0 | E44: =IF($T$2=0,$E6,$K6) -> 0 | H44: =$B12 -> 0 | I44: =IF($T$2=0,$C12,$I12) -> 0 | J44: =IF($T$2=0,$D12,$J12) -> 0 | K44: =IF($T$2=0,$E12,$K12) -> 0
B45: =$B7 -> 0 | C45: =IF($T$2=0,$C7,$I7) -> 0 | D45: =IF($T$2=0,$D7,$J7) -> 0 | E45: =IF($T$2=0,$E7,$K7) -> 0 | H45: =$B13 -> 0 | I45: =IF($T$2=0,$C13,$I13) -> 0 | J45: =IF($T$2=0,$D13,$J13) -> 0 | K45: =IF($T$2=0,$E13,$K13) -> 0
B46: =$B8 -> 0 | C46: =IF($T$2=0,$C8,$I8) -> 0 | D46: =IF($T$2=0,$D8,$J8) -> 0 | E46: =IF($T$2=0,$E8,$K8) -> 0 | H46: =$B14 -> 0 | I46: =IF($T$2=0,$C14,$I14) -> 0 | J46: =IF($T$2=0,$D14,$J14) -> 0 | K46: =IF($T$2=0,$E14,$K14) -> 0
B47: =$B9 -> 0 | C47: =IF($T$2=0,$C9,$I9) -> 0 | D47: =IF($T$2=0,$D9,$J9) -> 0 | E47: =IF($T$2=0,$E9,$K9) -> 0 | H47: =$B15 -> 0 | I47: =IF($T$2=0,$C15,$I15) -> 0 | J47: =IF($T$2=0,$D15,$J15) -> 0 | K47: =IF($T$2=0,$E15,$K15) -> 0
C48: =SUM(C42:C47) -> 0 | D48: =SUM(D42:D47) -> 0 | E48: =SUM(E42:E47) -> 0 | I48: =SUM(I42:I47) -> 0 | J48: =SUM(J42:J47) -> 0 | K48: =SUM(K42:K47) -> 0
B50: =$B16 -> 0 | C50: =IF($T$2=0,$C16,$I16) -> 0 | D50: =IF($T$2=0,$D16,$J16) -> 0 | E50: =IF($T$2=0,$E16,$K16) -> 0 | F50: =E56+D56+C56 -> 0 | H50: =$B22 -> 0 | I50: =IF($T$2=0,$C22,$I22) -> 0 | J50: =IF($T$2=0,$D22,$J22) -> 0 | K50: =IF($T$2=0,$E22,$K22) -> 0 | L50: =K56+J56+I56 -> 0
B51: =$B17 -> 0 | C51: =IF($T$2=0,$C17,$I17) -> 0 | D51: =IF($T$2=0,$D17,$J17) -> 0 | E51: =IF($T$2=0,$E17,$K17) -> 0 | H51: =$B23 -> 0 | I51: =IF($T$2=0,$C23,$I23) -> 0 | J51: =IF($T$2=0,$D23,$J23) -> 0 | K51: =IF($T$2=0,$E23,$K23) -> 0
B52: =$B18 -> 0 | C52: =IF($T$2=0,$C18,$I18) -> 0 | D52: =IF($T$2=0,$D18,$J18) -> 0 | E52: =IF($T$2=0,$E18,$K18) -> 0 | H52: =$B24 -> 0 | I52: =IF($T$2=0,$C24,$I24) -> 0 | J52: =IF($T$2=0,$D24,$J24) -> 0 | K52: =IF($T$2=0,$E24,$K24) -> 0
B53: =$B19 -> 0 | C53: =IF($T$2=0,$C19,$I19) -> 0 | D53: =IF($T$2=0,$D19,$J19) -> 0 | E53: =IF($T$2=0,$E19,$K19) -> 0 | H53: =$B25 -> 0 | I53: =IF($T$2=0,$C25,$I25) -> 0 | J53: =IF($T$2=0,$D25,$J25) -> 0 | K53: =IF($T$2=0,$E25,$K25) -> 0
B54: =$B20 -> 0 | C54: =IF($T$2=0,$C20,$I20) -> 0 | D54: =IF($T$2=0,$D20,$J20) -> 0 | E54: =IF($T$2=0,$E20,$K20) -> 0 | H54: =$B26 -> 0 | I54: =IF($T$2=0,$C26,$I26) -> 0 | J54: =IF($T$2=0,$D26,$J26) -> 0 | K54: =IF($T$2=0,$E26,$K26) -> 0
B55: =$B21 -> 0 | C55: =IF($T$2=0,$C21,$I21) -> 0 | D55: =IF($T$2=0,$D21,$J21) -> 0 | E55: =IF($T$2=0,$E21,$K21) -> 0 | H55: =$B27 -> 0 | I55: =IF($T$2=0,$C27,$I27) -> 0 | J55: =IF($T$2=0,$D27,$J27) -> 0 | K55: =IF($T$2=0,$E27,$K27) -> 0
C56: =SUM(C50:C55) -> 0 | D56: =SUM(D50:D55) -> 0 | E56: =SUM(E50:E55) -> 0 | I56: =SUM(I50:I55) -> 0 | J56: =SUM(J50:J55) -> 0 | K56: =SUM(K50:K55) -> 0
B58: =$B28 -> 0 | C58: =IF($T$2=0,$C28,$I28) -> 0 | D58: =IF($T$2=0,$D28,$J28) -> 0 | E58: =IF($T$2=0,$E28,$K28) -> 0 | F58: =E64+D64+C64 -> 0
B59: =$B29 -> 0 | C59: =IF($T$2=0,$C29,$I29) -> 0 | D59: =IF($T$2=0,$D29,$J29) -> 0 | E59: =IF($T$2=0,$E29,$K29) -> 0
B60: =$B30 -> 0 | C60: =IF($T$2=0,$C30,$I30) -> 0 | D60: =IF($T$2=0,$D30,$J30) -> 0 | E60: =IF($T$2=0,$E30,$K30) -> 0
B61: =$B31 -> 0 | C61: =IF($T$2=0,$C31,$I31) -> 0 | D61: =IF($T$2=0,$D31,$J31) -> 0 | E61: =IF($T$2=0,$E31,$K31) -> 0
B62: =$B32 -> 0 | C62: =IF($T$2=0,$C32,$I32) -> 0 | D62: =IF($T$2=0,$D32,$J32) -> 0 | E62: =IF($T$2=0,$E32,$K32) -> 0
B63: =$B33 -> 0 | C63: =IF($T$2=0,$C33,$I33) -> 0 | D63: =IF($T$2=0,$D33,$J33) -> 0 | E63: =IF($T$2=0,$E33,$K33) -> 0
C64: =SUM(C58:C63) -> 0 | D64: =SUM(D58:D63) -> 0 | E64: =SUM(E58:E63) -> 0
A68: =A1 -> 2026 아르케 존 00회 정기 모임 점수
K69: 날짜 | L69: =L2 -> 46113
B70: 이 름 | C70: 1 G | D70: 2 G | E70: 3 G | F70: 합 계 | G70: 에 버 | H70: 기본에버 | I70: 1 G | J70: 2 G | K70: 3 G | L70: 합 계 | M70: 오 차
A71: 1 | B71: {=INDEX($B$4:$M$33,MATCH($A71,$U$4:$U$33,0),COLUMN(A$1))} -> 0 | C71: {=INDEX($B$4:$M$33,MATCH($A71,$U$4:$U$33,0),COLUMN(B$1))} -> 0 | D71: {=INDEX($B$4:$M$33,MATCH($A71,$U$4:$U$33,0),COLUMN(C$1))} -> 0 | E71: {=INDEX($B$4:$M$33,MATCH($A71,$U$4:$U$33,0),COLUMN(D$1))} -> 0 | F71: =SUM(C71:E71) -> 0 | G71: =F71/3 -> 0 | H71: {=IF(B71="","",IFERROR(INDEX('회원명단 및 기준에버'!D:G,MATCH(B71,'회원명단 및 기준에버'!$C:$C,0),CHOOSE(INT((MONTH($L$2)-1)/3)+1,1,2,3,4)),""))} | I71: =IFERROR(C71+-H71,0) -> 0 | J71: =IFERROR(D71+-H71,0) -> 0 | K71: =IFERROR(E71+-H71,0) -> 0 | L71: =SUM(I71:K71) -> 0 | M71: =IFERROR(G71+-H71,0) -> 0
A72: 2 | B72: {=INDEX($B$4:$M$33,MATCH($A72,$U$4:$U$33,0),COLUMN(A$1))} -> 0 | C72: {=INDEX($B$4:$M$33,MATCH($A72,$U$4:$U$33,0),COLUMN(B$1))} -> 0 | D72: {=INDEX($B$4:$M$33,MATCH($A72,$U$4:$U$33,0),COLUMN(C$1))} -> 0 | E72: {=INDEX($B$4:$M$33,MATCH($A72,$U$4:$U$33,0),COLUMN(D$1))} -> 0 | F72: =SUM(C72:E72) -> 0 | G72: =F72/3 -> 0 | H72: {=IF(B72="","",IFERROR(INDEX('회원명단 및 기준에버'!D:G,MATCH(B72,'회원명단 및 기준에버'!$C:$C,0),CHOOSE(INT((MONTH($L$2)-1)/3)+1,1,2,3,4)),""))} | I72: =IFERROR(C72+-H72,0) -> 0 | J72: =IFERROR(D72+-H72,0) -> 0 | K72: =IFERROR(E72+-H72,0) -> 0 | L72: =SUM(I72:K72) -> 0 | M72: =IFERROR(G72+-H72,0) -> 0
A73: 3 | B73: {=INDEX($B$4:$M$33,MATCH($A73,$U$4:$U$33,0),COLUMN(A$1))} -> 0 | C73: {=INDEX($B$4:$M$33,MATCH($A73,$U$4:$U$33,0),COLUMN(B$1))} -> 0 | D73: {=INDEX($B$4:$M$33,MATCH($A73,$U$4:$U$33,0),COLUMN(C$1))} -> 0 | E73: {=INDEX($B$4:$M$33,MATCH($A73,$U$4:$U$33,0),COLUMN(D$1))} -> 0 | F73: =SUM(C73:E73) -> 0 | G73: =F73/3 -> 0 | H73: {=IF(B73="","",IFERROR(INDEX('회원명단 및 기준에버'!D:G,MATCH(B73,'회원명단 및 기준에버'!$C:$C,0),CHOOSE(INT((MONTH($L$2)-1)/3)+1,1,2,3,4)),""))} | I73: =IFERROR(C73+-H73,0) -> 0 | J73: =IFERROR(D73+-H73,0) -> 0 | K73: =IFERROR(E73+-H73,0) -> 0 | L73: =SUM(I73:K73) -> 0 | M73: =IFERROR(G73+-H73,0) -> 0
A74: 4 | B74: {=INDEX($B$4:$M$33,MATCH($A74,$U$4:$U$33,0),COLUMN(A$1))} -> 0 | C74: {=INDEX($B$4:$M$33,MATCH($A74,$U$4:$U$33,0),COLUMN(B$1))} -> 0 | D74: {=INDEX($B$4:$M$33,MATCH($A74,$U$4:$U$33,0),COLUMN(C$1))} -> 0 | E74: {=INDEX($B$4:$M$33,MATCH($A74,$U$4:$U$33,0),COLUMN(D$1))} -> 0 | F74: =SUM(C74:E74) -> 0 | G74: =F74/3 -> 0 | H74: {=IF(B74="","",IFERROR(INDEX('회원명단 및 기준에버'!D:G,MATCH(B74,'회원명단 및 기준에버'!$C:$C,0),CHOOSE(INT((MONTH($L$2)-1)/3)+1,1,2,3,4)),""))} | I74: =IFERROR(C74+-H74,0) -> 0 | J74: =IFERROR(D74+-H74,0) -> 0 | K74: =IFERROR(E74+-H74,0) -> 0 | L74: =SUM(I74:K74) -> 0 | M74: =IFERROR(G74+-H74,0) -> 0
A75: 5 | B75: {=INDEX($B$4:$M$33,MATCH($A75,$U$4:$U$33,0),COLUMN(A$1))} -> 0 | C75: {=INDEX($B$4:$M$33,MATCH($A75,$U$4:$U$33,0),COLUMN(B$1))} -> 0 | D75: {=INDEX($B$4:$M$33,MATCH($A75,$U$4:$U$33,0),COLUMN(C$1))} -> 0 | E75: {=INDEX($B$4:$M$33,MATCH($A75,$U$4:$U$33,0),COLUMN(D$1))} -> 0 | F75: =SUM(C75:E75) -> 0 | G75: =F75/3 -> 0 | H75: {=IF(B75="","",IFERROR(INDEX('회원명단 및 기준에버'!D:G,MATCH(B75,'회원명단 및 기준에버'!$C:$C,0),CHOOSE(INT((MONTH($L$2)-1)/3)+1,1,2,3,4)),""))} | I75: =IFERROR(C75+-H75,0) -> 0 | J75: =IFERROR(D75+-H75,0) -> 0 | K75: =IFERROR(E75+-H75,0) -> 0 | L75: =SUM(I75:K75) -> 0 | M75: =IFERROR(G75+-H75,0) -> 0
A76: 6 | B76: {=INDEX($B$4:$M$33,MATCH($A76,$U$4:$U$33,0),COLUMN(A$1))} -> 0 | C76: {=INDEX($B$4:$M$33,MATCH($A76,$U$4:$U$33,0),COLUMN(B$1))} -> 0 | D76: {=INDEX($B$4:$M$33,MATCH($A76,$U$4:$U$33,0),COLUMN(C$1))} -> 0 | E76: {=INDEX($B$4:$M$33,MATCH($A76,$U$4:$U$33,0),COLUMN(D$1))} -> 0 | F76: =SUM(C76:E76) -> 0 | G76: =F76/3 -> 0 | H76: {=IF(B76="","",IFERROR(INDEX('회원명단 및 기준에버'!D:G,MATCH(B76,'회원명단 및 기준에버'!$C:$C,0),CHOOSE(INT((MONTH($L$2)-1)/3)+1,1,2,3,4)),""))} | I76: =IFERROR(C76+-H76,0) -> 0 | J76: =IFERROR(D76+-H76,0) -> 0 | K76: =IFERROR(E76+-H76,0) -> 0 | L76: =SUM(I76:K76) -> 0 | M76: =IFERROR(G76+-H76,0) -> 0
A77: 7 | B77: {=INDEX($B$4:$M$33,MATCH($A77,$U$4:$U$33,0),COLUMN(A$1))} -> 0 | C77: {=INDEX($B$4:$M$33,MATCH($A77,$U$4:$U$33,0),COLUMN(B$1))} -> 0 | D77: {=INDEX($B$4:$M$33,MATCH($A77,$U$4:$U$33,0),COLUMN(C$1))} -> 0 | E77: {=INDEX($B$4:$M$33,MATCH($A77,$U$4:$U$33,0),COLUMN(D$1))} -> 0 | F77: =SUM(C77:E77) -> 0 | G77: =F77/3 -> 0 | H77: {=IF(B77="","",IFERROR(INDEX('회원명단 및 기준에버'!D:G,MATCH(B77,'회원명단 및 기준에버'!$C:$C,0),CHOOSE(INT((MONTH($L$2)-1)/3)+1,1,2,3,4)),""))} | I77: =IFERROR(C77+-H77,0) -> 0 | J77: =IFERROR(D77+-H77,0) -> 0 | K77: =IFERROR(E77+-H77,0) -> 0 | L77: =SUM(I77:K77) -> 0 | M77: =IFERROR(G77+-H77,0) -> 0
A78: 8 | B78: {=INDEX($B$4:$M$33,MATCH($A78,$U$4:$U$33,0),COLUMN(A$1))} -> 0 | C78: {=INDEX($B$4:$M$33,MATCH($A78,$U$4:$U$33,0),COLUMN(B$1))} -> 0 | D78: {=INDEX($B$4:$M$33,MATCH($A78,$U$4:$U$33,0),COLUMN(C$1))} -> 0 | E78: {=INDEX($B$4:$M$33,MATCH($A78,$U$4:$U$33,0),COLUMN(D$1))} -> 0 | F78: =SUM(C78:E78) -> 0 | G78: =F78/3 -> 0 | H78: {=IF(B78="","",IFERROR(INDEX('회원명단 및 기준에버'!D:G,MATCH(B78,'회원명단 및 기준에버'!$C:$C,0),CHOOSE(INT((MONTH($L$2)-1)/3)+1,1,2,3,4)),""))} | I78: =IFERROR(C78+-H78,0) -> 0 | J78: =IFERROR(D78+-H78,0) -> 0 | K78: =IFERROR(E78+-H78,0) -> 0 | L78: =SUM(I78:K78) -> 0 | M78: =IFERROR(G78+-H78,0) -> 0
A79: 9 | B79: {=INDEX($B$4:$M$33,MATCH($A79,$U$4:$U$33,0),COLUMN(A$1))} -> 0 | C79: {=INDEX($B$4:$M$33,MATCH($A79,$U$4:$U$33,0),COLUMN(B$1))} -> 0 | D79: {=INDEX($B$4:$M$33,MATCH($A79,$U$4:$U$33,0),COLUMN(C$1))} -> 0 | E79: {=INDEX($B$4:$M$33,MATCH($A79,$U$4:$U$33,0),COLUMN(D$1))} -> 0 | F79: =SUM(C79:E79) -> 0 | G79: =F79/3 -> 0 | H79: {=IF(B79="","",IFERROR(INDEX('회원명단 및 기준에버'!D:G,MATCH(B79,'회원명단 및 기준에버'!$C:$C,0),CHOOSE(INT((MONTH($L$2)-1)/3)+1,1,2,3,4)),""))} | I79: =IFERROR(C79+-H79,0) -> 0 | J79: =IFERROR(D79+-H79,0) -> 0 | K79: =IFERROR(E79+-H79,0) -> 0 | L79: =SUM(I79:K79) -> 0 | M79: =IFERROR(G79+-H79,0) -> 0
A80: 10 | B80: {=INDEX($B$4:$M$33,MATCH($A80,$U$4:$U$33,0),COLUMN(A$1))} -> 0 | C80: {=INDEX($B$4:$M$33,MATCH($A80,$U$4:$U$33,0),COLUMN(B$1))} -> 0 | D80: {=INDEX($B$4:$M$33,MATCH($A80,$U$4:$U$33,0),COLUMN(C$1))} -> 0 | E80: {=INDEX($B$4:$M$33,MATCH($A80,$U$4:$U$33,0),COLUMN(D$1))} -> 0 | F80: =SUM(C80:E80) -> 0 | G80: =F80/3 -> 0 | H80: {=IF(B80="","",IFERROR(INDEX('회원명단 및 기준에버'!D:G,MATCH(B80,'회원명단 및 기준에버'!$C:$C,0),CHOOSE(INT((MONTH($L$2)-1)/3)+1,1,2,3,4)),""))} | I80: =IFERROR(C80+-H80,0) -> 0 | J80: =IFERROR(D80+-H80,0) -> 0 | K80: =IFERROR(E80+-H80,0) -> 0 | L80: =SUM(I80:K80) -> 0 | M80: =IFERROR(G80+-H80,0) -> 0
A81: 11 | B81: {=INDEX($B$4:$M$33,MATCH($A81,$U$4:$U$33,0),COLUMN(A$1))} -> 0 | C81: {=INDEX($B$4:$M$33,MATCH($A81,$U$4:$U$33,0),COLUMN(B$1))} -> 0 | D81: {=INDEX($B$4:$M$33,MATCH($A81,$U$4:$U$33,0),COLUMN(C$1))} -> 0 | E81: {=INDEX($B$4:$M$33,MATCH($A81,$U$4:$U$33,0),COLUMN(D$1))} -> 0 | F81: =SUM(C81:E81) -> 0 | G81: =F81/3 -> 0 | H81: {=IF(B81="","",IFERROR(INDEX('회원명단 및 기준에버'!D:G,MATCH(B81,'회원명단 및 기준에버'!$C:$C,0),CHOOSE(INT((MONTH($L$2)-1)/3)+1,1,2,3,4)),""))} | I81: =IFERROR(C81+-H81,0) -> 0 | J81: =IFERROR(D81+-H81,0) -> 0 | K81: =IFERROR(E81+-H81,0) -> 0 | L81: =SUM(I81:K81) -> 0 | M81: =IFERROR(G81+-H81,0) -> 0
A82: 12 | B82: {=INDEX($B$4:$M$33,MATCH($A82,$U$4:$U$33,0),COLUMN(A$1))} -> 0 | C82: {=INDEX($B$4:$M$33,MATCH($A82,$U$4:$U$33,0),COLUMN(B$1))} -> 0 | D82: {=INDEX($B$4:$M$33,MATCH($A82,$U$4:$U$33,0),COLUMN(C$1))} -> 0 | E82: {=INDEX($B$4:$M$33,MATCH($A82,$U$4:$U$33,0),COLUMN(D$1))} -> 0 | F82: =SUM(C82:E82) -> 0 | G82: =F82/3 -> 0 | H82: {=IF(B82="","",IFERROR(INDEX('회원명단 및 기준에버'!D:G,MATCH(B82,'회원명단 및 기준에버'!$C:$C,0),CHOOSE(INT((MONTH($L$2)-1)/3)+1,1,2,3,4)),""))} | I82: =IFERROR(C82+-H82,0) -> 0 | J82: =IFERROR(D82+-H82,0) -> 0 | K82: =IFERROR(E82+-H82,0) -> 0 | L82: =SUM(I82:K82) -> 0 | M82: =IFERROR(G82+-H82,0) -> 0
... A100: 30 | B100: {=INDEX($B$4:$M$33,MATCH($A100,$U$4:$U$33,0),COLUMN(A$1))} -> 0 | C100: {=INDEX($B$4:$M$33,MATCH($A100,$U$4:$U$33,0),COLUMN(B$1))} -> 0 | D100: {=INDEX($B$4:$M$33,MATCH($A100,$U$4:$U$33,0),COLUMN(C$1))} -> 0 | E100: {=INDEX($B$4:$M$33,MATCH($A100,$U$4:$U$33,0),COLUMN(D$1))} -> 0 | F100: =SUM(C100:E100) -> 0 | G100: =F100/3 -> 0 | H100: {=IF(B100="","",IFERROR(INDEX('회원명단 및 기준에버'!D:G,MATCH(B100,'회원명단 및 기준에버'!$C:$C,0),CHOOSE(INT((MONTH($L$2)-1)/3)+1,1,2,3,4)),""))} | I100: =IFERROR(C100+-H100,0) -> 0 | J100: =IFERROR(D100+-H100,0) -> 0 | K100: =IFERROR(E100+-H100,0) -> 0 | L100: =SUM(I100:K100) -> 0 | M100: =IFERROR(G100+-H100,0) -> 0
B101: 시 상 및 벌 금
B102: 에버상승상 남+20점,여+10점 이상 상위1명 | F102: 에버벌금 | G102: 정기전 만 해당 함 | J102: 유니품 벌금
B103: =IF(B36="","",B36) | C103: =IF(C36="","",C36) | D103: =IF(D36="","",D36) | E103: =IF(E36="","",E36) | G103: 1점부터 2000원 | J103: =IF(J36="","",J36) | K103: =IF(K36="","",K36) | L103: =IF(L36="","",L36) | M103: =IF(M36="","",M36)
B104: 올카바 상 | I104: 초구가터벌금1회1000원 | K104: 광 박 1회 2000원
B105: =IF(B38="","",B38) | C105: =IF(C38="","",C38) | D105: =IF(D38="","",D38) | E105: =IF(E38="","",E38) | F105: =IF(F38="","",F38) | G105: =IF(G38="","",G38) | I105: =IF(I38="","",I38) | J105: =IF(J38="","",J38) | K105: =IF(K38="","",K38) | L105: =IF(L38="","",L38) | M105: =IF(M38="","",M38)
B106: =IF(B39="","",B39) | C106: =IF(C39="","",C39) | D106: =IF(D39="","",D39) | E106: =IF(E39="","",E39) | F106: =IF(F39="","",F39) | G106: =IF(G39="","",G39) | I106: =IF(I39="","",I39) | J106: =IF(J39="","",J39) | K106: =IF(K39="","",K39) | L106: =IF(L39="","",L39) | M106: =IF(M39="","",M39)
B107: =IF(B40="","",B40) | C107: =IF(C40="","",C40) | D107: =IF(D40="","",D40) | E107: =IF(E40="","",E40) | F107: =IF(F40="","",F40) | G107: =IF(G40="","",G40) | I107: =IF(I40="","",I40) | J107: =IF(J40="","",J40) | K107: =IF(K40="","",K40) | L107: =IF(L40="","",L40) | M107: =IF(M40="","",M40)
B108: 팀 전
B109: =IF(B42="","",B42) -> 0 | C109: =IF(C42="","",C42) -> 0 | D109: =IF(D42="","",D42) -> 0 | E109: =IF(E42="","",E42) -> 0 | F109: =IF(F42="","",F42) -> 0 | H109: =IF(H42="","",H42) -> 0 | I109: =IF(I42="","",I42) -> 0 | J109: =IF(J42="","",J42) -> 0 | K109: =IF(K42="","",K42) -> 0 | L109: =IF(L42="","",L42) -> 0
B110: =IF(B43="","",B43) -> 0 | C110: =IF(C43="","",C43) -> 0 | D110: =IF(D43="","",D43) -> 0 | E110: =IF(E43="","",E43) -> 0 | F110: =IF(F43="","",F43) | H110: =IF(H43="","",H43) -> 0 | I110: =IF(I43="","",I43) -> 0 | J110: =IF(J43="","",J43) -> 0 | K110: =IF(K43="","",K43) -> 0 | L110: =IF(L43="","",L43)
B111: =IF(B44="","",B44) -> 0 | C111: =IF(C44="","",C44) -> 0 | D111: =IF(D44="","",D44) -> 0 | E111: =IF(E44="","",E44) -> 0 | F111: =IF(F44="","",F44) | H111: =IF(H44="","",H44) -> 0 | I111: =IF(I44="","",I44) -> 0 | J111: =IF(J44="","",J44) -> 0 | K111: =IF(K44="","",K44) -> 0 | L111: =IF(L44="","",L44)
B112: =IF(B45="","",B45) -> 0 | C112: =IF(C45="","",C45) -> 0 | D112: =IF(D45="","",D45) -> 0 | E112: =IF(E45="","",E45) -> 0 | F112: =IF(F45="","",F45) | H112: =IF(H45="","",H45) -> 0 | I112: =IF(I45="","",I45) -> 0 | J112: =IF(J45="","",J45) -> 0 | K112: =IF(K45="","",K45) -> 0 | L112: =IF(L45="","",L45)
B113: =IF(B46="","",B46) -> 0 | C113: =IF(C46="","",C46) -> 0 | D113: =IF(D46="","",D46) -> 0 | E113: =IF(E46="","",E46) -> 0 | F113: =IF(F46="","",F46) | H113: =IF(H46="","",H46) -> 0 | I113: =IF(I46="","",I46) -> 0 | J113: =IF(J46="","",J46) -> 0 | K113: =IF(K46="","",K46) -> 0 | L113: =IF(L46="","",L46)
B114: =IF(B47="","",B47) -> 0 | C114: =IF(C47="","",C47) -> 0 | D114: =IF(D47="","",D47) -> 0 | E114: =IF(E47="","",E47) -> 0 | F114: =IF(F47="","",F47) | H114: =IF(H47="","",H47) -> 0 | I114: =IF(I47="","",I47) -> 0 | J114: =IF(J47="","",J47) -> 0 | K114: =IF(K47="","",K47) -> 0 | L114: =IF(L47="","",L47)
B115: =IF(B48="","",B48) | C115: =IF(C48="","",C48) -> 0 | D115: =IF(D48="","",D48) -> 0 | E115: =IF(E48="","",E48) -> 0 | F115: =IF(F48="","",F48) | H115: =IF(H48="","",H48) | I115: =IF(I48="","",I48) -> 0 | J115: =IF(J48="","",J48) -> 0 | K115: =IF(K48="","",K48) -> 0 | L115: =IF(L48="","",L48)
B117: =IF(B50="","",B50) -> 0 | C117: =IF(C50="","",C50) -> 0 | D117: =IF(D50="","",D50) -> 0 | E117: =IF(E50="","",E50) -> 0 | F117: =IF(F50="","",F50) -> 0 | G117: =IF(G50="","",G50) | H117: =IF(H50="","",H50) -> 0 | I117: =IF(I50="","",I50) -> 0 | ... M117: =IF(M50="","",M50)
B118: =IF(B51="","",B51) -> 0 | C118: =IF(C51="","",C51) -> 0 | D118: =IF(D51="","",D51) -> 0 | E118: =IF(E51="","",E51) -> 0 | F118: =IF(F51="","",F51) | G118: =IF(G51="","",G51) | H118: =IF(H51="","",H51) -> 0 | I118: =IF(I51="","",I51) -> 0 | ... M118: =IF(M51="","",M51)
B119: =IF(B52="","",B52) -> 0 | C119: =IF(C52="","",C52) -> 0 | D119: =IF(D52="","",D52) -> 0 | E119: =IF(E52="","",E52) -> 0 | F119: =IF(F52="","",F52) | G119: =IF(G52="","",G52) | H119: =IF(H52="","",H52) -> 0 | I119: =IF(I52="","",I52) -> 0 | ... M119: =IF(M52="","",M52)
B120: =IF(B53="","",B53) -> 0 | C120: =IF(C53="","",C53) -> 0 | D120: =IF(D53="","",D53) -> 0 | E120: =IF(E53="","",E53) -> 0 | F120: =IF(F53="","",F53) | G120: =IF(G53="","",G53) | H120: =IF(H53="","",H53) -> 0 | I120: =IF(I53="","",I53) -> 0 | ... M120: =IF(M53="","",M53)
B121: =IF(B54="","",B54) -> 0 | C121: =IF(C54="","",C54) -> 0 | D121: =IF(D54="","",D54) -> 0 | E121: =IF(E54="","",E54) -> 0 | F121: =IF(F54="","",F54) | G121: =IF(G54="","",G54) | H121: =IF(H54="","",H54) -> 0 | I121: =IF(I54="","",I54) -> 0 | ... M121: =IF(M54="","",M54)
B122: =IF(B55="","",B55) -> 0 | C122: =IF(C55="","",C55) -> 0 | D122: =IF(D55="","",D55) -> 0 | E122: =IF(E55="","",E55) -> 0 | F122: =IF(F55="","",F55) | G122: =IF(G55="","",G55) | H122: =IF(H55="","",H55) -> 0 | I122: =IF(I55="","",I55) -> 0 | ... M122: =IF(M55="","",M55)
B123: =IF(B56="","",B56) | C123: =IF(C56="","",C56) -> 0 | D123: =IF(D56="","",D56) -> 0 | E123: =IF(E56="","",E56) -> 0 | F123: =IF(F56="","",F56) | G123: =IF(G56="","",G56) | H123: =IF(H56="","",H56) | I123: =IF(I56="","",I56) -> 0 | ... M123: =IF(M56="","",M56)
B125: =IF(B58="","",B58) -> 0 | C125: =IF(C58="","",C58) -> 0 | D125: =IF(D58="","",D58) -> 0 | E125: =IF(E58="","",E58) -> 0 | F125: =IF(F58="","",F58) -> 0 | G125: =IF(G58="","",G58)
B126: =IF(B59="","",B59) -> 0 | C126: =IF(C59="","",C59) -> 0 | D126: =IF(D59="","",D59) -> 0 | E126: =IF(E59="","",E59) -> 0 | F126: =IF(F59="","",F59) | G126: =IF(G59="","",G59)
B127: =IF(B60="","",B60) -> 0 | C127: =IF(C60="","",C60) -> 0 | D127: =IF(D60="","",D60) -> 0 | E127: =IF(E60="","",E60) -> 0 | F127: =IF(F60="","",F60) | G127: =IF(G60="","",G60)
B128: =IF(B61="","",B61) -> 0 | C128: =IF(C61="","",C61) -> 0 | D128: =IF(D61="","",D61) -> 0 | E128: =IF(E61="","",E61) -> 0 | F128: =IF(F61="","",F61) | G128: =IF(G61="","",G61)
B129: =IF(B62="","",B62) -> 0 | C129: =IF(C62="","",C62) -> 0 | D129: =IF(D62="","",D62) -> 0 | E129: =IF(E62="","",E62) -> 0 | F129: =IF(F62="","",F62) | G129: =IF(G62="","",G62)
B130: =IF(B63="","",B63) -> 0 | C130: =IF(C63="","",C63) -> 0 | D130: =IF(D63="","",D63) -> 0 | E130: =IF(E63="","",E63) -> 0 | F130: =IF(F63="","",F63) | G130: =IF(G63="","",G63)
B131: =IF(B64="","",B64) | C131: =IF(C64="","",C64) -> 0 | D131: =IF(D64="","",D64) -> 0 | E131: =IF(E64="","",E64) -> 0 | F131: =IF(F64="","",F64) | G131: =IF(G64="","",G64)

Sheet 00회정모 5인팀
A1: 2026 아르케 존 00회 정기 모임 점수
K2: 날짜 | L2: 46113 | S2: 팀전에버기준 | T2: 0 | U2: 순위에버오차기준 | V2: 0
B3: 이 름 | C3: 1 G | D3: 2 G | E3: 3 G | F3: 합 계 | G3: 에 버 | H3: 기본에버 | I3: 1 G | J3: 2 G | K3: 3 G | L3: 합 계 | M3: 오 차 | S3: 수식입력부분 삭제하지마세요~
A4: 1 | F4: =SUM(C4:E4) -> 0 | G4: =F4/3 -> 0 | H4: {=IF(B4="","",IFERROR(INDEX('회원명단 및 기준에버'!D:G,MATCH(B4,'회원명단 및 기준에버'!$C:$C,0),CHOOSE(INT((MONTH($L$2)-1)/3)+1,1,2,3,4)),""))} | I4: =IFERROR(C4+-H4,0) -> 0 | J4: =IFERROR(D4+-H4,0) -> 0 | K4: =IFERROR(E4+-H4,0) -> 0 | L4: =SUM(I4:K4) -> 0 | M4: =IFERROR(G4+-H4,0) -> 0 | S4: =MAX(C4:E4)-MIN(C4:E4) -> 0 | T4: =IF($B4="",-999999999+A4,IF($V$2=0,(F4*10000+S4*1000+A4),(M4*10000+S4*10+A4))) -> -999999998 | U4: =_xlfn.RANK.EQ(T4,$T$4:$T$33,0) -> 30
A5: 2 | F5: =SUM(C5:E5) -> 0 | G5: =F5/3 -> 0 | H5: {=IF(B5="","",IFERROR(INDEX('회원명단 및 기준에버'!D:G,MATCH(B5,'회원명단 및 기준에버'!$C:$C,0),CHOOSE(INT((MONTH($L$2)-1)/3)+1,1,2,3,4)),""))} | I5: =IFERROR(C5+-H5,0) -> 0 | J5: =IFERROR(D5+-H5,0) -> 0 | K5: =IFERROR(E5+-H5,0) -> 0 | L5: =SUM(I5:K5) -> 0 | M5: =IFERROR(G5+-H5,0) -> 0 | S5: =MAX(C5:E5)-MIN(C5:E5) -> 0 | T5: =IF($B5="",-999999999+A5,IF($V$2=0,(F5*10000+S5*1000+A5),(M5*10000+S5*10+A5))) -> -999999997 | U5: =_xlfn.RANK.EQ(T5,$T$4:$T$33,0) -> 29
A6: 3 | F6: =SUM(C6:E6) -> 0 | G6: =F6/3 -> 0 | H6: {=IF(B6="","",IFERROR(INDEX('회원명단 및 기준에버'!D:G,MATCH(B6,'회원명단 및 기준에버'!$C:$C,0),CHOOSE(INT((MONTH($L$2)-1)/3)+1,1,2,3,4)),""))} | I6: =IFERROR(C6+-H6,0) -> 0 | J6: =IFERROR(D6+-H6,0) -> 0 | K6: =IFERROR(E6+-H6,0) -> 0 | L6: =SUM(I6:K6) -> 0 | M6: =IFERROR(G6+-H6,0) -> 0 | S6: =MAX(C6:E6)-MIN(C6:E6) -> 0 | T6: =IF($B6="",-999999999+A6,IF($V$2=0,(F6*10000+S6*1000+A6),(M6*10000+S6*10+A6))) -> -999999996 | U6: =_xlfn.RANK.EQ(T6,$T$4:$T$33,0) -> 28
A7: 4 | F7: =SUM(C7:E7) -> 0 | G7: =F7/3 -> 0 | H7: {=IF(B7="","",IFERROR(INDEX('회원명단 및 기준에버'!D:G,MATCH(B7,'회원명단 및 기준에버'!$C:$C,0),CHOOSE(INT((MONTH($L$2)-1)/3)+1,1,2,3,4)),""))} | I7: =IFERROR(C7+-H7,0) -> 0 | J7: =IFERROR(D7+-H7,0) -> 0 | K7: =IFERROR(E7+-H7,0) -> 0 | L7: =SUM(I7:K7) -> 0 | M7: =IFERROR(G7+-H7,0) -> 0 | S7: =MAX(C7:E7)-MIN(C7:E7) -> 0 | T7: =IF($B7="",-999999999+A7,IF($V$2=0,(F7*10000+S7*1000+A7),(M7*10000+S7*10+A7))) -> -999999995 | U7: =_xlfn.RANK.EQ(T7,$T$4:$T$33,0) -> 27
A8: 5 | F8: =SUM(C8:E8) -> 0 | G8: =F8/3 -> 0 | H8: {=IF(B8="","",IFERROR(INDEX('회원명단 및 기준에버'!D:G,MATCH(B8,'회원명단 및 기준에버'!$C:$C,0),CHOOSE(INT((MONTH($L$2)-1)/3)+1,1,2,3,4)),""))} | I8: =IFERROR(C8+-H8,0) -> 0 | J8: =IFERROR(D8+-H8,0) -> 0 | K8: =IFERROR(E8+-H8,0) -> 0 | L8: =SUM(I8:K8) -> 0 | M8: =IFERROR(G8+-H8,0) -> 0 | S8: =MAX(C8:E8)-MIN(C8:E8) -> 0 | T8: =IF($B8="",-999999999+A8,IF($V$2=0,(F8*10000+S8*1000+A8),(M8*10000+S8*10+A8))) -> -999999994 | U8: =_xlfn.RANK.EQ(T8,$T$4:$T$33,0) -> 26
A9: 6 | F9: =SUM(C9:E9) -> 0 | G9: =F9/3 -> 0 | H9: {=IF(B9="","",IFERROR(INDEX('회원명단 및 기준에버'!D:G,MATCH(B9,'회원명단 및 기준에버'!$C:$C,0),CHOOSE(INT((MONTH($L$2)-1)/3)+1,1,2,3,4)),""))} | I9: =IFERROR(C9+-H9,0) -> 0 | J9: =IFERROR(D9+-H9,0) -> 0 | K9: =IFERROR(E9+-H9,0) -> 0 | L9: =SUM(I9:K9) -> 0 | M9: =IFERROR(G9+-H9,0) -> 0 | S9: =MAX(C9:E9)-MIN(C9:E9) -> 0 | T9: =IF($B9="",-999999999+A9,IF($V$2=0,(F9*10000+S9*1000+A9),(M9*10000+S9*10+A9))) -> -999999993 | U9: =_xlfn.RANK.EQ(T9,$T$4:$T$33,0) -> 25
A10: 7 | F10: =SUM(C10:E10) -> 0 | G10: =F10/3 -> 0 | H10: {=IF(B10="","",IFERROR(INDEX('회원명단 및 기준에버'!D:G,MATCH(B10,'회원명단 및 기준에버'!$C:$C,0),CHOOSE(INT((MONTH($L$2)-1)/3)+1,1,2,3,4)),""))} | I10: =IFERROR(C10+-H10,0) -> 0 | J10: =IFERROR(D10+-H10,0) -> 0 | K10: =IFERROR(E10+-H10,0) -> 0 | L10: =SUM(I10:K10) -> 0 | M10: =IFERROR(G10+-H10,0) -> 0 | S10: =MAX(C10:E10)-MIN(C10:E10) -> 0 | T10: =IF($B10="",-999999999+A10,IF($V$2=0,(F10*10000+S10*1000+A10),(M10*10000+S10*10+A10))) -> -999999992 | U10: =_xlfn.RANK.EQ(T10,$T$4:$T$33,0) -> 24
A11: 8 | F11: =SUM(C11:E11) -> 0 | G11: =F11/3 -> 0 | H11: {=IF(B11="","",IFERROR(INDEX('회원명단 및 기준에버'!D:G,MATCH(B11,'회원명단 및 기준에버'!$C:$C,0),CHOOSE(INT((MONTH($L$2)-1)/3)+1,1,2,3,4)),""))} | I11: =IFERROR(C11+-H11,0) -> 0 | J11: =IFERROR(D11+-H11,0) -> 0 | K11: =IFERROR(E11+-H11,0) -> 0 | L11: =SUM(I11:K11) -> 0 | M11: =IFERROR(G11+-H11,0) -> 0 | S11: =MAX(C11:E11)-MIN(C11:E11) -> 0 | T11: =IF($B11="",-999999999+A11,IF($V$2=0,(F11*10000+S11*1000+A11),(M11*10000+S11*10+A11))) -> -999999991 | U11: =_xlfn.RANK.EQ(T11,$T$4:$T$33,0) -> 23
A12: 9 | F12: =SUM(C12:E12) -> 0 | G12: =F12/3 -> 0 | H12: {=IF(B12="","",IFERROR(INDEX('회원명단 및 기준에버'!D:G,MATCH(B12,'회원명단 및 기준에버'!$C:$C,0),CHOOSE(INT((MONTH($L$2)-1)/3)+1,1,2,3,4)),""))} | I12: =IFERROR(C12+-H12,0) -> 0 | J12: =IFERROR(D12+-H12,0) -> 0 | K12: =IFERROR(E12+-H12,0) -> 0 | L12: =SUM(I12:K12) -> 0 | M12: =IFERROR(G12+-H12,0) -> 0 | S12: =MAX(C12:E12)-MIN(C12:E12) -> 0 | T12: =IF($B12="",-999999999+A12,IF($V$2=0,(F12*10000+S12*1000+A12),(M12*10000+S12*10+A12))) -> -999999990 | U12: =_xlfn.RANK.EQ(T12,$T$4:$T$33,0) -> 22
A13: 10 | F13: =SUM(C13:E13) -> 0 | G13: =F13/3 -> 0 | H13: {=IF(B13="","",IFERROR(INDEX('회원명단 및 기준에버'!D:G,MATCH(B13,'회원명단 및 기준에버'!$C:$C,0),CHOOSE(INT((MONTH($L$2)-1)/3)+1,1,2,3,4)),""))} | I13: =IFERROR(C13+-H13,0) -> 0 | J13: =IFERROR(D13+-H13,0) -> 0 | K13: =IFERROR(E13+-H13,0) -> 0 | L13: =SUM(I13:K13) -> 0 | M13: =IFERROR(G13+-H13,0) -> 0 | S13: =MAX(C13:E13)-MIN(C13:E13) -> 0 | T13: =IF($B13="",-999999999+A13,IF($V$2=0,(F13*10000+S13*1000+A13),(M13*10000+S13*10+A13))) -> -999999989 | U13: =_xlfn.RANK.EQ(T13,$T$4:$T$33,0) -> 21
A14: 11 | F14: =SUM(C14:E14) -> 0 | G14: =F14/3 -> 0 | H14: {=IF(B14="","",IFERROR(INDEX('회원명단 및 기준에버'!D:G,MATCH(B14,'회원명단 및 기준에버'!$C:$C,0),CHOOSE(INT((MONTH($L$2)-1)/3)+1,1,2,3,4)),""))} | I14: =IFERROR(C14+-H14,0) -> 0 | J14: =IFERROR(D14+-H14,0) -> 0 | K14: =IFERROR(E14+-H14,0) -> 0 | L14: =SUM(I14:K14) -> 0 | M14: =IFERROR(G14+-H14,0) -> 0 | S14: =MAX(C14:E14)-MIN(C14:E14) -> 0 | T14: =IF($B14="",-999999999+A14,IF($V$2=0,(F14*10000+S14*1000+A14),(M14*10000+S14*10+A14))) -> -999999988 | U14: =_xlfn.RANK.EQ(T14,$T$4:$T$33,0) -> 20
A15: 12 | F15: =SUM(C15:E15) -> 0 | G15: =F15/3 -> 0 | H15: {=IF(B15="","",IFERROR(INDEX('회원명단 및 기준에버'!D:G,MATCH(B15,'회원명단 및 기준에버'!$C:$C,0),CHOOSE(INT((MONTH($L$2)-1)/3)+1,1,2,3,4)),""))} | I15: =IFERROR(C15+-H15,0) -> 0 | J15: =IFERROR(D15+-H15,0) -> 0 | K15: =IFERROR(E15+-H15,0) -> 0 | L15: =SUM(I15:K15) -> 0 | M15: =IFERROR(G15+-H15,0) -> 0 | S15: =MAX(C15:E15)-MIN(C15:E15) -> 0 | T15: =IF($B15="",-999999999+A15,IF($V$2=0,(F15*10000+S15*1000+A15),(M15*10000+S15*10+A15))) -> -999999987 | U15: =_xlfn.RANK.EQ(T15,$T$4:$T$33,0) -> 19
... A33: 30 | F33: =SUM(C33:E33) -> 0 | G33: =F33/3 -> 0 | H33: {=IF(B33="","",IFERROR(INDEX('회원명단 및 기준에버'!D:G,MATCH(B33,'회원명단 및 기준에버'!$C:$C,0),CHOOSE(INT((MONTH($L$2)-1)/3)+1,1,2,3,4)),""))} | I33: =IFERROR(C33+-H33,0) -> 0 | J33: =IFERROR(D33+-H33,0) -> 0 | K33: =IFERROR(E33+-H33,0) -> 0 | L33: =SUM(I33:K33) -> 0 | M33: =IFERROR(G33+-H33,0) -> 0 | S33: =MAX(C33:E33)-MIN(C33:E33) -> 0 | T33: =IF($B33="",-999999999+A33,IF($V$2=0,(F33*10000+S33*1000+A33),(M33*10000+S33*10+A33))) -> -999999969 | U33: =_xlfn.RANK.EQ(T33,$T$4:$T$33,0) -> 1
B34: 시 상 및 벌 금
B35: 에버상승상 남+20점,여+10점 이상 상위1명 | F35: 에버벌금 | G35: 정기전 만 해당 함 | J35: 유니품 벌금(3.000원)
G36: 1점부터 2000원
B37: 올카바 상 | I37: 초구가터벌금1회1000원 | K37: 광 박 1회 2000원
B41: 팀 전
B42: =$B4 -> 0 | C42: =IF($T$2=0,$C4,$I4) -> 0 | D42: =IF($T$2=0,$D4,$J4) -> 0 | E42: =IF($T$2=0,$E4,$K4) -> 0 | F42: =E47+D47+C47 -> 0 | H42: =$B9 -> 0 | I42: =IF($T$2=0,$C9,$I9) -> 0 | J42: =IF($T$2=0,$D9,$J9) -> 0 | K42: =IF($T$2=0,$E9,$K9) -> 0 | L42: =K47+J47+I47 -> 0
B43: =$B5 -> 0 | C43: =IF($T$2=0,$C5,$I5) -> 0 | D43: =IF($T$2=0,$D5,$J5) -> 0 | E43: =IF($T$2=0,$E5,$K5) -> 0 | H43: =$B10 -> 0 | I43: =IF($T$2=0,$C10,$I10) -> 0 | J43: =IF($T$2=0,$D10,$J10) -> 0 | K43: =IF($T$2=0,$E10,$K10) -> 0
B44: =$B6 -> 0 | C44: =IF($T$2=0,$C6,$I6) -> 0 | D44: =IF($T$2=0,$D6,$J6) -> 0 | E44: =IF($T$2=0,$E6,$K6) -> 0 | H44: =$B11 -> 0 | I44: =IF($T$2=0,$C11,$I11) -> 0 | J44: =IF($T$2=0,$D11,$J11) -> 0 | K44: =IF($T$2=0,$E11,$K11) -> 0
B45: =$B7 -> 0 | C45: =IF($T$2=0,$C7,$I7) -> 0 | D45: =IF($T$2=0,$D7,$J7) -> 0 | E45: =IF($T$2=0,$E7,$K7) -> 0 | H45: =$B12 -> 0 | I45: =IF($T$2=0,$C12,$I12) -> 0 | J45: =IF($T$2=0,$D12,$J12) -> 0 | K45: =IF($T$2=0,$E12,$K12) -> 0
B46: =$B8 -> 0 | C46: =IF($T$2=0,$C8,$I8) -> 0 | D46: =IF($T$2=0,$D8,$J8) -> 0 | E46: =IF($T$2=0,$E8,$K8) -> 0 | H46: =$B13 -> 0 | I46: =IF($T$2=0,$C13,$I13) -> 0 | J46: =IF($T$2=0,$D13,$J13) -> 0 | K46: =IF($T$2=0,$E13,$K13) -> 0
C47: =SUM(C42:C46) -> 0 | D47: =SUM(D42:D46) -> 0 | E47: =SUM(E42:E46) -> 0 | I47: =SUM(I42:I46) -> 0 | J47: =SUM(J42:J46) -> 0 | K47: =SUM(K42:K46) -> 0
B49: =$B14 -> 0 | C49: =IF($T$2=0,$C14,$I14) -> 0 | D49: =IF($T$2=0,$D14,$J14) -> 0 | E49: =IF($T$2=0,$E14,$K14) -> 0 | F49: =E54+D54+C54 -> 0 | H49: =$B19 -> 0 | I49: =IF($T$2=0,$C19,$I19) -> 0 | J49: =IF($T$2=0,$D19,$J19) -> 0 | K49: =IF($T$2=0,$E19,$K19) -> 0 | L49: =K54+J54+I54 -> 0
B50: =$B15 -> 0 | C50: =IF($T$2=0,$C15,$I15) -> 0 | D50: =IF($T$2=0,$D15,$J15) -> 0 | E50: =IF($T$2=0,$E15,$K15) -> 0 | H50: =$B20 -> 0 | I50: =IF($T$2=0,$C20,$I20) -> 0 | J50: =IF($T$2=0,$D20,$J20) -> 0 | K50: =IF($T$2=0,$E20,$K20) -> 0
B51: =$B16 -> 0 | C51: =IF($T$2=0,$C16,$I16) -> 0 | D51: =IF($T$2=0,$D16,$J16) -> 0 | E51: =IF($T$2=0,$E16,$K16) -> 0 | H51: =$B21 -> 0 | I51: =IF($T$2=0,$C21,$I21) -> 0 | J51: =IF($T$2=0,$D21,$J21) -> 0 | K51: =IF($T$2=0,$E21,$K21) -> 0
B52: =$B17 -> 0 | C52: =IF($T$2=0,$C17,$I17) -> 0 | D52: =IF($T$2=0,$D17,$J17) -> 0 | E52: =IF($T$2=0,$E17,$K17) -> 0 | H52: =$B22 -> 0 | I52: =IF($T$2=0,$C22,$I22) -> 0 | J52: =IF($T$2=0,$D22,$J22) -> 0 | K52: =IF($T$2=0,$E22,$K22) -> 0
B53: =$B18 -> 0 | C53: =IF($T$2=0,$C18,$I18) -> 0 | D53: =IF($T$2=0,$D18,$J18) -> 0 | E53: =IF($T$2=0,$E18,$K18) -> 0 | H53: =$B23 -> 0 | I53: =IF($T$2=0,$C23,$I23) -> 0 | J53: =IF($T$2=0,$D23,$J23) -> 0 | K53: =IF($T$2=0,$E23,$K23) -> 0
C54: =SUM(C49:C53) -> 0 | D54: =SUM(D49:D53) -> 0 | E54: =SUM(E49:E53) -> 0 | I54: =SUM(I49:I53) -> 0 | J54: =SUM(J49:J53) -> 0 | K54: =SUM(K49:K53) -> 0
B56: =$B24 -> 0 | C56: =IF($T$2=0,$C24,$I24) -> 0 | D56: =IF($T$2=0,$D24,$J24) -> 0 | E56: =IF($T$2=0,$E24,$K24) -> 0 | F56: =E61+D61+C61 -> 0 | H56: =$B29 -> 0 | I56: =IF($T$2=0,$C29,$I29) -> 0 | J56: =IF($T$2=0,$D29,$J29) -> 0 | K56: =IF($T$2=0,$E29,$K29) -> 0 | L56: =K61+J61+I61 -> 0
B57: =$B25 -> 0 | C57: =IF($T$2=0,$C25,$I25) -> 0 | D57: =IF($T$2=0,$D25,$J25) -> 0 | E57: =IF($T$2=0,$E25,$K25) -> 0 | H57: =$B30 -> 0 | I57: =IF($T$2=0,$C30,$I30) -> 0 | J57: =IF($T$2=0,$D30,$J30) -> 0 | K57: =IF($T$2=0,$E30,$K30) -> 0
B58: =$B26 -> 0 | C58: =IF($T$2=0,$C26,$I26) -> 0 | D58: =IF($T$2=0,$D26,$J26) -> 0 | E58: =IF($T$2=0,$E26,$K26) -> 0 | H58: =$B31 -> 0 | I58: =IF($T$2=0,$C31,$I31) -> 0 | J58: =IF($T$2=0,$D31,$J31) -> 0 | K58: =IF($T$2=0,$E31,$K31) -> 0
B59: =$B27 -> 0 | C59: =IF($T$2=0,$C27,$I27) -> 0 | D59: =IF($T$2=0,$D27,$J27) -> 0 | E59: =IF($T$2=0,$E27,$K27) -> 0 | H59: =$B32 -> 0 | I59: =IF($T$2=0,$C32,$I32) -> 0 | J59: =IF($T$2=0,$D32,$J32) -> 0 | K59: =IF($T$2=0,$E32,$K32) -> 0
B60: =$B28 -> 0 | C60: =IF($T$2=0,$C28,$I28) -> 0 | D60: =IF($T$2=0,$D28,$J28) -> 0 | E60: =IF($T$2=0,$E28,$K28) -> 0 | H60: =$B33 -> 0 | I60: =IF($T$2=0,$C33,$I33) -> 0 | J60: =IF($T$2=0,$D33,$J33) -> 0 | K60: =IF($T$2=0,$E33,$K33) -> 0
C61: =SUM(C56:C60) -> 0 | D61: =SUM(D56:D60) -> 0 | E61: =SUM(E56:E60) -> 0 | I61: =SUM(I56:I60) -> 0 | J61: =SUM(J56:J60) -> 0 | K61: =SUM(K56:K60) -> 0
A65: =A1 -> 2026 아르케 존 00회 정기 모임 점수
K66: 날짜 | L66: =L2 -> 46113
B67: 이 름 | C67: 1 G | D67: 2 G | E67: 3 G | F67: 합 계 | G67: 에 버 | H67: 기본에버 | I67: 1 G | J67: 2 G | K67: 3 G | L67: 합 계 | M67: 오 차
A68: 1 | B68: {=INDEX($B$4:$M$33,MATCH($A68,$U$4:$U$33,0),COLUMN(A$1))} -> 0 | C68: {=INDEX($B$4:$M$33,MATCH($A68,$U$4:$U$33,0),COLUMN(B$1))} -> 0 | D68: {=INDEX($B$4:$M$33,MATCH($A68,$U$4:$U$33,0),COLUMN(C$1))} -> 0 | E68: {=INDEX($B$4:$M$33,MATCH($A68,$U$4:$U$33,0),COLUMN(D$1))} -> 0 | F68: =SUM(C68:E68) -> 0 | G68: =F68/3 -> 0 | H68: {=IF(B68="","",IFERROR(INDEX('회원명단 및 기준에버'!D:G,MATCH(B68,'회원명단 및 기준에버'!$C:$C,0),CHOOSE(INT((MONTH($L$2)-1)/3)+1,1,2,3,4)),""))} | I68: =IFERROR(C68+-H68,0) -> 0 | J68: =IFERROR(D68+-H68,0) -> 0 | K68: =IFERROR(E68+-H68,0) -> 0 | L68: =SUM(I68:K68) -> 0 | M68: =IFERROR(G68+-H68,0) -> 0
A69: 2 | B69: {=INDEX($B$4:$M$33,MATCH($A69,$U$4:$U$33,0),COLUMN(A$1))} -> 0 | C69: {=INDEX($B$4:$M$33,MATCH($A69,$U$4:$U$33,0),COLUMN(B$1))} -> 0 | D69: {=INDEX($B$4:$M$33,MATCH($A69,$U$4:$U$33,0),COLUMN(C$1))} -> 0 | E69: {=INDEX($B$4:$M$33,MATCH($A69,$U$4:$U$33,0),COLUMN(D$1))} -> 0 | F69: =SUM(C69:E69) -> 0 | G69: =F69/3 -> 0 | H69: {=IF(B69="","",IFERROR(INDEX('회원명단 및 기준에버'!D:G,MATCH(B69,'회원명단 및 기준에버'!$C:$C,0),CHOOSE(INT((MONTH($L$2)-1)/3)+1,1,2,3,4)),""))} | I69: =IFERROR(C69+-H69,0) -> 0 | J69: =IFERROR(D69+-H69,0) -> 0 | K69: =IFERROR(E69+-H69,0) -> 0 | L69: =SUM(I69:K69) -> 0 | M69: =IFERROR(G69+-H69,0) -> 0
A70: 3 | B70: {=INDEX($B$4:$M$33,MATCH($A70,$U$4:$U$33,0),COLUMN(A$1))} -> 0 | C70: {=INDEX($B$4:$M$33,MATCH($A70,$U$4:$U$33,0),COLUMN(B$1))} -> 0 | D70: {=INDEX($B$4:$M$33,MATCH($A70,$U$4:$U$33,0),COLUMN(C$1))} -> 0 | E70: {=INDEX($B$4:$M$33,MATCH($A70,$U$4:$U$33,0),COLUMN(D$1))} -> 0 | F70: =SUM(C70:E70) -> 0 | G70: =F70/3 -> 0 | H70: {=IF(B70="","",IFERROR(INDEX('회원명단 및 기준에버'!D:G,MATCH(B70,'회원명단 및 기준에버'!$C:$C,0),CHOOSE(INT((MONTH($L$2)-1)/3)+1,1,2,3,4)),""))} | I70: =IFERROR(C70+-H70,0) -> 0 | J70: =IFERROR(D70+-H70,0) -> 0 | K70: =IFERROR(E70+-H70,0) -> 0 | L70: =SUM(I70:K70) -> 0 | M70: =IFERROR(G70+-H70,0) -> 0
A71: 4 | B71: {=INDEX($B$4:$M$33,MATCH($A71,$U$4:$U$33,0),COLUMN(A$1))} -> 0 | C71: {=INDEX($B$4:$M$33,MATCH($A71,$U$4:$U$33,0),COLUMN(B$1))} -> 0 | D71: {=INDEX($B$4:$M$33,MATCH($A71,$U$4:$U$33,0),COLUMN(C$1))} -> 0 | E71: {=INDEX($B$4:$M$33,MATCH($A71,$U$4:$U$33,0),COLUMN(D$1))} -> 0 | F71: =SUM(C71:E71) -> 0 | G71: =F71/3 -> 0 | H71: {=IF(B71="","",IFERROR(INDEX('회원명단 및 기준에버'!D:G,MATCH(B71,'회원명단 및 기준에버'!$C:$C,0),CHOOSE(INT((MONTH($L$2)-1)/3)+1,1,2,3,4)),""))} | I71: =IFERROR(C71+-H71,0) -> 0 | J71: =IFERROR(D71+-H71,0) -> 0 | K71: =IFERROR(E71+-H71,0) -> 0 | L71: =SUM(I71:K71) -> 0 | M71: =IFERROR(G71+-H71,0) -> 0
A72: 5 | B72: {=INDEX($B$4:$M$33,MATCH($A72,$U$4:$U$33,0),COLUMN(A$1))} -> 0 | C72: {=INDEX($B$4:$M$33,MATCH($A72,$U$4:$U$33,0),COLUMN(B$1))} -> 0 | D72: {=INDEX($B$4:$M$33,MATCH($A72,$U$4:$U$33,0),COLUMN(C$1))} -> 0 | E72: {=INDEX($B$4:$M$33,MATCH($A72,$U$4:$U$33,0),COLUMN(D$1))} -> 0 | F72: =SUM(C72:E72) -> 0 | G72: =F72/3 -> 0 | H72: {=IF(B72="","",IFERROR(INDEX('회원명단 및 기준에버'!D:G,MATCH(B72,'회원명단 및 기준에버'!$C:$C,0),CHOOSE(INT((MONTH($L$2)-1)/3)+1,1,2,3,4)),""))} | I72: =IFERROR(C72+-H72,0) -> 0 | J72: =IFERROR(D72+-H72,0) -> 0 | K72: =IFERROR(E72+-H72,0) -> 0 | L72: =SUM(I72:K72) -> 0 | M72: =IFERROR(G72+-H72,0) -> 0
A73: 6 | B73: {=INDEX($B$4:$M$33,MATCH($A73,$U$4:$U$33,0),COLUMN(A$1))} -> 0 | C73: {=INDEX($B$4:$M$33,MATCH($A73,$U$4:$U$33,0),COLUMN(B$1))} -> 0 | D73: {=INDEX($B$4:$M$33,MATCH($A73,$U$4:$U$33,0),COLUMN(C$1))} -> 0 | E73: {=INDEX($B$4:$M$33,MATCH($A73,$U$4:$U$33,0),COLUMN(D$1))} -> 0 | F73: =SUM(C73:E73) -> 0 | G73: =F73/3 -> 0 | H73: {=IF(B73="","",IFERROR(INDEX('회원명단 및 기준에버'!D:G,MATCH(B73,'회원명단 및 기준에버'!$C:$C,0),CHOOSE(INT((MONTH($L$2)-1)/3)+1,1,2,3,4)),""))} | I73: =IFERROR(C73+-H73,0) -> 0 | J73: =IFERROR(D73+-H73,0) -> 0 | K73: =IFERROR(E73+-H73,0) -> 0 | L73: =SUM(I73:K73) -> 0 | M73: =IFERROR(G73+-H73,0) -> 0
A74: 7 | B74: {=INDEX($B$4:$M$33,MATCH($A74,$U$4:$U$33,0),COLUMN(A$1))} -> 0 | C74: {=INDEX($B$4:$M$33,MATCH($A74,$U$4:$U$33,0),COLUMN(B$1))} -> 0 | D74: {=INDEX($B$4:$M$33,MATCH($A74,$U$4:$U$33,0),COLUMN(C$1))} -> 0 | E74: {=INDEX($B$4:$M$33,MATCH($A74,$U$4:$U$33,0),COLUMN(D$1))} -> 0 | F74: =SUM(C74:E74) -> 0 | G74: =F74/3 -> 0 | H74: {=IF(B74="","",IFERROR(INDEX('회원명단 및 기준에버'!D:G,MATCH(B74,'회원명단 및 기준에버'!$C:$C,0),CHOOSE(INT((MONTH($L$2)-1)/3)+1,1,2,3,4)),""))} | I74: =IFERROR(C74+-H74,0) -> 0 | J74: =IFERROR(D74+-H74,0) -> 0 | K74: =IFERROR(E74+-H74,0) -> 0 | L74: =SUM(I74:K74) -> 0 | M74: =IFERROR(G74+-H74,0) -> 0
A75: 8 | B75: {=INDEX($B$4:$M$33,MATCH($A75,$U$4:$U$33,0),COLUMN(A$1))} -> 0 | C75: {=INDEX($B$4:$M$33,MATCH($A75,$U$4:$U$33,0),COLUMN(B$1))} -> 0 | D75: {=INDEX($B$4:$M$33,MATCH($A75,$U$4:$U$33,0),COLUMN(C$1))} -> 0 | E75: {=INDEX($B$4:$M$33,MATCH($A75,$U$4:$U$33,0),COLUMN(D$1))} -> 0 | F75: =SUM(C75:E75) -> 0 | G75: =F75/3 -> 0 | H75: {=IF(B75="","",IFERROR(INDEX('회원명단 및 기준에버'!D:G,MATCH(B75,'회원명단 및 기준에버'!$C:$C,0),CHOOSE(INT((MONTH($L$2)-1)/3)+1,1,2,3,4)),""))} | I75: =IFERROR(C75+-H75,0) -> 0 | J75: =IFERROR(D75+-H75,0) -> 0 | K75: =IFERROR(E75+-H75,0) -> 0 | L75: =SUM(I75:K75) -> 0 | M75: =IFERROR(G75+-H75,0) -> 0
A76: 9 | B76: {=INDEX($B$4:$M$33,MATCH($A76,$U$4:$U$33,0),COLUMN(A$1))} -> 0 | C76: {=INDEX($B$4:$M$33,MATCH($A76,$U$4:$U$33,0),COLUMN(B$1))} -> 0 | D76: {=INDEX($B$4:$M$33,MATCH($A76,$U$4:$U$33,0),COLUMN(C$1))} -> 0 | E76: {=INDEX($B$4:$M$33,MATCH($A76,$U$4:$U$33,0),COLUMN(D$1))} -> 0 | F76: =SUM(C76:E76) -> 0 | G76: =F76/3 -> 0 | H76: {=IF(B76="","",IFERROR(INDEX('회원명단 및 기준에버'!D:G,MATCH(B76,'회원명단 및 기준에버'!$C:$C,0),CHOOSE(INT((MONTH($L$2)-1)/3)+1,1,2,3,4)),""))} | I76: =IFERROR(C76+-H76,0) -> 0 | J76: =IFERROR(D76+-H76,0) -> 0 | K76: =IFERROR(E76+-H76,0) -> 0 | L76: =SUM(I76:K76) -> 0 | M76: =IFERROR(G76+-H76,0) -> 0
A77: 10 | B77: {=INDEX($B$4:$M$33,MATCH($A77,$U$4:$U$33,0),COLUMN(A$1))} -> 0 | C77: {=INDEX($B$4:$M$33,MATCH($A77,$U$4:$U$33,0),COLUMN(B$1))} -> 0 | D77: {=INDEX($B$4:$M$33,MATCH($A77,$U$4:$U$33,0),COLUMN(C$1))} -> 0 | E77: {=INDEX($B$4:$M$33,MATCH($A77,$U$4:$U$33,0),COLUMN(D$1))} -> 0 | F77: =SUM(C77:E77) -> 0 | G77: =F77/3 -> 0 | H77: {=IF(B77="","",IFERROR(INDEX('회원명단 및 기준에버'!D:G,MATCH(B77,'회원명단 및 기준에버'!$C:$C,0),CHOOSE(INT((MONTH($L$2)-1)/3)+1,1,2,3,4)),""))} | I77: =IFERROR(C77+-H77,0) -> 0 | J77: =IFERROR(D77+-H77,0) -> 0 | K77: =IFERROR(E77+-H77,0) -> 0 | L77: =SUM(I77:K77) -> 0 | M77: =IFERROR(G77+-H77,0) -> 0
A78: 11 | B78: {=INDEX($B$4:$M$33,MATCH($A78,$U$4:$U$33,0),COLUMN(A$1))} -> 0 | C78: {=INDEX($B$4:$M$33,MATCH($A78,$U$4:$U$33,0),COLUMN(B$1))} -> 0 | D78: {=INDEX($B$4:$M$33,MATCH($A78,$U$4:$U$33,0),COLUMN(C$1))} -> 0 | E78: {=INDEX($B$4:$M$33,MATCH($A78,$U$4:$U$33,0),COLUMN(D$1))} -> 0 | F78: =SUM(C78:E78) -> 0 | G78: =F78/3 -> 0 | H78: {=IF(B78="","",IFERROR(INDEX('회원명단 및 기준에버'!D:G,MATCH(B78,'회원명단 및 기준에버'!$C:$C,0),CHOOSE(INT((MONTH($L$2)-1)/3)+1,1,2,3,4)),""))} | I78: =IFERROR(C78+-H78,0) -> 0 | J78: =IFERROR(D78+-H78,0) -> 0 | K78: =IFERROR(E78+-H78,0) -> 0 | L78: =SUM(I78:K78) -> 0 | M78: =IFERROR(G78+-H78,0) -> 0
A79: 12 | B79: {=INDEX($B$4:$M$33,MATCH($A79,$U$4:$U$33,0),COLUMN(A$1))} -> 0 | C79: {=INDEX($B$4:$M$33,MATCH($A79,$U$4:$U$33,0),COLUMN(B$1))} -> 0 | D79: {=INDEX($B$4:$M$33,MATCH($A79,$U$4:$U$33,0),COLUMN(C$1))} -> 0 | E79: {=INDEX($B$4:$M$33,MATCH($A79,$U$4:$U$33,0),COLUMN(D$1))} -> 0 | F79: =SUM(C79:E79) -> 0 | G79: =F79/3 -> 0 | H79: {=IF(B79="","",IFERROR(INDEX('회원명단 및 기준에버'!D:G,MATCH(B79,'회원명단 및 기준에버'!$C:$C,0),CHOOSE(INT((MONTH($L$2)-1)/3)+1,1,2,3,4)),""))} | I79: =IFERROR(C79+-H79,0) -> 0 | J79: =IFERROR(D79+-H79,0) -> 0 | K79: =IFERROR(E79+-H79,0) -> 0 | L79: =SUM(I79:K79) -> 0 | M79: =IFERROR(G79+-H79,0) -> 0
... A97: 30 | B97: {=INDEX($B$4:$M$33,MATCH($A97,$U$4:$U$33,0),COLUMN(A$1))} -> 0 | C97: {=INDEX($B$4:$M$33,MATCH($A97,$U$4:$U$33,0),COLUMN(B$1))} -> 0 | D97: {=INDEX($B$4:$M$33,MATCH($A97,$U$4:$U$33,0),COLUMN(C$1))} -> 0 | E97: {=INDEX($B$4:$M$33,MATCH($A97,$U$4:$U$33,0),COLUMN(D$1))} -> 0 | F97: =SUM(C97:E97) -> 0 | G97: =F97/3 -> 0 | H97: {=IF(B97="","",IFERROR(INDEX('회원명단 및 기준에버'!D:G,MATCH(B97,'회원명단 및 기준에버'!$C:$C,0),CHOOSE(INT((MONTH($L$2)-1)/3)+1,1,2,3,4)),""))} | I97: =IFERROR(C97+-H97,0) -> 0 | J97: =IFERROR(D97+-H97,0) -> 0 | K97: =IFERROR(E97+-H97,0) -> 0 | L97: =SUM(I97:K97) -> 0 | M97: =IFERROR(G97+-H97,0) -> 0
B98: 시 상 및 벌 금
B99: 에버상승상 남+20점,여+10점 이상 상위1명 | F99: 에버벌금 | G99: 정기전 만 해당 함 | J99: 유니품 벌금
B100: =IF(B36="","",B36) | C100: =IF(C36="","",C36) | D100: =IF(D36="","",D36) | E100: =IF(E36="","",E36) | G100: 1점부터 2000원 | J100: =IF(J36="","",J36) | K100: =IF(K36="","",K36) | L100: =IF(L36="","",L36) | M100: =IF(M36="","",M36)
B101: 올카바 상 | I101: 초구가터벌금1회1000원 | K101: 광 박 1회 2000원
B102: =IF(B38="","",B38) | C102: =IF(C38="","",C38) | D102: =IF(D38="","",D38) | E102: =IF(E38="","",E38) | F102: =IF(F38="","",F38) | G102: =IF(G38="","",G38) | I102: =IF(I38="","",I38) | J102: =IF(J38="","",J38) | K102: =IF(K38="","",K38) | L102: =IF(L38="","",L38) | M102: =IF(M38="","",M38)
B103: =IF(B39="","",B39) | C103: =IF(C39="","",C39) | D103: =IF(D39="","",D39) | E103: =IF(E39="","",E39) | F103: =IF(F39="","",F39) | G103: =IF(G39="","",G39) | I103: =IF(I39="","",I39) | J103: =IF(J39="","",J39) | K103: =IF(K39="","",K39) | L103: =IF(L39="","",L39) | M103: =IF(M39="","",M39)
B104: =IF(B40="","",B40) | C104: =IF(C40="","",C40) | D104: =IF(D40="","",D40) | E104: =IF(E40="","",E40) | F104: =IF(F40="","",F40) | G104: =IF(G40="","",G40) | I104: =IF(I40="","",I40) | J104: =IF(J40="","",J40) | K104: =IF(K40="","",K40) | L104: =IF(L40="","",L40) | M104: =IF(M40="","",M40)
B105: 팀 전
B106: =IF(B42="","",B42) -> 0 | C106: =IF(C42="","",C42) -> 0 | D106: =IF(D42="","",D42) -> 0 | E106: =IF(E42="","",E42) -> 0 | F106: =IF(F42="","",F42) -> 0 | H106: =IF(H42="","",H42) -> 0 | I106: =IF(I42="","",I42) -> 0 | J106: =IF(J42="","",J42) -> 0 | K106: =IF(K42="","",K42) -> 0 | L106: =IF(L42="","",L42) -> 0
B107: =IF(B43="","",B43) -> 0 | C107: =IF(C43="","",C43) -> 0 | D107: =IF(D43="","",D43) -> 0 | E107: =IF(E43="","",E43) -> 0 | F107: =IF(F43="","",F43) | H107: =IF(H43="","",H43) -> 0 | I107: =IF(I43="","",I43) -> 0 | J107: =IF(J43="","",J43) -> 0 | K107: =IF(K43="","",K43) -> 0 | L107: =IF(L43="","",L43)
B108: =IF(B44="","",B44) -> 0 | C108: =IF(C44="","",C44) -> 0 | D108: =IF(D44="","",D44) -> 0 | E108: =IF(E44="","",E44) -> 0 | F108: =IF(F44="","",F44) | H108: =IF(H44="","",H44) -> 0 | I108: =IF(I44="","",I44) -> 0 | J108: =IF(J44="","",J44) -> 0 | K108: =IF(K44="","",K44) -> 0 | L108: =IF(L44="","",L44)
B109: =IF(B45="","",B45) -> 0 | C109: =IF(C45="","",C45) -> 0 | D109: =IF(D45="","",D45) -> 0 | E109: =IF(E45="","",E45) -> 0 | F109: =IF(F45="","",F45) | H109: =IF(H45="","",H45) -> 0 | I109: =IF(I45="","",I45) -> 0 | J109: =IF(J45="","",J45) -> 0 | K109: =IF(K45="","",K45) -> 0 | L109: =IF(L45="","",L45)
B110: =IF(B46="","",B46) -> 0 | C110: =IF(C46="","",C46) -> 0 | D110: =IF(D46="","",D46) -> 0 | E110: =IF(E46="","",E46) -> 0 | F110: =IF(F46="","",F46) | H110: =IF(H46="","",H46) -> 0 | I110: =IF(I46="","",I46) -> 0 | J110: =IF(J46="","",J46) -> 0 | K110: =IF(K46="","",K46) -> 0 | L110: =IF(L46="","",L46)
B111: =IF(B47="","",B47) | C111: =IF(C47="","",C47) -> 0 | D111: =IF(D47="","",D47) -> 0 | E111: =IF(E47="","",E47) -> 0 | F111: =IF(F47="","",F47) | H111: =IF(H47="","",H47) | I111: =IF(I47="","",I47) -> 0 | J111: =IF(J47="","",J47) -> 0 | K111: =IF(K47="","",K47) -> 0 | L111: =IF(L47="","",L47)
B113: =IF(B49="","",B49) -> 0 | C113: =IF(C49="","",C49) -> 0 | D113: =IF(D49="","",D49) -> 0 | E113: =IF(E49="","",E49) -> 0 | F113: =IF(F49="","",F49) -> 0 | G113: =IF(G49="","",G49) | H113: =IF(H49="","",H49) -> 0 | I113: =IF(I49="","",I49) -> 0 | ... M113: =IF(M49="","",M49)
B114: =IF(B50="","",B50) -> 0 | C114: =IF(C50="","",C50) -> 0 | D114: =IF(D50="","",D50) -> 0 | E114: =IF(E50="","",E50) -> 0 | F114: =IF(F50="","",F50) | G114: =IF(G50="","",G50) | H114: =IF(H50="","",H50) -> 0 | I114: =IF(I50="","",I50) -> 0 | ... M114: =IF(M50="","",M50)
B115: =IF(B51="","",B51) -> 0 | C115: =IF(C51="","",C51) -> 0 | D115: =IF(D51="","",D51) -> 0 | E115: =IF(E51="","",E51) -> 0 | F115: =IF(F51="","",F51) | G115: =IF(G51="","",G51) | H115: =IF(H51="","",H51) -> 0 | I115: =IF(I51="","",I51) -> 0 | ... M115: =IF(M51="","",M51)
B116: =IF(B52="","",B52) -> 0 | C116: =IF(C52="","",C52) -> 0 | D116: =IF(D52="","",D52) -> 0 | E116: =IF(E52="","",E52) -> 0 | F116: =IF(F52="","",F52) | G116: =IF(G52="","",G52) | H116: =IF(H52="","",H52) -> 0 | I116: =IF(I52="","",I52) -> 0 | ... M116: =IF(M52="","",M52)
B117: =IF(B53="","",B53) -> 0 | C117: =IF(C53="","",C53) -> 0 | D117: =IF(D53="","",D53) -> 0 | E117: =IF(E53="","",E53) -> 0 | F117: =IF(F53="","",F53) | G117: =IF(G53="","",G53) | H117: =IF(H53="","",H53) -> 0 | I117: =IF(I53="","",I53) -> 0 | ... M117: =IF(M53="","",M53)
B118: =IF(B54="","",B54) | C118: =IF(C54="","",C54) -> 0 | D118: =IF(D54="","",D54) -> 0 | E118: =IF(E54="","",E54) -> 0 | F118: =IF(F54="","",F54) | G118: =IF(G54="","",G54) | H118: =IF(H54="","",H54) | I118: =IF(I54="","",I54) -> 0 | ... M118: =IF(M54="","",M54)
B120: =IF(B56="","",B56) -> 0 | C120: =IF(C56="","",C56) -> 0 | D120: =IF(D56="","",D56) -> 0 | E120: =IF(E56="","",E56) -> 0 | F120: =IF(F56="","",F56) -> 0 | G120: =IF(G56="","",G56)
B121: =IF(B57="","",B57) -> 0 | C121: =IF(C57="","",C57) -> 0 | D121: =IF(D57="","",D57) -> 0 | E121: =IF(E57="","",E57) -> 0 | F121: =IF(F57="","",F57) | G121: =IF(G57="","",G57)
B122: =IF(B58="","",B58) -> 0 | C122: =IF(C58="","",C58) -> 0 | D122: =IF(D58="","",D58) -> 0 | E122: =IF(E58="","",E58) -> 0 | F122: =IF(F58="","",F58) | G122: =IF(G58="","",G58)
B123: =IF(B59="","",B59) -> 0 | C123: =IF(C59="","",C59) -> 0 | D123: =IF(D59="","",D59) -> 0 | E123: =IF(E59="","",E59) -> 0 | F123: =IF(F59="","",F59) | G123: =IF(G59="","",G59)
B124: =IF(B60="","",B60) -> 0 | C124: =IF(C60="","",C60) -> 0 | D124: =IF(D60="","",D60) -> 0 | E124: =IF(E60="","",E60) -> 0 | F124: =IF(F60="","",F60) | G124: =IF(G60="","",G60)
B125: =IF(B61="","",B61) | C125: =IF(C61="","",C61) -> 0 | D125: =IF(D61="","",D61) -> 0 | E125: =IF(E61="","",E61) -> 0 | F125: =IF(F61="","",F61) | G125: =IF(G61="","",G61)

Sheet 00회정모 4인팀
A1: 2026 아르케 존 00회 정기 모임 점수
K2: 날짜 | L2: 46113 | S2: 팀전에버기준 | T2: 0 | U2: 순위에버오차기준 | V2: 0
B3: 이 름 | C3: 1 G | D3: 2 G | E3: 3 G | F3: 합 계 | G3: 에 버 | H3: 기본에버 | I3: 1 G | J3: 2 G | K3: 3 G | L3: 합 계 | M3: 오 차 | S3: 수식입력부분 삭제하지마세요~
A4: 1 | F4: =SUM(C4:E4) -> 0 | G4: =F4/3 -> 0 | H4: {=IF(B4="","",IFERROR(INDEX('회원명단 및 기준에버'!D:G,MATCH(B4,'회원명단 및 기준에버'!$C:$C,0),CHOOSE(INT((MONTH($L$2)-1)/3)+1,1,2,3,4)),""))} | I4: =IFERROR(C4+-H4,0) -> 0 | J4: =IFERROR(D4+-H4,0) -> 0 | K4: =IFERROR(E4+-H4,0) -> 0 | L4: =SUM(I4:K4) -> 0 | M4: =IFERROR(G4+-H4,0) -> 0 | S4: =MAX(C4:E4)-MIN(C4:E4) -> 0 | T4: =IF($B4="",-999999999+A4,IF($V$2=0,(F4*10000+S4*1000+A4),(M4*10000+S4*10+A4))) -> -999999998 | U4: =_xlfn.RANK.EQ(T4,$T$4:$T$33,0) -> #VALUE!
A5: 2 | F5: =SUM(C5:E5) -> 0 | G5: =F5/3 -> 0 | H5: {=IF(B5="","",IFERROR(INDEX('회원명단 및 기준에버'!D:G,MATCH(B5,'회원명단 및 기준에버'!$C:$C,0),CHOOSE(INT((MONTH($L$2)-1)/3)+1,1,2,3,4)),""))} | I5: =IFERROR(C5+-H5,0) -> 0 | J5: =IFERROR(D5+-H5,0) -> 0 | K5: =IFERROR(E5+-H5,0) -> 0 | L5: =SUM(I5:K5) -> 0 | M5: =IFERROR(G5+-H5,0) -> 0 | S5: =MAX(C5:E5)-MIN(C5:E5) -> 0 | T5: =IF($B5="",-999999999+A5,IF($V$2=0,(F5*10000+S5*1000+A5),(M5*10000+S5*10+A5))) -> -999999997 | U5: =_xlfn.RANK.EQ(T5,$T$4:$T$33,0) -> #VALUE!
A6: 3 | F6: =SUM(C6:E6) -> 0 | G6: =F6/3 -> 0 | H6: {=IF(B6="","",IFERROR(INDEX('회원명단 및 기준에버'!D:G,MATCH(B6,'회원명단 및 기준에버'!$C:$C,0),CHOOSE(INT((MONTH($L$2)-1)/3)+1,1,2,3,4)),""))} | I6: =IFERROR(C6+-H6,0) -> 0 | J6: =IFERROR(D6+-H6,0) -> 0 | K6: =IFERROR(E6+-H6,0) -> 0 | L6: =SUM(I6:K6) -> 0 | M6: =IFERROR(G6+-H6,0) -> 0 | S6: =MAX(C6:E6)-MIN(C6:E6) -> 0 | T6: =IF($B6="",-999999999+A6,IF($V$2=0,(F6*10000+S6*1000+A6),(M6*10000+S6*10+A6))) -> -999999996 | U6: =_xlfn.RANK.EQ(T6,$T$4:$T$33,0) -> #VALUE!
A7: 4 | F7: =SUM(C7:E7) -> 0 | G7: =F7/3 -> 0 | H7: {=IF(B7="","",IFERROR(INDEX('회원명단 및 기준에버'!D:G,MATCH(B7,'회원명단 및 기준에버'!$C:$C,0),CHOOSE(INT((MONTH($L$2)-1)/3)+1,1,2,3,4)),""))} | I7: =IFERROR(C7+-H7,0) -> 0 | J7: =IFERROR(D7+-H7,0) -> 0 | K7: =IFERROR(E7+-H7,0) -> 0 | L7: =SUM(I7:K7) -> 0 | M7: =IFERROR(G7+-H7,0) -> 0 | S7: =MAX(C7:E7)-MIN(C7:E7) -> 0 | T7: =IF($B7="",-999999999+A7,IF($V$2=0,(F7*10000+S7*1000+A7),(M7*10000+S7*10+A7))) -> -999999995 | U7: =_xlfn.RANK.EQ(T7,$T$4:$T$33,0) -> #VALUE!
A8: 5 | F8: =SUM(C8:E8) -> 0 | G8: =F8/3 -> 0 | H8: {=IF(B8="","",IFERROR(INDEX('회원명단 및 기준에버'!D:G,MATCH(B8,'회원명단 및 기준에버'!$C:$C,0),CHOOSE(INT((MONTH($L$2)-1)/3)+1,1,2,3,4)),""))} | I8: =IFERROR(C8+-H8,0) -> 0 | J8: =IFERROR(D8+-H8,0) -> 0 | K8: =IFERROR(E8+-H8,0) -> 0 | L8: =SUM(I8:K8) -> 0 | M8: =IFERROR(G8+-H8,0) -> 0 | S8: =MAX(C8:E8)-MIN(C8:E8) -> 0 | T8: =IF($B8="",-999999999+A8,IF($V$2=0,(F8*10000+S8*1000+A8),(M8*10000+S8*10+A8))) -> -999999994 | U8: =_xlfn.RANK.EQ(T8,$T$4:$T$33,0) -> #VALUE!
A9: 6 | F9: =SUM(C9:E9) -> 0 | G9: =F9/3 -> 0 | H9: {=IF(B9="","",IFERROR(INDEX('회원명단 및 기준에버'!D:G,MATCH(B9,'회원명단 및 기준에버'!$C:$C,0),CHOOSE(INT((MONTH($L$2)-1)/3)+1,1,2,3,4)),""))} | I9: =IFERROR(C9+-H9,0) -> 0 | J9: =IFERROR(D9+-H9,0) -> 0 | K9: =IFERROR(E9+-H9,0) -> 0 | L9: =SUM(I9:K9) -> 0 | M9: =IFERROR(G9+-H9,0) -> 0 | S9: =MAX(C9:E9)-MIN(C9:E9) -> 0 | T9: =IF($B9="",-999999999+A9,IF($V$2=0,(F9*10000+S9*1000+A9),(M9*10000+S9*10+A9))) -> -999999993 | U9: =_xlfn.RANK.EQ(T9,$T$4:$T$33,0) -> #VALUE!
A10: 7 | F10: =SUM(C10:E10) -> 0 | G10: =F10/3 -> 0 | H10: {=IF(B10="","",IFERROR(INDEX('회원명단 및 기준에버'!D:G,MATCH(B10,'회원명단 및 기준에버'!$C:$C,0),CHOOSE(INT((MONTH($L$2)-1)/3)+1,1,2,3,4)),""))} | I10: =IFERROR(C10+-H10,0) -> 0 | J10: =IFERROR(D10+-H10,0) -> 0 | K10: =IFERROR(E10+-H10,0) -> 0 | L10: =SUM(I10:K10) -> 0 | M10: =IFERROR(G10+-H10,0) -> 0 | S10: =MAX(C10:E10)-MIN(C10:E10) -> 0 | T10: =IF($B10="",-999999999+A10,IF($V$2=0,(F10*10000+S10*1000+A10),(M10*10000+S10*10+A10))) -> -999999992 | U10: =_xlfn.RANK.EQ(T10,$T$4:$T$33,0) -> #VALUE!
A11: 8 | F11: =SUM(C11:E11) -> 0 | G11: =F11/3 -> 0 | H11: {=IF(B11="","",IFERROR(INDEX('회원명단 및 기준에버'!D:G,MATCH(B11,'회원명단 및 기준에버'!$C:$C,0),CHOOSE(INT((MONTH($L$2)-1)/3)+1,1,2,3,4)),""))} | I11: =IFERROR(C11+-H11,0) -> 0 | J11: =IFERROR(D11+-H11,0) -> 0 | K11: =IFERROR(E11+-H11,0) -> 0 | L11: =SUM(I11:K11) -> 0 | M11: =IFERROR(G11+-H11,0) -> 0 | S11: =MAX(C11:E11)-MIN(C11:E11) -> 0 | T11: =IF($B11="",-999999999+A11,IF($V$2=0,(F11*10000+S11*1000+A11),(M11*10000+S11*10+A11))) -> -999999991 | U11: =_xlfn.RANK.EQ(T11,$T$4:$T$33,0) -> #VALUE!
A12: 9 | F12: =SUM(C12:E12) -> 0 | G12: =F12/3 -> 0 | H12: {=IF(B12="","",IFERROR(INDEX('회원명단 및 기준에버'!D:G,MATCH(B12,'회원명단 및 기준에버'!$C:$C,0),CHOOSE(INT((MONTH($L$2)-1)/3)+1,1,2,3,4)),""))} | I12: =IFERROR(C12+-H12,0) -> 0 | J12: =IFERROR(D12+-H12,0) -> 0 | K12: =IFERROR(E12+-H12,0) -> 0 | L12: =SUM(I12:K12) -> 0 | M12: =IFERROR(G12+-H12,0) -> 0 | S12: =MAX(C12:E12)-MIN(C12:E12) -> 0 | T12: =IF($B12="",-999999999+A12,IF($V$2=0,(F12*10000+S12*1000+A12),(M12*10000+S12*10+A12))) -> -999999990 | U12: =_xlfn.RANK.EQ(T12,$T$4:$T$33,0) -> #VALUE!
A13: 10 | F13: =SUM(C13:E13) -> 0 | G13: =F13/3 -> 0 | H13: {=IF(B13="","",IFERROR(INDEX('회원명단 및 기준에버'!D:G,MATCH(B13,'회원명단 및 기준에버'!$C:$C,0),CHOOSE(INT((MONTH($L$2)-1)/3)+1,1,2,3,4)),""))} | I13: =IFERROR(C13+-H13,0) -> 0 | J13: =IFERROR(D13+-H13,0) -> 0 | K13: =IFERROR(E13+-H13,0) -> 0 | L13: =SUM(I13:K13) -> 0 | M13: =IFERROR(G13+-H13,0) -> 0 | S13: =MAX(C13:E13)-MIN(C13:E13) -> 0 | T13: =IF($B13="",-999999999+A13,IF($V$2=0,(F13*10000+S13*1000+A13),(M13*10000+S13*10+A13))) -> -999999989 | U13: =_xlfn.RANK.EQ(T13,$T$4:$T$33,0) -> #VALUE!
A14: 11 | F14: =SUM(C14:E14) -> 0 | G14: =F14/3 -> 0 | H14: {=IF(B14="","",IFERROR(INDEX('회원명단 및 기준에버'!D:G,MATCH(B14,'회원명단 및 기준에버'!$C:$C,0),CHOOSE(INT((MONTH($L$2)-1)/3)+1,1,2,3,4)),""))} | I14: =IFERROR(C14+-H14,0) -> 0 | J14: =IFERROR(D14+-H14,0) -> 0 | K14: =IFERROR(E14+-H14,0) -> 0 | L14: =SUM(I14:K14) -> 0 | M14: =IFERROR(G14+-H14,0) -> 0 | S14: =MAX(C14:E14)-MIN(C14:E14) -> 0 | T14: =IF($B14="",-999999999+A14,IF($V$2=0,(F14*10000+S14*1000+A14),(M14*10000+S14*10+A14))) -> -999999988 | U14: =_xlfn.RANK.EQ(T14,$T$4:$T$33,0) -> #VALUE!
A15: 12 | F15: =SUM(C15:E15) -> 0 | G15: =F15/3 -> 0 | H15: {=IF(B15="","",IFERROR(INDEX('회원명단 및 기준에버'!D:G,MATCH(B15,'회원명단 및 기준에버'!$C:$C,0),CHOOSE(INT((MONTH($L$2)-1)/3)+1,1,2,3,4)),""))} | I15: =IFERROR(C15+-H15,0) -> 0 | J15: =IFERROR(D15+-H15,0) -> 0 | K15: =IFERROR(E15+-H15,0) -> 0 | L15: =SUM(I15:K15) -> 0 | M15: =IFERROR(G15+-H15,0) -> 0 | S15: =MAX(C15:E15)-MIN(C15:E15) -> 0 | T15: =IF($B15="",-999999999+A15,IF($V$2=0,(F15*10000+S15*1000+A15),(M15*10000+S15*10+A15))) -> -999999987 | U15: =_xlfn.RANK.EQ(T15,$T$4:$T$33,0) -> #VALUE!
... A27: 24 | F27: =SUM(C27:E27) -> 0 | G27: =F27/3 -> 0 | H27: {=IF(B27="","",IFERROR(INDEX('회원명단 및 기준에버'!D:G,MATCH(B27,'회원명단 및 기준에버'!$C:$C,0),CHOOSE(INT((MONTH($L$2)-1)/3)+1,1,2,3,4)),""))} | I27: =IFERROR(C27+-H27,0) -> 0 | J27: =IFERROR(D27+-H27,0) -> 0 | K27: =IFERROR(E27+-H27,0) -> 0 | L27: =SUM(I27:K27) -> 0 | M27: =IFERROR(G27+-H27,0) -> 0 | S27: =MAX(C27:E27)-MIN(C27:E27) -> 0 | T27: =IF($B27="",-999999999+A27,IF($V$2=0,(F27*10000+S27*1000+A27),(M27*10000+S27*10+A27))) -> -999999975 | U27: =_xlfn.RANK.EQ(T27,$T$4:$T$33,0) -> #VALUE!
A28: 25 | F28: =SUM(C28:E28) -> 0 | G28: =F28/3 -> 0 | H28: {=IF(B28="","",IFERROR(INDEX('회원명단 및 기준에버'!D:G,MATCH(B28,'회원명단 및 기준에버'!$C:$C,0),CHOOSE(INT((MONTH($L$2)-1)/3)+1,1,2,3,4)),""))} | I28: =IFERROR(C28+-H28,0) -> 0 | J28: =IFERROR(D28+-H28,0) -> 0 | K28: =IFERROR(E28+-H28,0) -> 0 | L28: =SUM(I28:K28) -> 0 | M28: =IFERROR(G28+-H28,0) -> 0 | T28: =IF($B28="",-999999999+A28,IF($V$2=0,(F28*10000+S28*1000+A28),(M28*10000+S28*10+A28))) -> -999999974
B29: 시 상 및 벌 금 | T29: =IF($B29="",-999999999+A29,IF($V$2=0,(F29*10000+S29*1000+A29),(M29*10000+S29*10+A29))) -> 0
B30: 에버상승상 남+20점,여+10점 이상 상위1명 | F30: 에버벌금 | G30: 정기전 만 해당 함 | J30: 유니품 벌금(3.000원) | T30: =IF($B30="",-999999999+A30,IF($V$2=0,(F30*10000+S30*1000+A30),(M30*10000+S30*10+A30))) -> #VALUE!
G31: 1점부터 2000원 | T31: =IF($B31="",-999999999+A31,IF($V$2=0,(F31*10000+S31*1000+A31),(M31*10000+S31*10+A31))) -> -999999999
B32: 올카바 상 | I32: 초구가터벌금1회1000원 | K32: 광 박 1회 2000원 | T32: =IF($B32="",-999999999+A32,IF($V$2=0,(F32*10000+S32*1000+A32),(M32*10000+S32*10+A32))) -> 0
T33: =IF($B33="",-999999999+A33,IF($V$2=0,(F33*10000+S33*1000+A33),(M33*10000+S33*10+A33))) -> -999999999
B36: 팀 전
B37: =$B4 -> 0 | C37: =IF($T$2=0,$C4,$I4) -> 0 | D37: =IF($T$2=0,$D4,$J4) -> 0 | E37: =IF($T$2=0,$E4,$K4) -> 0 | F37: =E41+D41+C41 -> 0 | H37: =$B8 -> 0 | I37: =IF($T$2=0,$C8,$I8) -> 0 | J37: =IF($T$2=0,$D8,$J8) -> 0 | K37: =IF($T$2=0,$E8,$K8) -> 0 | L37: =K41+J41+I41 -> 0
B38: =$B5 -> 0 | C38: =IF($T$2=0,$C5,$I5) -> 0 | D38: =IF($T$2=0,$D5,$J5) -> 0 | E38: =IF($T$2=0,$E5,$K5) -> 0 | H38: =$B9 -> 0 | I38: =IF($T$2=0,$C9,$I9) -> 0 | J38: =IF($T$2=0,$D9,$J9) -> 0 | K38: =IF($T$2=0,$E9,$K9) -> 0
B39: =$B6 -> 0 | C39: =IF($T$2=0,$C6,$I6) -> 0 | D39: =IF($T$2=0,$D6,$J6) -> 0 | E39: =IF($T$2=0,$E6,$K6) -> 0 | H39: =$B10 -> 0 | I39: =IF($T$2=0,$C10,$I10) -> 0 | J39: =IF($T$2=0,$D10,$J10) -> 0 | K39: =IF($T$2=0,$E10,$K10) -> 0
B40: =$B7 -> 0 | C40: =IF($T$2=0,$C7,$I7) -> 0 | D40: =IF($T$2=0,$D7,$J7) -> 0 | E40: =IF($T$2=0,$E7,$K7) -> 0 | H40: =$B11 -> 0 | I40: =IF($T$2=0,$C11,$I11) -> 0 | J40: =IF($T$2=0,$D11,$J11) -> 0 | K40: =IF($T$2=0,$E11,$K11) -> 0
C41: =SUM(C37:C40) -> 0 | D41: =SUM(D37:D40) -> 0 | E41: =SUM(E37:E40) -> 0 | I41: =SUM(I37:I40) -> 0 | J41: =SUM(J37:J40) -> 0 | K41: =SUM(K37:K40) -> 0
B43: =$B12 -> 0 | C43: =IF($T$2=0,$C12,$I12) -> 0 | D43: =IF($T$2=0,$D12,$J12) -> 0 | E43: =IF($T$2=0,$E12,$K12) -> 0 | F43: =E47+D47+C47 -> 0 | H43: =$B16 -> 0 | I43: =IF($T$2=0,$C16,$I16) -> 0 | J43: =IF($T$2=0,$D16,$J16) -> 0 | K43: =IF($T$2=0,$E16,$K16) -> 0 | L43: =K47+J47+I47 -> 0
B44: =$B13 -> 0 | C44: =IF($T$2=0,$C13,$I13) -> 0 | D44: =IF($T$2=0,$D13,$J13) -> 0 | E44: =IF($T$2=0,$E13,$K13) -> 0 | H44: =$B17 -> 0 | I44: =IF($T$2=0,$C17,$I17) -> 0 | J44: =IF($T$2=0,$D17,$J17) -> 0 | K44: =IF($T$2=0,$E17,$K17) -> 0
B45: =$B14 -> 0 | C45: =IF($T$2=0,$C14,$I14) -> 0 | D45: =IF($T$2=0,$D14,$J14) -> 0 | E45: =IF($T$2=0,$E14,$K14) -> 0 | H45: =$B18 -> 0 | I45: =IF($T$2=0,$C18,$I18) -> 0 | J45: =IF($T$2=0,$D18,$J18) -> 0 | K45: =IF($T$2=0,$E18,$K18) -> 0
B46: =$B15 -> 0 | C46: =IF($T$2=0,$C15,$I15) -> 0 | D46: =IF($T$2=0,$D15,$J15) -> 0 | E46: =IF($T$2=0,$E15,$K15) -> 0 | H46: =$B19 -> 0 | I46: =IF($T$2=0,$C19,$I19) -> 0 | J46: =IF($T$2=0,$D19,$J19) -> 0 | K46: =IF($T$2=0,$E19,$K19) -> 0
C47: =SUM(C43:C46) -> 0 | D47: =SUM(D43:D46) -> 0 | E47: =SUM(E43:E46) -> 0 | I47: =SUM(I43:I46) -> 0 | J47: =SUM(J43:J46) -> 0 | K47: =SUM(K43:K46) -> 0
B49: =$B20 -> 0 | C49: =IF($T$2=0,$C20,$I20) -> 0 | D49: =IF($T$2=0,$D20,$J20) -> 0 | E49: =IF($T$2=0,$E20,$K20) -> 0 | F49: =E53+D53+C53 -> 0 | H49: =$B24 -> 0 | I49: =IF($T$2=0,$C24,$I24) -> 0 | J49: =IF($T$2=0,$D24,$J24) -> 0 | K49: =IF($T$2=0,$E24,$K24) -> 0 | L49: =K53+J53+I53 -> 0
B50: =$B21 -> 0 | C50: =IF($T$2=0,$C21,$I21) -> 0 | D50: =IF($T$2=0,$D21,$J21) -> 0 | E50: =IF($T$2=0,$E21,$K21) -> 0 | H50: =$B25 -> 0 | I50: =IF($T$2=0,$C25,$I25) -> 0 | J50: =IF($T$2=0,$D25,$J25) -> 0 | K50: =IF($T$2=0,$E25,$K25) -> 0
B51: =$B22 -> 0 | C51: =IF($T$2=0,$C22,$I22) -> 0 | D51: =IF($T$2=0,$D22,$J22) -> 0 | E51: =IF($T$2=0,$E22,$K22) -> 0 | H51: =$B26 -> 0 | I51: =IF($T$2=0,$C26,$I26) -> 0 | J51: =IF($T$2=0,$D26,$J26) -> 0 | K51: =IF($T$2=0,$E26,$K26) -> 0
B52: =$B23 -> 0 | C52: =IF($T$2=0,$C23,$I23) -> 0 | D52: =IF($T$2=0,$D23,$J23) -> 0 | E52: =IF($T$2=0,$E23,$K23) -> 0 | H52: =$B27 -> 0 | I52: =IF($T$2=0,$C27,$I27) -> 0 | J52: =IF($T$2=0,$D27,$J27) -> 0 | K52: =IF($T$2=0,$E27,$K27) -> 0
C53: =SUM(C49:C52) -> 0 | D53: =SUM(D49:D52) -> 0 | E53: =SUM(E49:E52) -> 0 | I53: =SUM(I49:I52) -> 0 | J53: =SUM(J49:J52) -> 0 | K53: =SUM(K49:K52) -> 0
A56: =A1 -> 2026 아르케 존 00회 정기 모임 점수
K57: 날짜 | L57: =L2 -> 46113
B58: 이 름 | C58: 1 G | D58: 2 G | E58: 3 G | F58: 합 계 | G58: 에 버 | H58: 기본에버 | I58: 1 G | J58: 2 G | K58: 3 G | L58: 합 계 | M58: 오 차
A59: 1 | B59: {=INDEX($B$4:$M$33,MATCH($A59,$U$4:$U$33,0),COLUMN(A$1))} -> #N/A | C59: {=INDEX($B$4:$M$33,MATCH($A59,$U$4:$U$33,0),COLUMN(B$1))} -> #N/A | D59: {=INDEX($B$4:$M$33,MATCH($A59,$U$4:$U$33,0),COLUMN(C$1))} -> #N/A | E59: {=INDEX($B$4:$M$33,MATCH($A59,$U$4:$U$33,0),COLUMN(D$1))} -> #N/A | F59: =SUM(C59:E59) -> #N/A | G59: =F59/3 -> #N/A | H59: {=IF(B59="","",IFERROR(INDEX('회원명단 및 기준에버'!D:G,MATCH(B59,'회원명단 및 기준에버'!$C:$C,0),CHOOSE(INT((MONTH($L$2)-1)/3)+1,1,2,3,4)),""))} -> #N/A | I59: =IFERROR(C59+-H59,0) -> 0 | J59: =IFERROR(D59+-H59,0) -> 0 | K59: =IFERROR(E59+-H59,0) -> 0 | L59: =SUM(I59:K59) -> 0 | M59: =IFERROR(G59+-H59,0) -> 0
A60: 2 | B60: {=INDEX($B$4:$M$33,MATCH($A60,$U$4:$U$33,0),COLUMN(A$1))} -> #N/A | C60: {=INDEX($B$4:$M$33,MATCH($A60,$U$4:$U$33,0),COLUMN(B$1))} -> #N/A | D60: {=INDEX($B$4:$M$33,MATCH($A60,$U$4:$U$33,0),COLUMN(C$1))} -> #N/A | E60: {=INDEX($B$4:$M$33,MATCH($A60,$U$4:$U$33,0),COLUMN(D$1))} -> #N/A | F60: =SUM(C60:E60) -> #N/A | G60: =F60/3 -> #N/A | H60: {=IF(B60="","",IFERROR(INDEX('회원명단 및 기준에버'!D:G,MATCH(B60,'회원명단 및 기준에버'!$C:$C,0),CHOOSE(INT((MONTH($L$2)-1)/3)+1,1,2,3,4)),""))} -> #N/A | I60: =IFERROR(C60+-H60,0) -> 0 | J60: =IFERROR(D60+-H60,0) -> 0 | K60: =IFERROR(E60+-H60,0) -> 0 | L60: =SUM(I60:K60) -> 0 | M60: =IFERROR(G60+-H60,0) -> 0
A61: 3 | B61: {=INDEX($B$4:$M$33,MATCH($A61,$U$4:$U$33,0),COLUMN(A$1))} -> #N/A | C61: {=INDEX($B$4:$M$33,MATCH($A61,$U$4:$U$33,0),COLUMN(B$1))} -> #N/A | D61: {=INDEX($B$4:$M$33,MATCH($A61,$U$4:$U$33,0),COLUMN(C$1))} -> #N/A | E61: {=INDEX($B$4:$M$33,MATCH($A61,$U$4:$U$33,0),COLUMN(D$1))} -> #N/A | F61: =SUM(C61:E61) -> #N/A | G61: =F61/3 -> #N/A | H61: {=IF(B61="","",IFERROR(INDEX('회원명단 및 기준에버'!D:G,MATCH(B61,'회원명단 및 기준에버'!$C:$C,0),CHOOSE(INT((MONTH($L$2)-1)/3)+1,1,2,3,4)),""))} -> #N/A | I61: =IFERROR(C61+-H61,0) -> 0 | J61: =IFERROR(D61+-H61,0) -> 0 | K61: =IFERROR(E61+-H61,0) -> 0 | L61: =SUM(I61:K61) -> 0 | M61: =IFERROR(G61+-H61,0) -> 0
A62: 4 | B62: {=INDEX($B$4:$M$33,MATCH($A62,$U$4:$U$33,0),COLUMN(A$1))} -> #N/A | C62: {=INDEX($B$4:$M$33,MATCH($A62,$U$4:$U$33,0),COLUMN(B$1))} -> #N/A | D62: {=INDEX($B$4:$M$33,MATCH($A62,$U$4:$U$33,0),COLUMN(C$1))} -> #N/A | E62: {=INDEX($B$4:$M$33,MATCH($A62,$U$4:$U$33,0),COLUMN(D$1))} -> #N/A | F62: =SUM(C62:E62) -> #N/A | G62: =F62/3 -> #N/A | H62: {=IF(B62="","",IFERROR(INDEX('회원명단 및 기준에버'!D:G,MATCH(B62,'회원명단 및 기준에버'!$C:$C,0),CHOOSE(INT((MONTH($L$2)-1)/3)+1,1,2,3,4)),""))} -> #N/A | I62: =IFERROR(C62+-H62,0) -> 0 | J62: =IFERROR(D62+-H62,0) -> 0 | K62: =IFERROR(E62+-H62,0) -> 0 | L62: =SUM(I62:K62) -> 0 | M62: =IFERROR(G62+-H62,0) -> 0
A63: 5 | B63: {=INDEX($B$4:$M$33,MATCH($A63,$U$4:$U$33,0),COLUMN(A$1))} -> #N/A | C63: {=INDEX($B$4:$M$33,MATCH($A63,$U$4:$U$33,0),COLUMN(B$1))} -> #N/A | D63: {=INDEX($B$4:$M$33,MATCH($A63,$U$4:$U$33,0),COLUMN(C$1))} -> #N/A | E63: {=INDEX($B$4:$M$33,MATCH($A63,$U$4:$U$33,0),COLUMN(D$1))} -> #N/A | F63: =SUM(C63:E63) -> #N/A | G63: =F63/3 -> #N/A | H63: {=IF(B63="","",IFERROR(INDEX('회원명단 및 기준에버'!D:G,MATCH(B63,'회원명단 및 기준에버'!$C:$C,0),CHOOSE(INT((MONTH($L$2)-1)/3)+1,1,2,3,4)),""))} -> #N/A | I63: =IFERROR(C63+-H63,0) -> 0 | J63: =IFERROR(D63+-H63,0) -> 0 | K63: =IFERROR(E63+-H63,0) -> 0 | L63: =SUM(I63:K63) -> 0 | M63: =IFERROR(G63+-H63,0) -> 0
A64: 6 | B64: {=INDEX($B$4:$M$33,MATCH($A64,$U$4:$U$33,0),COLUMN(A$1))} -> #N/A | C64: {=INDEX($B$4:$M$33,MATCH($A64,$U$4:$U$33,0),COLUMN(B$1))} -> #N/A | D64: {=INDEX($B$4:$M$33,MATCH($A64,$U$4:$U$33,0),COLUMN(C$1))} -> #N/A | E64: {=INDEX($B$4:$M$33,MATCH($A64,$U$4:$U$33,0),COLUMN(D$1))} -> #N/A | F64: =SUM(C64:E64) -> #N/A | G64: =F64/3 -> #N/A | H64: {=IF(B64="","",IFERROR(INDEX('회원명단 및 기준에버'!D:G,MATCH(B64,'회원명단 및 기준에버'!$C:$C,0),CHOOSE(INT((MONTH($L$2)-1)/3)+1,1,2,3,4)),""))} -> #N/A | I64: =IFERROR(C64+-H64,0) -> 0 | J64: =IFERROR(D64+-H64,0) -> 0 | K64: =IFERROR(E64+-H64,0) -> 0 | L64: =SUM(I64:K64) -> 0 | M64: =IFERROR(G64+-H64,0) -> 0
A65: 7 | B65: {=INDEX($B$4:$M$33,MATCH($A65,$U$4:$U$33,0),COLUMN(A$1))} -> #N/A | C65: {=INDEX($B$4:$M$33,MATCH($A65,$U$4:$U$33,0),COLUMN(B$1))} -> #N/A | D65: {=INDEX($B$4:$M$33,MATCH($A65,$U$4:$U$33,0),COLUMN(C$1))} -> #N/A | E65: {=INDEX($B$4:$M$33,MATCH($A65,$U$4:$U$33,0),COLUMN(D$1))} -> #N/A | F65: =SUM(C65:E65) -> #N/A | G65: =F65/3 -> #N/A | H65: {=IF(B65="","",IFERROR(INDEX('회원명단 및 기준에버'!D:G,MATCH(B65,'회원명단 및 기준에버'!$C:$C,0),CHOOSE(INT((MONTH($L$2)-1)/3)+1,1,2,3,4)),""))} -> #N/A | I65: =IFERROR(C65+-H65,0) -> 0 | J65: =IFERROR(D65+-H65,0) -> 0 | K65: =IFERROR(E65+-H65,0) -> 0 | L65: =SUM(I65:K65) -> 0 | M65: =IFERROR(G65+-H65,0) -> 0
A66: 8 | B66: {=INDEX($B$4:$M$33,MATCH($A66,$U$4:$U$33,0),COLUMN(A$1))} -> #N/A | C66: {=INDEX($B$4:$M$33,MATCH($A66,$U$4:$U$33,0),COLUMN(B$1))} -> #N/A | D66: {=INDEX($B$4:$M$33,MATCH($A66,$U$4:$U$33,0),COLUMN(C$1))} -> #N/A | E66: {=INDEX($B$4:$M$33,MATCH($A66,$U$4:$U$33,0),COLUMN(D$1))} -> #N/A | F66: =SUM(C66:E66) -> #N/A | G66: =F66/3 -> #N/A | H66: {=IF(B66="","",IFERROR(INDEX('회원명단 및 기준에버'!D:G,MATCH(B66,'회원명단 및 기준에버'!$C:$C,0),CHOOSE(INT((MONTH($L$2)-1)/3)+1,1,2,3,4)),""))} -> #N/A | I66: =IFERROR(C66+-H66,0) -> 0 | J66: =IFERROR(D66+-H66,0) -> 0 | K66: =IFERROR(E66+-H66,0) -> 0 | L66: =SUM(I66:K66) -> 0 | M66: =IFERROR(G66+-H66,0) -> 0
A67: 9 | B67: {=INDEX($B$4:$M$33,MATCH($A67,$U$4:$U$33,0),COLUMN(A$1))} -> #N/A | C67: {=INDEX($B$4:$M$33,MATCH($A67,$U$4:$U$33,0),COLUMN(B$1))} -> #N/A | D67: {=INDEX($B$4:$M$33,MATCH($A67,$U$4:$U$33,0),COLUMN(C$1))} -> #N/A | E67: {=INDEX($B$4:$M$33,MATCH($A67,$U$4:$U$33,0),COLUMN(D$1))} -> #N/A | F67: =SUM(C67:E67) -> #N/A | G67: =F67/3 -> #N/A | H67: {=IF(B67="","",IFERROR(INDEX('회원명단 및 기준에버'!D:G,MATCH(B67,'회원명단 및 기준에버'!$C:$C,0),CHOOSE(INT((MONTH($L$2)-1)/3)+1,1,2,3,4)),""))} -> #N/A | I67: =IFERROR(C67+-H67,0) -> 0 | J67: =IFERROR(D67+-H67,0) -> 0 | K67: =IFERROR(E67+-H67,0) -> 0 | L67: =SUM(I67:K67) -> 0 | M67: =IFERROR(G67+-H67,0) -> 0
A68: 10 | B68: {=INDEX($B$4:$M$33,MATCH($A68,$U$4:$U$33,0),COLUMN(A$1))} -> #N/A | C68: {=INDEX($B$4:$M$33,MATCH($A68,$U$4:$U$33,0),COLUMN(B$1))} -> #N/A | D68: {=INDEX($B$4:$M$33,MATCH($A68,$U$4:$U$33,0),COLUMN(C$1))} -> #N/A | E68: {=INDEX($B$4:$M$33,MATCH($A68,$U$4:$U$33,0),COLUMN(D$1))} -> #N/A | F68: =SUM(C68:E68) -> #N/A | G68: =F68/3 -> #N/A | H68: {=IF(B68="","",IFERROR(INDEX('회원명단 및 기준에버'!D:G,MATCH(B68,'회원명단 및 기준에버'!$C:$C,0),CHOOSE(INT((MONTH($L$2)-1)/3)+1,1,2,3,4)),""))} -> #N/A | I68: =IFERROR(C68+-H68,0) -> 0 | J68: =IFERROR(D68+-H68,0) -> 0 | K68: =IFERROR(E68+-H68,0) -> 0 | L68: =SUM(I68:K68) -> 0 | M68: =IFERROR(G68+-H68,0) -> 0
A69: 11 | B69: {=INDEX($B$4:$M$33,MATCH($A69,$U$4:$U$33,0),COLUMN(A$1))} -> #N/A | C69: {=INDEX($B$4:$M$33,MATCH($A69,$U$4:$U$33,0),COLUMN(B$1))} -> #N/A | D69: {=INDEX($B$4:$M$33,MATCH($A69,$U$4:$U$33,0),COLUMN(C$1))} -> #N/A | E69: {=INDEX($B$4:$M$33,MATCH($A69,$U$4:$U$33,0),COLUMN(D$1))} -> #N/A | F69: =SUM(C69:E69) -> #N/A | G69: =F69/3 -> #N/A | H69: {=IF(B69="","",IFERROR(INDEX('회원명단 및 기준에버'!D:G,MATCH(B69,'회원명단 및 기준에버'!$C:$C,0),CHOOSE(INT((MONTH($L$2)-1)/3)+1,1,2,3,4)),""))} -> #N/A | I69: =IFERROR(C69+-H69,0) -> 0 | J69: =IFERROR(D69+-H69,0) -> 0 | K69: =IFERROR(E69+-H69,0) -> 0 | L69: =SUM(I69:K69) -> 0 | M69: =IFERROR(G69+-H69,0) -> 0
A70: 12 | B70: {=INDEX($B$4:$M$33,MATCH($A70,$U$4:$U$33,0),COLUMN(A$1))} -> #N/A | C70: {=INDEX($B$4:$M$33,MATCH($A70,$U$4:$U$33,0),COLUMN(B$1))} -> #N/A | D70: {=INDEX($B$4:$M$33,MATCH($A70,$U$4:$U$33,0),COLUMN(C$1))} -> #N/A | E70: {=INDEX($B$4:$M$33,MATCH($A70,$U$4:$U$33,0),COLUMN(D$1))} -> #N/A | F70: =SUM(C70:E70) -> #N/A | G70: =F70/3 -> #N/A | H70: {=IF(B70="","",IFERROR(INDEX('회원명단 및 기준에버'!D:G,MATCH(B70,'회원명단 및 기준에버'!$C:$C,0),CHOOSE(INT((MONTH($L$2)-1)/3)+1,1,2,3,4)),""))} -> #N/A | I70: =IFERROR(C70+-H70,0) -> 0 | J70: =IFERROR(D70+-H70,0) -> 0 | K70: =IFERROR(E70+-H70,0) -> 0 | L70: =SUM(I70:K70) -> 0 | M70: =IFERROR(G70+-H70,0) -> 0
... A82: 24 | B82: {=INDEX($B$4:$M$33,MATCH($A82,$U$4:$U$33,0),COLUMN(A$1))} -> #N/A | C82: {=INDEX($B$4:$M$33,MATCH($A82,$U$4:$U$33,0),COLUMN(B$1))} -> #N/A | D82: {=INDEX($B$4:$M$33,MATCH($A82,$U$4:$U$33,0),COLUMN(C$1))} -> #N/A | E82: {=INDEX($B$4:$M$33,MATCH($A82,$U$4:$U$33,0),COLUMN(D$1))} -> #N/A | F82: =SUM(C82:E82) -> #N/A | G82: =F82/3 -> #N/A | H82: {=IF(B82="","",IFERROR(INDEX('회원명단 및 기준에버'!D:G,MATCH(B82,'회원명단 및 기준에버'!$C:$C,0),CHOOSE(INT((MONTH($L$2)-1)/3)+1,1,2,3,4)),""))} -> #N/A | I82: =IFERROR(C82+-H82,0) -> 0 | J82: =IFERROR(D82+-H82,0) -> 0 | K82: =IFERROR(E82+-H82,0) -> 0 | L82: =SUM(I82:K82) -> 0 | M82: =IFERROR(G82+-H82,0) -> 0
B83: 시 상 및 벌 금
B84: 에버상승상 남+20점,여+10점 이상 상위1명 | F84: 에버벌금 | G84: 정기전 만 해당 함 | J84: 유니품 벌금
B85: =IF(B31="","",B31) | C85: =IF(C31="","",C31) | D85: =IF(D31="","",D31) | E85: =IF(E31="","",E31) | G85: 1점부터 2000원 | J85: =IF(J31="","",J31) | K85: =IF(K31="","",K31) | L85: =IF(L31="","",L31) | M85: =IF(M31="","",M31)
B86: 올카바 상 | I86: 초구가터벌금1회1000원 | K86: 광 박 1회 2000원
B87: =IF(B33="","",B33) | C87: =IF(C33="","",C33) | D87: =IF(D33="","",D33) | E87: =IF(E33="","",E33) | F87: =IF(F33="","",F33) | G87: =IF(G33="","",G33) | I87: =IF(I33="","",I33) | J87: =IF(J33="","",J33) | K87: =IF(K33="","",K33) | L87: =IF(L33="","",L33) | M87: =IF(M33="","",M33)
B88: =IF(B34="","",B34) | C88: =IF(C34="","",C34) | D88: =IF(D34="","",D34) | E88: =IF(E34="","",E34) | F88: =IF(F34="","",F34) | G88: =IF(G34="","",G34) | I88: =IF(I34="","",I34) | J88: =IF(J34="","",J34) | K88: =IF(K34="","",K34) | L88: =IF(L34="","",L34) | M88: =IF(M34="","",M34)
B89: =IF(B35="","",B35) | C89: =IF(C35="","",C35) | D89: =IF(D35="","",D35) | E89: =IF(E35="","",E35) | F89: =IF(F35="","",F35) | G89: =IF(G35="","",G35) | I89: =IF(I35="","",I35) | J89: =IF(J35="","",J35) | K89: =IF(K35="","",K35) | L89: =IF(L35="","",L35) | M89: =IF(M35="","",M35)
B90: 팀 전
B91: =IF(B37="","",B37) -> 0 | C91: =IF(C37="","",C37) -> 0 | D91: =IF(D37="","",D37) -> 0 | E91: =IF(E37="","",E37) -> 0 | F91: =IF(F37="","",F37) -> 0 | G91: =IF(G37="","",G37) | H91: =IF(H37="","",H37) -> 0 | I91: =IF(I37="","",I37) -> 0 | ... M91: =IF(M37="","",M37)
B92: =IF(B38="","",B38) -> 0 | C92: =IF(C38="","",C38) -> 0 | D92: =IF(D38="","",D38) -> 0 | E92: =IF(E38="","",E38) -> 0 | F92: =IF(F38="","",F38) | G92: =IF(G38="","",G38) | H92: =IF(H38="","",H38) -> 0 | I92: =IF(I38="","",I38) -> 0 | ... M92: =IF(M38="","",M38)
B93: =IF(B39="","",B39) -> 0 | C93: =IF(C39="","",C39) -> 0 | D93: =IF(D39="","",D39) -> 0 | E93: =IF(E39="","",E39) -> 0 | F93: =IF(F39="","",F39) | G93: =IF(G39="","",G39) | H93: =IF(H39="","",H39) -> 0 | I93: =IF(I39="","",I39) -> 0 | ... M93: =IF(M39="","",M39)
B94: =IF(B40="","",B40) -> 0 | C94: =IF(C40="","",C40) -> 0 | D94: =IF(D40="","",D40) -> 0 | E94: =IF(E40="","",E40) -> 0 | F94: =IF(F40="","",F40) | G94: =IF(G40="","",G40) | H94: =IF(H40="","",H40) -> 0 | I94: =IF(I40="","",I40) -> 0 | ... M94: =IF(M40="","",M40)
B95: =IF(B41="","",B41) | C95: =IF(C41="","",C41) -> 0 | D95: =IF(D41="","",D41) -> 0 | E95: =IF(E41="","",E41) -> 0 | F95: =IF(F41="","",F41) | G95: =IF(G41="","",G41) | H95: =IF(H41="","",H41) | I95: =IF(I41="","",I41) -> 0 | ... M95: =IF(M41="","",M41)
B96: =IF(B42="","",B42) | C96: =IF(C42="","",C42) | D96: =IF(D42="","",D42) | E96: =IF(E42="","",E42) | F96: =IF(F42="","",F42) | G96: =IF(G42="","",G42) | H96: =IF(H42="","",H42) | I96: =IF(I42="","",I42) | ... M96: =IF(M42="","",M42)
B97: =IF(B43="","",B43) -> 0 | C97: =IF(C43="","",C43) -> 0 | D97: =IF(D43="","",D43) -> 0 | E97: =IF(E43="","",E43) -> 0 | F97: =IF(F43="","",F43) -> 0 | G97: =IF(G43="","",G43) | H97: =IF(H43="","",H43) -> 0 | I97: =IF(I43="","",I43) -> 0 | ... M97: =IF(M43="","",M43)
B98: =IF(B44="","",B44) -> 0 | C98: =IF(C44="","",C44) -> 0 | D98: =IF(D44="","",D44) -> 0 | E98: =IF(E44="","",E44) -> 0 | F98: =IF(F44="","",F44) | G98: =IF(G44="","",G44) | H98: =IF(H44="","",H44) -> 0 | I98: =IF(I44="","",I44) -> 0 | ... M98: =IF(M44="","",M44)
B99: =IF(B45="","",B45) -> 0 | C99: =IF(C45="","",C45) -> 0 | D99: =IF(D45="","",D45) -> 0 | E99: =IF(E45="","",E45) -> 0 | F99: =IF(F45="","",F45) | G99: =IF(G45="","",G45) | H99: =IF(H45="","",H45) -> 0 | I99: =IF(I45="","",I45) -> 0 | ... M99: =IF(M45="","",M45)
B100: =IF(B46="","",B46) -> 0 | C100: =IF(C46="","",C46) -> 0 | D100: =IF(D46="","",D46) -> 0 | E100: =IF(E46="","",E46) -> 0 | F100: =IF(F46="","",F46) | G100: =IF(G46="","",G46) | H100: =IF(H46="","",H46) -> 0 | I100: =IF(I46="","",I46) -> 0 | ... M100: =IF(M46="","",M46)
B101: =IF(B47="","",B47) | C101: =IF(C47="","",C47) -> 0 | D101: =IF(D47="","",D47) -> 0 | E101: =IF(E47="","",E47) -> 0 | F101: =IF(F47="","",F47) | G101: =IF(G47="","",G47) | H101: =IF(H47="","",H47) | I101: =IF(I47="","",I47) -> 0 | ... M101: =IF(M47="","",M47)
B102: =IF(B48="","",B48) | C102: =IF(C48="","",C48) | D102: =IF(D48="","",D48) | E102: =IF(E48="","",E48) | F102: =IF(F48="","",F48) | G102: =IF(G48="","",G48) | H102: =IF(H48="","",H48) | I102: =IF(I48="","",I48) | ... M102: =IF(M48="","",M48)
... B107: =IF(B53="","",B53) | C107: =IF(C53="","",C53) -> 0 | D107: =IF(D53="","",D53) -> 0 | E107: =IF(E53="","",E53) -> 0 | F107: =IF(F53="","",F53) | G107: =IF(G53="","",G53) | H107: =IF(H53="","",H53) | I107: =IF(I53="","",I53) -> 0 | ... M107: =IF(M53="","",M53)

Sheet 07회정모
A1: 2026 아르케 존 07회 정기 모임 점수
K2: 날짜 | L2: 46114 | S2: 팀전에버기준 | T2: 1 | U2: 순위에버오차기준 | V2: 1
B3: 이 름 | C3: 1 G | D3: 2 G | E3: 3 G | F3: 합 계 | G3: 에 버 | H3: 기본에버 | I3: 1 G | J3: 2 G | K3: 3 G | L3: 합 계 | M3: 오 차 | S3: 수식입력부분 삭제하지마세요~
A4: 1 | B4: 채 윤 주 | C4: 187 | D4: 214 | E4: 181 | F4: =SUM(C4:E4) -> 582 | G4: =F4/3 -> 194 | H4: {=IF(B4="","",IFERROR(INDEX('회원명단 및 기준에버'!D:G,MATCH(B4,'회원명단 및 기준에버'!$C:$C,0),CHOOSE(INT((MONTH($L$2)-1)/3)+1,1,2,3,4)),""))} -> 0 | I4: 0 | J4: 0 | K4: 0 | L4: =SUM(I4:K4) -> 0 | M4: 0 | S4: =MAX(C4:E4)-MIN(C4:E4) -> 33 | T4: =IF($B4="",-999999999+A4,IF($V$2=0,(F4*10000+S4*1000+A4),(M4*10000+S4*10+A4))) -> 331 | U4: =_xlfn.RANK.EQ(T4,$T$4:$T$28,0) -> 12
A5: 2 | B5: 이 정 석 | C5: 165 | D5: 213 | E5: 183 | F5: =SUM(C5:E5) -> 561 | G5: =F5/3 -> 187 | H5: {=IF(B5="","",IFERROR(INDEX('회원명단 및 기준에버'!D:G,MATCH(B5,'회원명단 및 기준에버'!$C:$C,0),CHOOSE(INT((MONTH($L$2)-1)/3)+1,1,2,3,4)),""))} -> 200 | I5: =IFERROR(C5+-H5,0) -> -35 | J5: =IFERROR(D5+-H5,0) -> 13 | K5: =IFERROR(E5+-H5,0) -> -17 | L5: =SUM(I5:K5) -> -39 | M5: =IFERROR(G5+-H5,0) -> -13 | S5: =MAX(C5:E5)-MIN(C5:E5) -> 48 | T5: =IF($B5="",-999999999+A5,IF($V$2=0,(F5*10000+S5*1000+A5),(M5*10000+S5*10+A5))) -> -129518 | U5: =_xlfn.RANK.EQ(T5,$T$4:$T$28,0) -> 23
A6: 3 | B6: 임 승 기 | C6: 182 | D6: 203 | E6: 193 | F6: =SUM(C6:E6) -> 578 | G6: =F6/3 -> 192.66667 | H6: {=IF(B6="","",IFERROR(INDEX('회원명단 및 기준에버'!D:G,MATCH(B6,'회원명단 및 기준에버'!$C:$C,0),CHOOSE(INT((MONTH($L$2)-1)/3)+1,1,2,3,4)),""))} -> 200 | I6: =IFERROR(C6+-H6,0) -> -18 | J6: =IFERROR(D6+-H6,0) -> 3 | K6: =IFERROR(E6+-H6,0) -> -7 | L6: =SUM(I6:K6) -> -22 | M6: =IFERROR(G6+-H6,0) -> -7.3333333 | S6: =MAX(C6:E6)-MIN(C6:E6) -> 21 | T6: =IF($B6="",-999999999+A6,IF($V$2=0,(F6*10000+S6*1000+A6),(M6*10000+S6*10+A6))) -> -73120.333 | U6: =_xlfn.RANK.EQ(T6,$T$4:$T$28,0) -> 20
A7: 4 | B7: 김 태 환 | C7: 185 | D7: 193 | E7: 245 | F7: =SUM(C7:E7) -> 623 | G7: =F7/3 -> 207.66667 | H7: {=IF(B7="","",IFERROR(INDEX('회원명단 및 기준에버'!D:G,MATCH(B7,'회원명단 및 기준에버'!$C:$C,0),CHOOSE(INT((MONTH($L$2)-1)/3)+1,1,2,3,4)),""))} -> 199 | I7: =IFERROR(C7+-H7,0) -> -14 | J7: =IFERROR(D7+-H7,0) -> -6 | K7: =IFERROR(E7+-H7,0) -> 46 | L7: =SUM(I7:K7) -> 26 | M7: =IFERROR(G7+-H7,0) -> 8.6666667 | S7: =MAX(C7:E7)-MIN(C7:E7) -> 60 | T7: =IF($B7="",-999999999+A7,IF($V$2=0,(F7*10000+S7*1000+A7),(M7*10000+S7*10+A7))) -> 87270.667 | U7: =_xlfn.RANK.EQ(T7,$T$4:$T$28,0) -> 6
A8: 5 | B8: 김 종 훈 | C8: 150 | D8: 134 | E8: 160 | F8: =SUM(C8:E8) -> 444 | G8: =F8/3 -> 148 | H8: {=IF(B8="","",IFERROR(INDEX('회원명단 및 기준에버'!D:G,MATCH(B8,'회원명단 및 기준에버'!$C:$C,0),CHOOSE(INT((MONTH($L$2)-1)/3)+1,1,2,3,4)),""))} -> 190 | I8: =IFERROR(C8+-H8,0) -> -40 | J8: =IFERROR(D8+-H8,0) -> -56 | K8: =IFERROR(E8+-H8,0) -> -30 | L8: =SUM(I8:K8) -> -126 | M8: =IFERROR(G8+-H8,0) -> -42 | S8: =MAX(C8:E8)-MIN(C8:E8) -> 26 | T8: =IF($B8="",-999999999+A8,IF($V$2=0,(F8*10000+S8*1000+A8),(M8*10000+S8*10+A8))) -> -419735 | U8: =_xlfn.RANK.EQ(T8,$T$4:$T$28,0) -> 25
A9: 6 | B9: 김 선 미 | C9: 158 | D9: 166 | E9: 188 | F9: =SUM(C9:E9) -> 512 | G9: =F9/3 -> 170.66667 | H9: {=IF(B9="","",IFERROR(INDEX('회원명단 및 기준에버'!D:G,MATCH(B9,'회원명단 및 기준에버'!$C:$C,0),CHOOSE(INT((MONTH($L$2)-1)/3)+1,1,2,3,4)),""))} -> 162 | I9: =IFERROR(C9+-H9,0) -> -4 | J9: =IFERROR(D9+-H9,0) -> 4 | K9: =IFERROR(E9+-H9,0) -> 26 | L9: =SUM(I9:K9) -> 26 | M9: =IFERROR(G9+-H9,0) -> 8.6666667 | S9: =MAX(C9:E9)-MIN(C9:E9) -> 30 | T9: =IF($B9="",-999999999+A9,IF($V$2=0,(F9*10000+S9*1000+A9),(M9*10000+S9*10+A9))) -> 86972.667 | U9: =_xlfn.RANK.EQ(T9,$T$4:$T$28,0) -> 7
A10: 7 | B10: 김 정 희 | C10: 180 | D10: 245 | E10: 217 | F10: =SUM(C10:E10) -> 642 | G10: =F10/3 -> 214 | H10: {=IF(B10="","",IFERROR(INDEX('회원명단 및 기준에버'!D:G,MATCH(B10,'회원명단 및 기준에버'!$C:$C,0),CHOOSE(INT((MONTH($L$2)-1)/3)+1,1,2,3,4)),""))} -> 200 | I10: =IFERROR(C10+-H10,0) -> -20 | J10: =IFERROR(D10+-H10,0) -> 45 | K10: =IFERROR(E10+-H10,0) -> 17 | L10: =SUM(I10:K10) -> 42 | M10: =IFERROR(G10+-H10,0) -> 14 | S10: =MAX(C10:E10)-MIN(C10:E10) -> 65 | T10: =IF($B10="",-999999999+A10,IF($V$2=0,(F10*10000+S10*1000+A10),(M10*10000+S10*10+A10))) -> 140657 | U10: =_xlfn.RANK.EQ(T10,$T$4:$T$28,0) -> 4
A11: 8 | B11: 장 영 민 | C11: 204 | D11: 222 | E11: 156 | F11: =SUM(C11:E11) -> 582 | G11: =F11/3 -> 194 | H11: {=IF(B11="","",IFERROR(INDEX('회원명단 및 기준에버'!D:G,MATCH(B11,'회원명단 및 기준에버'!$C:$C,0),CHOOSE(INT((MONTH($L$2)-1)/3)+1,1,2,3,4)),""))} -> 200 | I11: =IFERROR(C11+-H11,0) -> 4 | J11: =IFERROR(D11+-H11,0) -> 22 | K11: =IFERROR(E11+-H11,0) -> -44 | L11: =SUM(I11:K11) -> -18 | M11: =IFERROR(G11+-H11,0) -> -6 | S11: =MAX(C11:E11)-MIN(C11:E11) -> 66 | T11: =IF($B11="",-999999999+A11,IF($V$2=0,(F11*10000+S11*1000+A11),(M11*10000+S11*10+A11))) -> -59332 | U11: =_xlfn.RANK.EQ(T11,$T$4:$T$28,0) -> 17
A12: 9 | B12: 이 상 현 | C12: 180 | D12: 194 | E12: 182 | F12: =SUM(C12:E12) -> 556 | G12: =F12/3 -> 185.33333 | H12: {=IF(B12="","",IFERROR(INDEX('회원명단 및 기준에버'!D:G,MATCH(B12,'회원명단 및 기준에버'!$C:$C,0),CHOOSE(INT((MONTH($L$2)-1)/3)+1,1,2,3,4)),""))} -> 195 | I12: =IFERROR(C12+-H12,0) -> -15 | J12: =IFERROR(D12+-H12,0) -> -1 | K12: =IFERROR(E12+-H12,0) -> -13 | L12: =SUM(I12:K12) -> -29 | M12: =IFERROR(G12+-H12,0) -> -9.6666667 | S12: =MAX(C12:E12)-MIN(C12:E12) -> 14 | T12: =IF($B12="",-999999999+A12,IF($V$2=0,(F12*10000+S12*1000+A12),(M12*10000+S12*10+A12))) -> -96517.667 | U12: =_xlfn.RANK.EQ(T12,$T$4:$T$28,0) -> 21
A13: 10 | B13: 박 성 현 | C13: 208 | D13: 179 | E13: 191 | F13: =SUM(C13:E13) -> 578 | G13: =F13/3 -> 192.66667 | H13: {=IF(B13="","",IFERROR(INDEX('회원명단 및 기준에버'!D:G,MATCH(B13,'회원명단 및 기준에버'!$C:$C,0),CHOOSE(INT((MONTH($L$2)-1)/3)+1,1,2,3,4)),""))} -> 191 | I13: =IFERROR(C13+-H13,0) -> 17 | J13: =IFERROR(D13+-H13,0) -> -12 | K13: =IFERROR(E13+-H13,0) -> 0 | L13: =SUM(I13:K13) -> 5 | M13: =IFERROR(G13+-H13,0) -> 1.6666667 | S13: =MAX(C13:E13)-MIN(C13:E13) -> 29 | T13: =IF($B13="",-999999999+A13,IF($V$2=0,(F13*10000+S13*1000+A13),(M13*10000+S13*10+A13))) -> 16966.667 | U13: =_xlfn.RANK.EQ(T13,$T$4:$T$28,0) -> 11
A14: 11 | B14: 지 옥 명 | C14: 173 | D14: 166 | E14: 191 | F14: =SUM(C14:E14) -> 530 | G14: =F14/3 -> 176.66667 | H14: {=IF(B14="","",IFERROR(INDEX('회원명단 및 기준에버'!D:G,MATCH(B14,'회원명단 및 기준에버'!$C:$C,0),CHOOSE(INT((MONTH($L$2)-1)/3)+1,1,2,3,4)),""))} -> 177 | I14: =IFERROR(C14+-H14,0) -> -4 | J14: =IFERROR(D14+-H14,0) -> -11 | K14: =IFERROR(E14+-H14,0) -> 14 | L14: =SUM(I14:K14) -> -1 | M14: =IFERROR(G14+-H14,0) -> -0.33333333 | S14: =MAX(C14:E14)-MIN(C14:E14) -> 25 | T14: =IF($B14="",-999999999+A14,IF($V$2=0,(F14*10000+S14*1000+A14),(M14*10000+S14*10+A14))) -> -3072.3333 | U14: =_xlfn.RANK.EQ(T14,$T$4:$T$28,0) -> 14
A15: 12 | B15: 천 성 일 | C15: 176 | D15: 179 | E15: 214 | F15: =SUM(C15:E15) -> 569 | G15: =F15/3 -> 189.66667 | H15: {=IF(B15="","",IFERROR(INDEX('회원명단 및 기준에버'!D:G,MATCH(B15,'회원명단 및 기준에버'!$C:$C,0),CHOOSE(INT((MONTH($L$2)-1)/3)+1,1,2,3,4)),""))} -> 191 | I15: =IFERROR(C15+-H15,0) -> -15 | J15: =IFERROR(D15+-H15,0) -> -12 | K15: =IFERROR(E15+-H15,0) -> 23 | L15: =SUM(I15:K15) -> -4 | M15: =IFERROR(G15+-H15,0) -> -1.3333333 | S15: =MAX(C15:E15)-MIN(C15:E15) -> 38 | T15: =IF($B15="",-999999999+A15,IF($V$2=0,(F15*10000+S15*1000+A15),(M15*10000+S15*10+A15))) -> -12941.333 | U15: =_xlfn.RANK.EQ(T15,$T$4:$T$28,0) -> 15
A16: 13 | B16: 이 우 석 | C16: 192 | D16: 192 | E16: 194 | F16: =SUM(C16:E16) -> 578 | G16: =F16/3 -> 192.66667 | H16: {=IF(B16="","",IFERROR(INDEX('회원명단 및 기준에버'!D:G,MATCH(B16,'회원명단 및 기준에버'!$C:$C,0),CHOOSE(INT((MONTH($L$2)-1)/3)+1,1,2,3,4)),""))} -> 199 | I16: =IFERROR(C16+-H16,0) -> -7 | J16: =IFERROR(D16+-H16,0) -> -7 | K16: =IFERROR(E16+-H16,0) -> -5 | L16: =SUM(I16:K16) -> -19 | M16: =IFERROR(G16+-H16,0) -> -6.3333333 | S16: =MAX(C16:E16)-MIN(C16:E16) -> 2 | T16: =IF($B16="",-999999999+A16,IF($V$2=0,(F16*10000+S16*1000+A16),(M16*10000+S16*10+A16))) -> -63300.333 | U16: =_xlfn.RANK.EQ(T16,$T$4:$T$28,0) -> 18
... A28: 25 | B28: 이 재 용 | C28: 246 | D28: 165 | E28: 221 | F28: =SUM(C28:E28) -> 632 | G28: =F28/3 -> 210.66667 | H28: {=IF(B28="","",IFERROR(INDEX('회원명단 및 기준에버'!D:G,MATCH(B28,'회원명단 및 기준에버'!$C:$C,0),CHOOSE(INT((MONTH($L$2)-1)/3)+1,1,2,3,4)),""))} -> 196 | I28: =IFERROR(C28+-H28,0) -> 50 | J28: =IFERROR(D28+-H28,0) -> -31 | K28: =IFERROR(E28+-H28,0) -> 25 | L28: =SUM(I28:K28) -> 44 | M28: =IFERROR(G28+-H28,0) -> 14.666667 | S28: =MAX(C28:E28)-MIN(C28:E28) -> 81 | T28: =IF($B28="",-999999999+A28,IF($V$2=0,(F28*10000+S28*1000+A28),(M28*10000+S28*10+A28))) -> 147501.67 | U28: =_xlfn.RANK.EQ(T28,$T$4:$T$28,0) -> 3
B29: 시 상 및 벌 금
B30: 에버상승상 남+20점,여+10점 이상 상위1명 | F30: 에버벌금 | G30: 정기전 만 해당 함 | J30: 유니품 벌금(3.000원)
B31: 김 규 희 | C31: 61 | G31: 1점부터 2000원 | J31: 김 미 란
B32: 올카바 상 | I32: 초구가터벌금1회1000원 | K32: 광 박 1회 2000원
B33: 김 정 희 | C33: 245 | K33: 진 명 옥
B34: 고 경 훈 | C34: 225
B35: 임 연 진 | C35: 214
B36: 팀 전
B37: =$B4 -> 채 윤 주 | C37: =IF($T$2=0,$C4,$I4) -> 0 | D37: =IF($T$2=0,$D4,$J4) -> 0 | E37: =IF($T$2=0,$E4,$K4) -> 0 | F37: =E42+D42+C42 -> -161 | H37: =$B9 -> 김 선 미 | I37: =IF($T$2=0,$C9,$I9) -> -4 | J37: =IF($T$2=0,$D9,$J9) -> 4 | K37: =IF($T$2=0,$E9,$K9) -> 26 | L37: =K42+J42+I42 -> 26
B38: =$B5 -> 이 정 석 | C38: =IF($T$2=0,$C5,$I5) -> -35 | D38: =IF($T$2=0,$D5,$J5) -> 13 | E38: =IF($T$2=0,$E5,$K5) -> -17 | H38: =$B10 -> 김 정 희 | I38: =IF($T$2=0,$C10,$I10) -> -20 | J38: =IF($T$2=0,$D10,$J10) -> 45 | K38: =IF($T$2=0,$E10,$K10) -> 17
B39: =$B6 -> 임 승 기 | C39: =IF($T$2=0,$C6,$I6) -> -18 | D39: =IF($T$2=0,$D6,$J6) -> 3 | E39: =IF($T$2=0,$E6,$K6) -> -7 | H39: =$B11 -> 장 영 민 | I39: =IF($T$2=0,$C11,$I11) -> 4 | J39: =IF($T$2=0,$D11,$J11) -> 22 | K39: =IF($T$2=0,$E11,$K11) -> -44
B40: =$B7 -> 김 태 환 | C40: =IF($T$2=0,$C7,$I7) -> -14 | D40: =IF($T$2=0,$D7,$J7) -> -6 | E40: =IF($T$2=0,$E7,$K7) -> 46 | H40: =$B12 -> 이 상 현 | I40: =IF($T$2=0,$C12,$I12) -> -15 | J40: =IF($T$2=0,$D12,$J12) -> -1 | K40: =IF($T$2=0,$E12,$K12) -> -13
B41: =$B8 -> 김 종 훈 | C41: =IF($T$2=0,$C8,$I8) -> -40 | D41: =IF($T$2=0,$D8,$J8) -> -56 | E41: =IF($T$2=0,$E8,$K8) -> -30 | H41: =$B13 -> 박 성 현 | I41: =IF($T$2=0,$C13,$I13) -> 17 | J41: =IF($T$2=0,$D13,$J13) -> -12 | K41: =IF($T$2=0,$E13,$K13) -> 0
C42: =SUM(C37:C41) -> -107 | D42: =SUM(D37:D41) -> -46 | E42: =SUM(E37:E41) -> -8 | I42: =SUM(I37:I41) -> -18 | J42: =SUM(J37:J41) -> 58 | K42: =SUM(K37:K41) -> -14
B44: =$B14 -> 지 옥 명 | C44: =IF($T$2=0,$C14,$I14) -> -4 | D44: =IF($T$2=0,$D14,$J14) -> -11 | E44: =IF($T$2=0,$E14,$K14) -> 14 | F44: =E49+D49+C49 -> 103 | H44: =$B19 -> 진 명 옥 | I44: =IF($T$2=0,$C19,$I19) -> -33 | J44: =IF($T$2=0,$D19,$J19) -> -6 | K44: =IF($T$2=0,$E19,$K19) -> 8 | L44: =K49+J49+I49 -> 16
B45: =$B15 -> 천 성 일 | C45: =IF($T$2=0,$C15,$I15) -> -15 | D45: =IF($T$2=0,$D15,$J15) -> -12 | E45: =IF($T$2=0,$E15,$K15) -> 23 | H45: =$B20 -> 김 미 란 | I45: =IF($T$2=0,$C20,$I20) -> 4 | J45: =IF($T$2=0,$D20,$J20) -> 41 | K45: =IF($T$2=0,$E20,$K20) -> -30
B46: =$B16 -> 이 우 석 | C46: =IF($T$2=0,$C16,$I16) -> -7 | D46: =IF($T$2=0,$D16,$J16) -> -7 | E46: =IF($T$2=0,$E16,$K16) -> -5 | H46: =$B21 -> 변 상 필 | I46: =IF($T$2=0,$C21,$I21) -> 29 | J46: =IF($T$2=0,$D21,$J21) -> 27 | K46: =IF($T$2=0,$E21,$K21) -> -30
B47: =$B17 -> 강 완 규 | C47: =IF($T$2=0,$C17,$I17) -> -1 | D47: =IF($T$2=0,$D17,$J17) -> -30 | E47: =IF($T$2=0,$E17,$K17) -> -25 | H47: =$B22 -> 고 경 훈 | I47: =IF($T$2=0,$C22,$I22) -> -12 | J47: =IF($T$2=0,$D22,$J22) -> 32 | K47: =IF($T$2=0,$E22,$K22) -> -14
B48: =$B18 -> 김 규 희 | C48: =IF($T$2=0,$C18,$I18) -> 34 | D48: =IF($T$2=0,$D18,$J18) -> 95 | E48: =IF($T$2=0,$E18,$K18) -> 54 | H48: =$B23 -> 최 진 | I48: =IF($T$2=0,$C23,$I23) -> 0 | J48: =IF($T$2=0,$D23,$J23) -> 0 | K48: =IF($T$2=0,$E23,$K23) -> 0
C49: =SUM(C44:C48) -> 7 | D49: =SUM(D44:D48) -> 35 | E49: =SUM(E44:E48) -> 61 | I49: =SUM(I44:I48) -> -12 | J49: =SUM(J44:J48) -> 94 | K49: =SUM(K44:K48) -> -66
B51: =$B24 -> 손 은 주 | C51: =IF($T$2=0,$C24,$I24) -> -25 | D51: =IF($T$2=0,$D24,$J24) -> 15 | E51: =IF($T$2=0,$E24,$K24) -> -3 | F51: =E56+D56+C56 -> 83
B52: =$B25 -> 임 연 진 | C52: =IF($T$2=0,$C25,$I25) -> 56 | D52: =IF($T$2=0,$D25,$J25) -> 14 | E52: =IF($T$2=0,$E25,$K25) -> -8
B53: =$B26 -> 이 대 용 | C53: =IF($T$2=0,$C26,$I26) -> 34 | D53: =IF($T$2=0,$D26,$J26) -> 9 | E53: =IF($T$2=0,$E26,$K26) -> -31
B54: =$B27 -> 나 경 주 | C54: =IF($T$2=0,$C27,$I27) -> -5 | D54: =IF($T$2=0,$D27,$J27) -> 6 | E54: =IF($T$2=0,$E27,$K27) -> -23
B55: =$B28 -> 이 재 용 | C55: =IF($T$2=0,$C28,$I28) -> 50 | D55: =IF($T$2=0,$D28,$J28) -> -31 | E55: =IF($T$2=0,$E28,$K28) -> 25
C56: =SUM(C51:C55) -> 110 | D56: =SUM(D51:D55) -> 13 | E56: =SUM(E51:E55) -> -40
A60: =A1 -> 2026 아르케 존 07회 정기 모임 점수
K61: 날짜 | L61: =L2 -> 46114
B62: 이 름 | C62: 1 G | D62: 2 G | E62: 3 G | F62: 합 계 | G62: 에 버 | H62: 기본에버 | I62: 1 G | J62: 2 G | K62: 3 G | L62: 합 계 | M62: 오 차
A63: 1 | B63: {=INDEX($B$4:$M$28,MATCH($A63,$U$4:$U$28,0),COLUMN(A$1))} -> 김 규 희 | C63: {=INDEX($B$4:$M$28,MATCH($A63,$U$4:$U$28,0),COLUMN(B$1))} -> 216 | D63: {=INDEX($B$4:$M$28,MATCH($A63,$U$4:$U$28,0),COLUMN(C$1))} -> 277 | E63: {=INDEX($B$4:$M$28,MATCH($A63,$U$4:$U$28,0),COLUMN(D$1))} -> 236 | F63: =SUM(C63:E63) -> 729 | G63: =F63/3 -> 243 | H63: {=IF(B63="","",IFERROR(INDEX('회원명단 및 기준에버'!D:G,MATCH(B63,'회원명단 및 기준에버'!$C:$C,0),CHOOSE(INT((MONTH($L$2)-1)/3)+1,1,2,3,4)),""))} -> 182 | I63: 0 | J63: 0 | K63: 0 | L63: =SUM(I63:K63) -> 0 | M63: 0
A64: 2 | B64: {=INDEX($B$4:$M$28,MATCH($A64,$U$4:$U$28,0),COLUMN(A$1))} -> 임 연 진 | C64: {=INDEX($B$4:$M$28,MATCH($A64,$U$4:$U$28,0),COLUMN(B$1))} -> 256 | D64: {=INDEX($B$4:$M$28,MATCH($A64,$U$4:$U$28,0),COLUMN(C$1))} -> 214 | E64: {=INDEX($B$4:$M$28,MATCH($A64,$U$4:$U$28,0),COLUMN(D$1))} -> 192 | F64: =SUM(C64:E64) -> 662 | G64: =F64/3 -> 220.66667 | H64: {=IF(B64="","",IFERROR(INDEX('회원명단 및 기준에버'!D:G,MATCH(B64,'회원명단 및 기준에버'!$C:$C,0),CHOOSE(INT((MONTH($L$2)-1)/3)+1,1,2,3,4)),""))} -> 200 | I64: =IFERROR(C64+-H64,0) -> 56 | J64: =IFERROR(D64+-H64,0) -> 14 | K64: =IFERROR(E64+-H64,0) -> -8 | L64: =SUM(I64:K64) -> 62 | M64: =IFERROR(G64+-H64,0) -> 20.666667
A65: 3 | B65: {=INDEX($B$4:$M$28,MATCH($A65,$U$4:$U$28,0),COLUMN(A$1))} -> 이 재 용 | C65: {=INDEX($B$4:$M$28,MATCH($A65,$U$4:$U$28,0),COLUMN(B$1))} -> 246 | D65: {=INDEX($B$4:$M$28,MATCH($A65,$U$4:$U$28,0),COLUMN(C$1))} -> 165 | E65: {=INDEX($B$4:$M$28,MATCH($A65,$U$4:$U$28,0),COLUMN(D$1))} -> 221 | F65: =SUM(C65:E65) -> 632 | G65: =F65/3 -> 210.66667 | H65: {=IF(B65="","",IFERROR(INDEX('회원명단 및 기준에버'!D:G,MATCH(B65,'회원명단 및 기준에버'!$C:$C,0),CHOOSE(INT((MONTH($L$2)-1)/3)+1,1,2,3,4)),""))} -> 196 | I65: =IFERROR(C65+-H65,0) -> 50 | J65: =IFERROR(D65+-H65,0) -> -31 | K65: =IFERROR(E65+-H65,0) -> 25 | L65: =SUM(I65:K65) -> 44 | M65: =IFERROR(G65+-H65,0) -> 14.666667
A66: 4 | B66: {=INDEX($B$4:$M$28,MATCH($A66,$U$4:$U$28,0),COLUMN(A$1))} -> 김 정 희 | C66: {=INDEX($B$4:$M$28,MATCH($A66,$U$4:$U$28,0),COLUMN(B$1))} -> 180 | D66: {=INDEX($B$4:$M$28,MATCH($A66,$U$4:$U$28,0),COLUMN(C$1))} -> 245 | E66: {=INDEX($B$4:$M$28,MATCH($A66,$U$4:$U$28,0),COLUMN(D$1))} -> 217 | F66: =SUM(C66:E66) -> 642 | G66: =F66/3 -> 214 | H66: {=IF(B66="","",IFERROR(INDEX('회원명단 및 기준에버'!D:G,MATCH(B66,'회원명단 및 기준에버'!$C:$C,0),CHOOSE(INT((MONTH($L$2)-1)/3)+1,1,2,3,4)),""))} -> 200 | I66: =IFERROR(C66+-H66,0) -> -20 | J66: =IFERROR(D66+-H66,0) -> 45 | K66: =IFERROR(E66+-H66,0) -> 17 | L66: =SUM(I66:K66) -> 42 | M66: =IFERROR(G66+-H66,0) -> 14
A67: 5 | B67: {=INDEX($B$4:$M$28,MATCH($A67,$U$4:$U$28,0),COLUMN(A$1))} -> 변 상 필 | C67: {=INDEX($B$4:$M$28,MATCH($A67,$U$4:$U$28,0),COLUMN(B$1))} -> 229 | D67: {=INDEX($B$4:$M$28,MATCH($A67,$U$4:$U$28,0),COLUMN(C$1))} -> 227 | E67: {=INDEX($B$4:$M$28,MATCH($A67,$U$4:$U$28,0),COLUMN(D$1))} -> 170 | F67: =SUM(C67:E67) -> 626 | G67: =F67/3 -> 208.66667 | H67: {=IF(B67="","",IFERROR(INDEX('회원명단 및 기준에버'!D:G,MATCH(B67,'회원명단 및 기준에버'!$C:$C,0),CHOOSE(INT((MONTH($L$2)-1)/3)+1,1,2,3,4)),""))} -> 200 | I67: =IFERROR(C67+-H67,0) -> 29 | J67: =IFERROR(D67+-H67,0) -> 27 | K67: =IFERROR(E67+-H67,0) -> -30 | L67: =SUM(I67:K67) -> 26 | M67: =IFERROR(G67+-H67,0) -> 8.6666667
A68: 6 | B68: {=INDEX($B$4:$M$28,MATCH($A68,$U$4:$U$28,0),COLUMN(A$1))} -> 김 태 환 | C68: {=INDEX($B$4:$M$28,MATCH($A68,$U$4:$U$28,0),COLUMN(B$1))} -> 185 | D68: {=INDEX($B$4:$M$28,MATCH($A68,$U$4:$U$28,0),COLUMN(C$1))} -> 193 | E68: {=INDEX($B$4:$M$28,MATCH($A68,$U$4:$U$28,0),COLUMN(D$1))} -> 245 | F68: =SUM(C68:E68) -> 623 | G68: =F68/3 -> 207.66667 | H68: {=IF(B68="","",IFERROR(INDEX('회원명단 및 기준에버'!D:G,MATCH(B68,'회원명단 및 기준에버'!$C:$C,0),CHOOSE(INT((MONTH($L$2)-1)/3)+1,1,2,3,4)),""))} -> 199 | I68: =IFERROR(C68+-H68,0) -> -14 | J68: =IFERROR(D68+-H68,0) -> -6 | K68: =IFERROR(E68+-H68,0) -> 46 | L68: =SUM(I68:K68) -> 26 | M68: =IFERROR(G68+-H68,0) -> 8.6666667
A69: 7 | B69: {=INDEX($B$4:$M$28,MATCH($A69,$U$4:$U$28,0),COLUMN(A$1))} -> 김 선 미 | C69: {=INDEX($B$4:$M$28,MATCH($A69,$U$4:$U$28,0),COLUMN(B$1))} -> 158 | D69: {=INDEX($B$4:$M$28,MATCH($A69,$U$4:$U$28,0),COLUMN(C$1))} -> 166 | E69: {=INDEX($B$4:$M$28,MATCH($A69,$U$4:$U$28,0),COLUMN(D$1))} -> 188 | F69: =SUM(C69:E69) -> 512 | G69: =F69/3 -> 170.66667 | H69: {=IF(B69="","",IFERROR(INDEX('회원명단 및 기준에버'!D:G,MATCH(B69,'회원명단 및 기준에버'!$C:$C,0),CHOOSE(INT((MONTH($L$2)-1)/3)+1,1,2,3,4)),""))} -> 162 | I69: =IFERROR(C69+-H69,0) -> -4 | J69: =IFERROR(D69+-H69,0) -> 4 | K69: =IFERROR(E69+-H69,0) -> 26 | L69: =SUM(I69:K69) -> 26 | M69: =IFERROR(G69+-H69,0) -> 8.6666667
A70: 8 | B70: {=INDEX($B$4:$M$28,MATCH($A70,$U$4:$U$28,0),COLUMN(A$1))} -> 김 미 란 | C70: {=INDEX($B$4:$M$28,MATCH($A70,$U$4:$U$28,0),COLUMN(B$1))} -> 187 | D70: {=INDEX($B$4:$M$28,MATCH($A70,$U$4:$U$28,0),COLUMN(C$1))} -> 224 | E70: {=INDEX($B$4:$M$28,MATCH($A70,$U$4:$U$28,0),COLUMN(D$1))} -> 153 | F70: =SUM(C70:E70) -> 564 | G70: =F70/3 -> 188 | H70: {=IF(B70="","",IFERROR(INDEX('회원명단 및 기준에버'!D:G,MATCH(B70,'회원명단 및 기준에버'!$C:$C,0),CHOOSE(INT((MONTH($L$2)-1)/3)+1,1,2,3,4)),""))} -> 183 | I70: =IFERROR(C70+-H70,0) -> 4 | J70: =IFERROR(D70+-H70,0) -> 41 | K70: =IFERROR(E70+-H70,0) -> -30 | L70: =SUM(I70:K70) -> 15 | M70: =IFERROR(G70+-H70,0) -> 5
A71: 9 | B71: {=INDEX($B$4:$M$28,MATCH($A71,$U$4:$U$28,0),COLUMN(A$1))} -> 이 대 용 | C71: {=INDEX($B$4:$M$28,MATCH($A71,$U$4:$U$28,0),COLUMN(B$1))} -> 234 | D71: {=INDEX($B$4:$M$28,MATCH($A71,$U$4:$U$28,0),COLUMN(C$1))} -> 209 | E71: {=INDEX($B$4:$M$28,MATCH($A71,$U$4:$U$28,0),COLUMN(D$1))} -> 169 | F71: =SUM(C71:E71) -> 612 | G71: =F71/3 -> 204 | H71: {=IF(B71="","",IFERROR(INDEX('회원명단 및 기준에버'!D:G,MATCH(B71,'회원명단 및 기준에버'!$C:$C,0),CHOOSE(INT((MONTH($L$2)-1)/3)+1,1,2,3,4)),""))} -> 200 | I71: =IFERROR(C71+-H71,0) -> 34 | J71: =IFERROR(D71+-H71,0) -> 9 | K71: =IFERROR(E71+-H71,0) -> -31 | L71: =SUM(I71:K71) -> 12 | M71: =IFERROR(G71+-H71,0) -> 4
A72: 10 | B72: {=INDEX($B$4:$M$28,MATCH($A72,$U$4:$U$28,0),COLUMN(A$1))} -> 고 경 훈 | C72: {=INDEX($B$4:$M$28,MATCH($A72,$U$4:$U$28,0),COLUMN(B$1))} -> 184 | D72: {=INDEX($B$4:$M$28,MATCH($A72,$U$4:$U$28,0),COLUMN(C$1))} -> 228 | E72: {=INDEX($B$4:$M$28,MATCH($A72,$U$4:$U$28,0),COLUMN(D$1))} -> 182 | F72: =SUM(C72:E72) -> 594 | G72: =F72/3 -> 198 | H72: {=IF(B72="","",IFERROR(INDEX('회원명단 및 기준에버'!D:G,MATCH(B72,'회원명단 및 기준에버'!$C:$C,0),CHOOSE(INT((MONTH($L$2)-1)/3)+1,1,2,3,4)),""))} -> 196 | I72: =IFERROR(C72+-H72,0) -> -12 | J72: =IFERROR(D72+-H72,0) -> 32 | K72: =IFERROR(E72+-H72,0) -> -14 | L72: =SUM(I72:K72) -> 6 | M72: =IFERROR(G72+-H72,0) -> 2
A73: 11 | B73: {=INDEX($B$4:$M$28,MATCH($A73,$U$4:$U$28,0),COLUMN(A$1))} -> 박 성 현 | C73: {=INDEX($B$4:$M$28,MATCH($A73,$U$4:$U$28,0),COLUMN(B$1))} -> 208 | D73: {=INDEX($B$4:$M$28,MATCH($A73,$U$4:$U$28,0),COLUMN(C$1))} -> 179 | E73: {=INDEX($B$4:$M$28,MATCH($A73,$U$4:$U$28,0),COLUMN(D$1))} -> 191 | F73: =SUM(C73:E73) -> 578 | G73: =F73/3 -> 192.66667 | H73: {=IF(B73="","",IFERROR(INDEX('회원명단 및 기준에버'!D:G,MATCH(B73,'회원명단 및 기준에버'!$C:$C,0),CHOOSE(INT((MONTH($L$2)-1)/3)+1,1,2,3,4)),""))} -> 191 | I73: =IFERROR(C73+-H73,0) -> 17 | J73: =IFERROR(D73+-H73,0) -> -12 | K73: =IFERROR(E73+-H73,0) -> 0 | L73: =SUM(I73:K73) -> 5 | M73: =IFERROR(G73+-H73,0) -> 1.6666667
A74: 12 | B74: {=INDEX($B$4:$M$28,MATCH($A74,$U$4:$U$28,0),COLUMN(A$1))} -> 채 윤 주 | C74: {=INDEX($B$4:$M$28,MATCH($A74,$U$4:$U$28,0),COLUMN(B$1))} -> 187 | D74: {=INDEX($B$4:$M$28,MATCH($A74,$U$4:$U$28,0),COLUMN(C$1))} -> 214 | E74: {=INDEX($B$4:$M$28,MATCH($A74,$U$4:$U$28,0),COLUMN(D$1))} -> 181 | F74: =SUM(C74:E74) -> 582 | G74: =F74/3 -> 194 | H74: {=IF(B74="","",IFERROR(INDEX('회원명단 및 기준에버'!D:G,MATCH(B74,'회원명단 및 기준에버'!$C:$C,0),CHOOSE(INT((MONTH($L$2)-1)/3)+1,1,2,3,4)),""))} -> 0 | I74: =IFERROR(C74+-H74,0) -> 187 | J74: =IFERROR(D74+-H74,0) -> 214 | K74: =IFERROR(E74+-H74,0) -> 181 | L74: =SUM(I74:K74) -> 582 | M74: =IFERROR(G74+-H74,0) -> 194
A75: 13 | B75: {=INDEX($B$4:$M$28,MATCH($A75,$U$4:$U$28,0),COLUMN(A$1))} -> 최 진 | C75: {=INDEX($B$4:$M$28,MATCH($A75,$U$4:$U$28,0),COLUMN(B$1))} -> 191 | D75: {=INDEX($B$4:$M$28,MATCH($A75,$U$4:$U$28,0),COLUMN(C$1))} -> 174 | E75: {=INDEX($B$4:$M$28,MATCH($A75,$U$4:$U$28,0),COLUMN(D$1))} -> 202 | F75: =SUM(C75:E75) -> 567 | G75: =F75/3 -> 189 | H75: {=IF(B75="","",IFERROR(INDEX('회원명단 및 기준에버'!D:G,MATCH(B75,'회원명단 및 기준에버'!$C:$C,0),CHOOSE(INT((MONTH($L$2)-1)/3)+1,1,2,3,4)),""))} | I75: =IFERROR(C75+-H75,0) -> 0 | J75: =IFERROR(D75+-H75,0) -> 0 | K75: =IFERROR(E75+-H75,0) -> 0 | L75: =SUM(I75:K75) -> 0 | M75: =IFERROR(G75+-H75,0) -> 0
... A87: 25 | B87: {=INDEX($B$4:$M$28,MATCH($A87,$U$4:$U$28,0),COLUMN(A$1))} -> 김 종 훈 | C87: {=INDEX($B$4:$M$28,MATCH($A87,$U$4:$U$28,0),COLUMN(B$1))} -> 150 | D87: {=INDEX($B$4:$M$28,MATCH($A87,$U$4:$U$28,0),COLUMN(C$1))} -> 134 | E87: {=INDEX($B$4:$M$28,MATCH($A87,$U$4:$U$28,0),COLUMN(D$1))} -> 160 | F87: =SUM(C87:E87) -> 444 | G87: =F87/3 -> 148 | H87: {=IF(B87="","",IFERROR(INDEX('회원명단 및 기준에버'!D:G,MATCH(B87,'회원명단 및 기준에버'!$C:$C,0),CHOOSE(INT((MONTH($L$2)-1)/3)+1,1,2,3,4)),""))} -> 190 | I87: =IFERROR(C87+-H87,0) -> -40 | J87: =IFERROR(D87+-H87,0) -> -56 | K87: =IFERROR(E87+-H87,0) -> -30 | L87: =SUM(I87:K87) -> -126 | M87: =IFERROR(G87+-H87,0) -> -42
B88: 시 상 및 벌 금
B89: 에버상승상 남+20점,여+10점 이상 상위1명 | F89: 에버벌금 | G89: 정기전 만 해당 함 | J89: 유니품 벌금
B90: 김 규 희 | C90: 61 | D90: =IF(D31="","",D31) | E90: =IF(E31="","",E31) | G90: 1점부터 2000원 | J90: =IF(J31="","",J31) -> 김 미 란 | K90: =IF(K31="","",K31) | L90: =IF(L31="","",L31) | M90: =IF(M31="","",M31)
B91: 올카바 상 | I91: 초구가터벌금1회1000원 | K91: 광 박 1회 2000원
B92: 김 정 희 | C92: 245 | D92: =IF(D33="","",D33) | E92: =IF(E33="","",E33) | F92: =IF(F33="","",F33) | G92: =IF(G33="","",G33) | I92: =IF(I33="","",I33) | J92: =IF(J33="","",J33) | K92: =IF(K33="","",K33) -> 진 명 옥 | L92: =IF(L33="","",L33) | M92: =IF(M33="","",M33)
B93: 고 경 훈 | C93: 228 | D93: =IF(D34="","",D34) | E93: =IF(E34="","",E34) | F93: =IF(F34="","",F34) | G93: =IF(G34="","",G34) | I93: =IF(I34="","",I34) | J93: =IF(J34="","",J34) | K93: =IF(K34="","",K34) | L93: =IF(L34="","",L34) | M93: =IF(M34="","",M34)
B94: 임 연 진 | C94: 214 | D94: =IF(D35="","",D35) | E94: =IF(E35="","",E35) | F94: =IF(F35="","",F35) | G94: =IF(G35="","",G35) | I94: =IF(I35="","",I35) | J94: =IF(J35="","",J35) | K94: =IF(K35="","",K35) | L94: =IF(L35="","",L35) | M94: =IF(M35="","",M35)
B95: 팀 전
B96: =IF(B37="","",B37) -> 채 윤 주 | C96: =IF(C37="","",C37) -> 0 | D96: =IF(D37="","",D37) -> 0 | E96: =IF(E37="","",E37) -> 0 | F96: =IF(F37="","",F37) -> -161 | H96: =IF(H37="","",H37) -> 김 선 미 | I96: =IF(I37="","",I37) -> -4 | J96: =IF(J37="","",J37) -> 4 | K96: =IF(K37="","",K37) -> 26 | L96: =IF(L37="","",L37) -> 26
B97: =IF(B38="","",B38) -> 이 정 석 | C97: =IF(C38="","",C38) -> -35 | D97: =IF(D38="","",D38) -> 13 | E97: =IF(E38="","",E38) -> -17 | F97: =IF(F38="","",F38) | H97: =IF(H38="","",H38) -> 김 정 희 | I97: =IF(I38="","",I38) -> -20 | J97: =IF(J38="","",J38) -> 45 | K97: =IF(K38="","",K38) -> 17 | L97: =IF(L38="","",L38)
B98: =IF(B39="","",B39) -> 임 승 기 | C98: =IF(C39="","",C39) -> -18 | D98: =IF(D39="","",D39) -> 3 | E98: =IF(E39="","",E39) -> -7 | F98: =IF(F39="","",F39) | H98: =IF(H39="","",H39) -> 장 영 민 | I98: =IF(I39="","",I39) -> 4 | J98: =IF(J39="","",J39) -> 22 | K98: =IF(K39="","",K39) -> -44 | L98: =IF(L39="","",L39)
B99: =IF(B40="","",B40) -> 김 태 환 | C99: =IF(C40="","",C40) -> -14 | D99: =IF(D40="","",D40) -> -6 | E99: =IF(E40="","",E40) -> 46 | F99: =IF(F40="","",F40) | H99: =IF(H40="","",H40) -> 이 상 현 | I99: =IF(I40="","",I40) -> -15 | J99: =IF(J40="","",J40) -> -1 | K99: =IF(K40="","",K40) -> -13 | L99: =IF(L40="","",L40)
B100: =IF(B41="","",B41) -> 김 종 훈 | C100: =IF(C41="","",C41) -> -40 | D100: =IF(D41="","",D41) -> -56 | E100: =IF(E41="","",E41) -> -30 | F100: =IF(F41="","",F41) | H100: =IF(H41="","",H41) -> 박 성 현 | I100: =IF(I41="","",I41) -> 17 | J100: =IF(J41="","",J41) -> -12 | K100: =IF(K41="","",K41) -> 0 | L100: =IF(L41="","",L41)
B101: =IF(B42="","",B42) | C101: =IF(C42="","",C42) -> -107 | D101: =IF(D42="","",D42) -> -46 | E101: =IF(E42="","",E42) -> -8 | F101: =IF(F42="","",F42) | H101: =IF(H42="","",H42) | I101: =IF(I42="","",I42) -> -18 | J101: =IF(J42="","",J42) -> 58 | K101: =IF(K42="","",K42) -> -14 | L101: =IF(L42="","",L42)
B103: =IF(B44="","",B44) -> 지 옥 명 | C103: =IF(C44="","",C44) -> -4 | D103: =IF(D44="","",D44) -> -11 | E103: =IF(E44="","",E44) -> 14 | F103: =IF(F44="","",F44) -> 103 | G103: =IF(G44="","",G44) | H103: =IF(H44="","",H44) -> 진 명 옥 | I103: =IF(I44="","",I44) -> -33 | ... M103: =IF(M44="","",M44)
B104: =IF(B45="","",B45) -> 천 성 일 | C104: =IF(C45="","",C45) -> -15 | D104: =IF(D45="","",D45) -> -12 | E104: =IF(E45="","",E45) -> 23 | F104: =IF(F45="","",F45) | G104: =IF(G45="","",G45) | H104: =IF(H45="","",H45) -> 김 미 란 | I104: =IF(I45="","",I45) -> 4 | ... M104: =IF(M45="","",M45)
B105: =IF(B46="","",B46) -> 이 우 석 | C105: =IF(C46="","",C46) -> -7 | D105: =IF(D46="","",D46) -> -7 | E105: =IF(E46="","",E46) -> -5 | F105: =IF(F46="","",F46) | G105: =IF(G46="","",G46) | H105: =IF(H46="","",H46) -> 변 상 필 | I105: =IF(I46="","",I46) -> 29 | ... M105: =IF(M46="","",M46)
B106: =IF(B47="","",B47) -> 강 완 규 | C106: =IF(C47="","",C47) -> -1 | D106: =IF(D47="","",D47) -> -30 | E106: =IF(E47="","",E47) -> -25 | F106: =IF(F47="","",F47) | G106: =IF(G47="","",G47) | H106: =IF(H47="","",H47) -> 고 경 훈 | I106: =IF(I47="","",I47) -> -12 | ... M106: =IF(M47="","",M47)
B107: =IF(B48="","",B48) -> 김 규 희 | C107: =IF(C48="","",C48) -> 34 | D107: =IF(D48="","",D48) -> 95 | E107: =IF(E48="","",E48) -> 54 | F107: =IF(F48="","",F48) | G107: =IF(G48="","",G48) | H107: =IF(H48="","",H48) -> 최 진 | I107: =IF(I48="","",I48) -> 0 | ... M107: =IF(M48="","",M48)
B108: =IF(B49="","",B49) | C108: =IF(C49="","",C49) -> 7 | D108: =IF(D49="","",D49) -> 35 | E108: =IF(E49="","",E49) -> 61 | F108: =IF(F49="","",F49) | G108: =IF(G49="","",G49) | H108: =IF(H49="","",H49) | I108: =IF(I49="","",I49) -> -12 | ... M108: =IF(M49="","",M49)
B110: =IF(B51="","",B51) -> 손 은 주 | C110: =IF(C51="","",C51) -> -25 | D110: =IF(D51="","",D51) -> 15 | E110: =IF(E51="","",E51) -> -3 | F110: =IF(F51="","",F51) -> 83 | G110: =IF(G51="","",G51)
B111: =IF(B52="","",B52) -> 임 연 진 | C111: =IF(C52="","",C52) -> 56 | D111: =IF(D52="","",D52) -> 14 | E111: =IF(E52="","",E52) -> -8 | F111: =IF(F52="","",F52) | G111: =IF(G52="","",G52)
B112: =IF(B53="","",B53) -> 이 대 용 | C112: =IF(C53="","",C53) -> 34 | D112: =IF(D53="","",D53) -> 9 | E112: =IF(E53="","",E53) -> -31 | F112: =IF(F53="","",F53) | G112: =IF(G53="","",G53)
B113: =IF(B54="","",B54) -> 나 경 주 | C113: =IF(C54="","",C54) -> -5 | D113: =IF(D54="","",D54) -> 6 | E113: =IF(E54="","",E54) -> -23 | F113: =IF(F54="","",F54) | G113: =IF(G54="","",G54)
B114: =IF(B55="","",B55) -> 이 재 용 | C114: =IF(C55="","",C55) -> 50 | D114: =IF(D55="","",D55) -> -31 | E114: =IF(E55="","",E55) -> 25 | F114: =IF(F55="","",F55) | G114: =IF(G55="","",G55)
B115: =IF(B56="","",B56) | C115: =IF(C56="","",C56) -> 110 | D115: =IF(D56="","",D56) -> 13 | E115: =IF(E56="","",E56) -> -40 | F115: =IF(F56="","",F56) | G115: =IF(G56="","",G56)

Sheet 06회정모
A1: 2026 아르케 존 06회 정기 모임 점수
K2: 날짜 | L2: 46100 | S2: 팀전에버기준 | T2: 1 | U2: 순위에버오차기준 | V2: 1
B3: 이 름 | C3: 1 G | D3: 2 G | E3: 3 G | F3: 합 계 | G3: 에 버 | H3: 기본에버 | I3: 1 G | J3: 2 G | K3: 3 G | L3: 합 계 | M3: 오 차 | S3: 수식입력부분 삭제하지마세요~
A4: 1 | B4: 이 우 석 | C4: 212 | D4: 191 | E4: 218 | F4: =SUM(C4:E4) -> 621 | G4: =F4/3 -> 207 | H4: {=IF(B4="","",IFERROR(INDEX('회원명단 및 기준에버'!D:G,MATCH(B4,'회원명단 및 기준에버'!$C:$C,0),CHOOSE(INT((MONTH($L$2)-1)/3)+1,1,2,3,4)),""))} -> 200 | I4: =IFERROR(C4+-H4,0) -> 12 | J4: =IFERROR(D4+-H4,0) -> -9 | K4: =IFERROR(E4+-H4,0) -> 18 | L4: =SUM(I4:K4) -> 21 | M4: =IFERROR(G4+-H4,0) -> 7 | S4: =MAX(C4:E4)-MIN(C4:E4) -> 27 | T4: =IF($B4="",-999999999+A4,IF($V$2=0,(F4*10000+S4*1000+A4),(M4*10000+S4*10+A4))) -> 70271 | U4: =_xlfn.RANK.EQ(T4,$T$4:$T$28,0) -> 8
A5: 2 | B5: 김 정 희 | C5: 182 | D5: 167 | E5: 223 | F5: =SUM(C5:E5) -> 572 | G5: =F5/3 -> 190.66667 | H5: {=IF(B5="","",IFERROR(INDEX('회원명단 및 기준에버'!D:G,MATCH(B5,'회원명단 및 기준에버'!$C:$C,0),CHOOSE(INT((MONTH($L$2)-1)/3)+1,1,2,3,4)),""))} -> 200 | I5: =IFERROR(C5+-H5,0) -> -18 | J5: =IFERROR(D5+-H5,0) -> -33 | K5: =IFERROR(E5+-H5,0) -> 23 | L5: =SUM(I5:K5) -> -28 | M5: =IFERROR(G5+-H5,0) -> -9.3333333 | S5: =MAX(C5:E5)-MIN(C5:E5) -> 56 | T5: =IF($B5="",-999999999+A5,IF($V$2=0,(F5*10000+S5*1000+A5),(M5*10000+S5*10+A5))) -> -92771.333 | U5: =_xlfn.RANK.EQ(T5,$T$4:$T$28,0) -> 18
A6: 3 | B6: 이 정 석 | C6: 182 | D6: 201 | E6: 192 | F6: =SUM(C6:E6) -> 575 | G6: =F6/3 -> 191.66667 | H6: {=IF(B6="","",IFERROR(INDEX('회원명단 및 기준에버'!D:G,MATCH(B6,'회원명단 및 기준에버'!$C:$C,0),CHOOSE(INT((MONTH($L$2)-1)/3)+1,1,2,3,4)),""))} -> 196 | I6: =IFERROR(C6+-H6,0) -> -14 | J6: =IFERROR(D6+-H6,0) -> 5 | K6: =IFERROR(E6+-H6,0) -> -4 | L6: =SUM(I6:K6) -> -13 | M6: =IFERROR(G6+-H6,0) -> -4.3333333 | S6: =MAX(C6:E6)-MIN(C6:E6) -> 19 | T6: =IF($B6="",-999999999+A6,IF($V$2=0,(F6*10000+S6*1000+A6),(M6*10000+S6*10+A6))) -> -43140.333 | U6: =_xlfn.RANK.EQ(T6,$T$4:$T$28,0) -> 15
A7: 4 | B7: 황 인 교 | C7: 183 | D7: 213 | E7: 178 | F7: =SUM(C7:E7) -> 574 | G7: =F7/3 -> 191.33333 | H7: {=IF(B7="","",IFERROR(INDEX('회원명단 및 기준에버'!D:G,MATCH(B7,'회원명단 및 기준에버'!$C:$C,0),CHOOSE(INT((MONTH($L$2)-1)/3)+1,1,2,3,4)),""))} -> 184 | I7: =IFERROR(C7+-H7,0) -> -1 | J7: =IFERROR(D7+-H7,0) -> 29 | K7: =IFERROR(E7+-H7,0) -> -6 | L7: =SUM(I7:K7) -> 22 | M7: =IFERROR(G7+-H7,0) -> 7.3333333 | S7: =MAX(C7:E7)-MIN(C7:E7) -> 35 | T7: =IF($B7="",-999999999+A7,IF($V$2=0,(F7*10000+S7*1000+A7),(M7*10000+S7*10+A7))) -> 73687.333 | U7: =_xlfn.RANK.EQ(T7,$T$4:$T$28,0) -> 7
A8: 5 | B8: 손 은 주 | C8: 155 | D8: 159 | E8: 147 | F8: =SUM(C8:E8) -> 461 | G8: =F8/3 -> 153.66667 | H8: {=IF(B8="","",IFERROR(INDEX('회원명단 및 기준에버'!D:G,MATCH(B8,'회원명단 및 기준에버'!$C:$C,0),CHOOSE(INT((MONTH($L$2)-1)/3)+1,1,2,3,4)),""))} -> 151 | I8: =IFERROR(C8+-H8,0) -> 4 | J8: =IFERROR(D8+-H8,0) -> 8 | K8: =IFERROR(E8+-H8,0) -> -4 | L8: =SUM(I8:K8) -> 8 | M8: =IFERROR(G8+-H8,0) -> 2.6666667 | S8: =MAX(C8:E8)-MIN(C8:E8) -> 12 | T8: =IF($B8="",-999999999+A8,IF($V$2=0,(F8*10000+S8*1000+A8),(M8*10000+S8*10+A8))) -> 26791.667 | U8: =_xlfn.RANK.EQ(T8,$T$4:$T$28,0) -> 9
A9: 6 | B9: 장 영 민 | C9: 202 | D9: 265 | E9: 162 | F9: =SUM(C9:E9) -> 629 | G9: =F9/3 -> 209.66667 | H9: {=IF(B9="","",IFERROR(INDEX('회원명단 및 기준에버'!D:G,MATCH(B9,'회원명단 및 기준에버'!$C:$C,0),CHOOSE(INT((MONTH($L$2)-1)/3)+1,1,2,3,4)),""))} -> 200 | I9: =IFERROR(C9+-H9,0) -> 2 | J9: =IFERROR(D9+-H9,0) -> 65 | K9: =IFERROR(E9+-H9,0) -> -38 | L9: =SUM(I9:K9) -> 29 | M9: =IFERROR(G9+-H9,0) -> 9.6666667 | S9: =MAX(C9:E9)-MIN(C9:E9) -> 103 | T9: =IF($B9="",-999999999+A9,IF($V$2=0,(F9*10000+S9*1000+A9),(M9*10000+S9*10+A9))) -> 97702.667 | U9: =_xlfn.RANK.EQ(T9,$T$4:$T$28,0) -> 5
A10: 7 | B10: 김 태 환 | C10: 202 | D10: 163 | E10: 216 | F10: =SUM(C10:E10) -> 581 | G10: =F10/3 -> 193.66667 | H10: {=IF(B10="","",IFERROR(INDEX('회원명단 및 기준에버'!D:G,MATCH(B10,'회원명단 및 기준에버'!$C:$C,0),CHOOSE(INT((MONTH($L$2)-1)/3)+1,1,2,3,4)),""))} -> 198 | I10: =IFERROR(C10+-H10,0) -> 4 | J10: =IFERROR(D10+-H10,0) -> -35 | K10: =IFERROR(E10+-H10,0) -> 18 | L10: =SUM(I10:K10) -> -13 | M10: =IFERROR(G10+-H10,0) -> -4.3333333 | S10: =MAX(C10:E10)-MIN(C10:E10) -> 53 | T10: =IF($B10="",-999999999+A10,IF($V$2=0,(F10*10000+S10*1000+A10),(M10*10000+S10*10+A10))) -> -42796.333 | U10: =_xlfn.RANK.EQ(T10,$T$4:$T$28,0) -> 14
A11: 8 | B11: 천 성 일 | C11: 175 | D11: 179 | E11: 127 | F11: =SUM(C11:E11) -> 481 | G11: =F11/3 -> 160.33333 | H11: {=IF(B11="","",IFERROR(INDEX('회원명단 및 기준에버'!D:G,MATCH(B11,'회원명단 및 기준에버'!$C:$C,0),CHOOSE(INT((MONTH($L$2)-1)/3)+1,1,2,3,4)),""))} -> 191 | I11: =IFERROR(C11+-H11,0) -> -16 | J11: =IFERROR(D11+-H11,0) -> -12 | K11: =IFERROR(E11+-H11,0) -> -64 | L11: =SUM(I11:K11) -> -92 | M11: =IFERROR(G11+-H11,0) -> -30.666667 | S11: =MAX(C11:E11)-MIN(C11:E11) -> 52 | T11: =IF($B11="",-999999999+A11,IF($V$2=0,(F11*10000+S11*1000+A11),(M11*10000+S11*10+A11))) -> -306138.67 | U11: =_xlfn.RANK.EQ(T11,$T$4:$T$28,0) -> 22
A12: 9 | B12: 진 명 옥 | C12: 149 | D12: 169 | E12: 163 | F12: =SUM(C12:E12) -> 481 | G12: =F12/3 -> 160.33333 | H12: {=IF(B12="","",IFERROR(INDEX('회원명단 및 기준에버'!D:G,MATCH(B12,'회원명단 및 기준에버'!$C:$C,0),CHOOSE(INT((MONTH($L$2)-1)/3)+1,1,2,3,4)),""))} -> 171 | I12: =IFERROR(C12+-H12,0) -> -22 | J12: =IFERROR(D12+-H12,0) -> -2 | K12: =IFERROR(E12+-H12,0) -> -8 | L12: =SUM(I12:K12) -> -32 | M12: =IFERROR(G12+-H12,0) -> -10.666667 | S12: =MAX(C12:E12)-MIN(C12:E12) -> 20 | T12: =IF($B12="",-999999999+A12,IF($V$2=0,(F12*10000+S12*1000+A12),(M12*10000+S12*10+A12))) -> -106457.67 | U12: =_xlfn.RANK.EQ(T12,$T$4:$T$28,0) -> 19
A13: 10 | F13: =SUM(C13:E13) -> 0 | G13: =F13/3 -> 0 | H13: {=IF(B13="","",IFERROR(INDEX('회원명단 및 기준에버'!D:G,MATCH(B13,'회원명단 및 기준에버'!$C:$C,0),CHOOSE(INT((MONTH($L$2)-1)/3)+1,1,2,3,4)),""))} | I13: =IFERROR(C13+-H13,0) -> 0 | J13: =IFERROR(D13+-H13,0) -> 0 | K13: =IFERROR(E13+-H13,0) -> 0 | L13: =SUM(I13:K13) -> 0 | M13: =IFERROR(G13+-H13,0) -> 0 | S13: =MAX(C13:E13)-MIN(C13:E13) -> 0 | T13: =IF($B13="",-999999999+A13,IF($V$2=0,(F13*10000+S13*1000+A13),(M13*10000+S13*10+A13))) -> -999999989 | U13: =_xlfn.RANK.EQ(T13,$T$4:$T$28,0) -> 25
A14: 11 | B14: 이 대 용 | C14: 201 | D14: 192 | E14: 196 | F14: =SUM(C14:E14) -> 589 | G14: =F14/3 -> 196.33333 | H14: {=IF(B14="","",IFERROR(INDEX('회원명단 및 기준에버'!D:G,MATCH(B14,'회원명단 및 기준에버'!$C:$C,0),CHOOSE(INT((MONTH($L$2)-1)/3)+1,1,2,3,4)),""))} -> 200 | I14: =IFERROR(C14+-H14,0) -> 1 | J14: =IFERROR(D14+-H14,0) -> -8 | K14: =IFERROR(E14+-H14,0) -> -4 | L14: =SUM(I14:K14) -> -11 | M14: =IFERROR(G14+-H14,0) -> -3.6666667 | S14: =MAX(C14:E14)-MIN(C14:E14) -> 9 | T14: =IF($B14="",-999999999+A14,IF($V$2=0,(F14*10000+S14*1000+A14),(M14*10000+S14*10+A14))) -> -36565.667 | U14: =_xlfn.RANK.EQ(T14,$T$4:$T$28,0) -> 13
A15: 12 | B15: 김 미 란 | C15: 223 | D15: 174 | E15: 191 | F15: =SUM(C15:E15) -> 588 | G15: =F15/3 -> 196 | H15: {=IF(B15="","",IFERROR(INDEX('회원명단 및 기준에버'!D:G,MATCH(B15,'회원명단 및 기준에버'!$C:$C,0),CHOOSE(INT((MONTH($L$2)-1)/3)+1,1,2,3,4)),""))} -> 182 | I15: =IFERROR(C15+-H15,0) -> 41 | J15: =IFERROR(D15+-H15,0) -> -8 | K15: =IFERROR(E15+-H15,0) -> 9 | L15: =SUM(I15:K15) -> 42 | M15: =IFERROR(G15+-H15,0) -> 14 | S15: =MAX(C15:E15)-MIN(C15:E15) -> 49 | T15: =IF($B15="",-999999999+A15,IF($V$2=0,(F15*10000+S15*1000+A15),(M15*10000+S15*10+A15))) -> 140502 | U15: =_xlfn.RANK.EQ(T15,$T$4:$T$28,0) -> 4
A16: 13 | B16: 이 승 미 | C16: 188 | D16: 157 | E16: 132 | F16: =SUM(C16:E16) -> 477 | G16: =F16/3 -> 159 | H16: {=IF(B16="","",IFERROR(INDEX('회원명단 및 기준에버'!D:G,MATCH(B16,'회원명단 및 기준에버'!$C:$C,0),CHOOSE(INT((MONTH($L$2)-1)/3)+1,1,2,3,4)),""))} -> 165 | I16: =IFERROR(C16+-H16,0) -> 23 | J16: =IFERROR(D16+-H16,0) -> -8 | K16: =IFERROR(E16+-H16,0) -> -33 | L16: =SUM(I16:K16) -> -18 | M16: =IFERROR(G16+-H16,0) -> -6 | S16: =MAX(C16:E16)-MIN(C16:E16) -> 56 | T16: =IF($B16="",-999999999+A16,IF($V$2=0,(F16*10000+S16*1000+A16),(M16*10000+S16*10+A16))) -> -59427 | U16: =_xlfn.RANK.EQ(T16,$T$4:$T$28,0) -> 16
A17: 14 | B17: 나 경 주 | C17: 167 | D17: 147 | E17: 185 | F17: =SUM(C17:E17) -> 499 | G17: =F17/3 -> 166.33333 | H17: {=IF(B17="","",IFERROR(INDEX('회원명단 및 기준에버'!D:G,MATCH(B17,'회원명단 및 기준에버'!$C:$C,0),CHOOSE(INT((MONTH($L$2)-1)/3)+1,1,2,3,4)),""))} -> 192 | I17: =IFERROR(C17+-H17,0) -> -25 | J17: =IFERROR(D17+-H17,0) -> -45 | K17: =IFERROR(E17+-H17,0) -> -7 | L17: =SUM(I17:K17) -> -77 | M17: =IFERROR(G17+-H17,0) -> -25.666667 | S17: =MAX(C17:E17)-MIN(C17:E17) -> 38 | T17: =IF($B17="",-999999999+A17,IF($V$2=0,(F17*10000+S17*1000+A17),(M17*10000+S17*10+A17))) -> -256272.67 | U17: =_xlfn.RANK.EQ(T17,$T$4:$T$28,0) -> 21
A18: 15 | B18: 박 성 현 | C18: 145 | D18: 269 | E18: 201 | F18: =SUM(C18:E18) -> 615 | G18: =F18/3 -> 205 | H18: {=IF(B18="","",IFERROR(INDEX('회원명단 및 기준에버'!D:G,MATCH(B18,'회원명단 및 기준에버'!$C:$C,0),CHOOSE(INT((MONTH($L$2)-1)/3)+1,1,2,3,4)),""))} -> 190 | I18: =IFERROR(C18+-H18,0) -> -45 | J18: =IFERROR(D18+-H18,0) -> 79 | K18: =IFERROR(E18+-H18,0) -> 11 | L18: =SUM(I18:K18) -> 45 | M18: =IFERROR(G18+-H18,0) -> 15 | S18: =MAX(C18:E18)-MIN(C18:E18) -> 124 | T18: =IF($B18="",-999999999+A18,IF($V$2=0,(F18*10000+S18*1000+A18),(M18*10000+S18*10+A18))) -> 151255 | U18: =_xlfn.RANK.EQ(T18,$T$4:$T$28,0) -> 3
A19: 16 | B19: 임 승 기 | C19: 193 | D19: 236 | E19: 222 | F19: =SUM(C19:E19) -> 651 | G19: =F19/3 -> 217 | H19: {=IF(B19="","",IFERROR(INDEX('회원명단 및 기준에버'!D:G,MATCH(B19,'회원명단 및 기준에버'!$C:$C,0),CHOOSE(INT((MONTH($L$2)-1)/3)+1,1,2,3,4)),""))} -> 200 | I19: =IFERROR(C19+-H19,0) -> -7 | J19: =IFERROR(D19+-H19,0) -> 36 | K19: =IFERROR(E19+-H19,0) -> 22 | L19: =SUM(I19:K19) -> 51 | M19: =IFERROR(G19+-H19,0) -> 17 | S19: =MAX(C19:E19)-MIN(C19:E19) -> 43 | T19: =IF($B19="",-999999999+A19,IF($V$2=0,(F19*10000+S19*1000+A19),(M19*10000+S19*10+A19))) -> 170446 | U19: =_xlfn.RANK.EQ(T19,$T$4:$T$28,0) -> 2
A20: 17 | B20: 임 연 진 | C20: 193 | D20: 176 | E20: 175 | F20: =SUM(C20:E20) -> 544 | G20: =F20/3 -> 181.33333 | H20: {=IF(B20="","",IFERROR(INDEX('회원명단 및 기준에버'!D:G,MATCH(B20,'회원명단 및 기준에버'!$C:$C,0),CHOOSE(INT((MONTH($L$2)-1)/3)+1,1,2,3,4)),""))} -> 194 | I20: =IFERROR(C20+-H20,0) -> -1 | J20: =IFERROR(D20+-H20,0) -> -18 | K20: =IFERROR(E20+-H20,0) -> -19 | L20: =SUM(I20:K20) -> -38 | M20: =IFERROR(G20+-H20,0) -> -12.666667 | S20: =MAX(C20:E20)-MIN(C20:E20) -> 18 | T20: =IF($B20="",-999999999+A20,IF($V$2=0,(F20*10000+S20*1000+A20),(M20*10000+S20*10+A20))) -> -126469.67 | U20: =_xlfn.RANK.EQ(T20,$T$4:$T$28,0) -> 20
A21: 18 | B21: 고 경 훈 | C21: 133 | D21: 230 | E21: 194 | F21: =SUM(C21:E21) -> 557 | G21: =F21/3 -> 185.66667 | H21: {=IF(B21="","",IFERROR(INDEX('회원명단 및 기준에버'!D:G,MATCH(B21,'회원명단 및 기준에버'!$C:$C,0),CHOOSE(INT((MONTH($L$2)-1)/3)+1,1,2,3,4)),""))} -> 195 | I21: =IFERROR(C21+-H21,0) -> -62 | J21: =IFERROR(D21+-H21,0) -> 35 | K21: =IFERROR(E21+-H21,0) -> -1 | L21: =SUM(I21:K21) -> -28 | M21: =IFERROR(G21+-H21,0) -> -9.3333333 | S21: =MAX(C21:E21)-MIN(C21:E21) -> 97 | T21: =IF($B21="",-999999999+A21,IF($V$2=0,(F21*10000+S21*1000+A21),(M21*10000+S21*10+A21))) -> -92345.333 | U21: =_xlfn.RANK.EQ(T21,$T$4:$T$28,0) -> 17
A22: 19 | B22: 김 종 훈 | C22: 169 | D22: 159 | E22: 167 | F22: =SUM(C22:E22) -> 495 | G22: =F22/3 -> 165 | H22: {=IF(B22="","",IFERROR(INDEX('회원명단 및 기준에버'!D:G,MATCH(B22,'회원명단 및 기준에버'!$C:$C,0),CHOOSE(INT((MONTH($L$2)-1)/3)+1,1,2,3,4)),""))} -> 198 | I22: =IFERROR(C22+-H22,0) -> -29 | J22: =IFERROR(D22+-H22,0) -> -39 | K22: =IFERROR(E22+-H22,0) -> -31 | L22: =SUM(I22:K22) -> -99 | M22: =IFERROR(G22+-H22,0) -> -33 | S22: =MAX(C22:E22)-MIN(C22:E22) -> 10 | T22: =IF($B22="",-999999999+A22,IF($V$2=0,(F22*10000+S22*1000+A22),(M22*10000+S22*10+A22))) -> -329881 | U22: =_xlfn.RANK.EQ(T22,$T$4:$T$28,0) -> 23
A23: 20 | F23: =SUM(C23:E23) -> 0 | G23: =F23/3 -> 0 | H23: {=IF(B23="","",IFERROR(INDEX('회원명단 및 기준에버'!D:G,MATCH(B23,'회원명단 및 기준에버'!$C:$C,0),CHOOSE(INT((MONTH($L$2)-1)/3)+1,1,2,3,4)),""))} | I23: =IFERROR(C23+-H23,0) -> 0 | J23: =IFERROR(D23+-H23,0) -> 0 | K23: =IFERROR(E23+-H23,0) -> 0 | L23: =SUM(I23:K23) -> 0 | M23: =IFERROR(G23+-H23,0) -> 0 | S23: =MAX(C23:E23)-MIN(C23:E23) -> 0 | T23: =IF($B23="",-999999999+A23,IF($V$2=0,(F23*10000+S23*1000+A23),(M23*10000+S23*10+A23))) -> -999999979 | U23: =_xlfn.RANK.EQ(T23,$T$4:$T$28,0) -> 24
A24: 21 | B24: 변 상 필 | C24: 242 | D24: 161 | E24: 202 | F24: =SUM(C24:E24) -> 605 | G24: =F24/3 -> 201.66667 | H24: {=IF(B24="","",IFERROR(INDEX('회원명단 및 기준에버'!D:G,MATCH(B24,'회원명단 및 기준에버'!$C:$C,0),CHOOSE(INT((MONTH($L$2)-1)/3)+1,1,2,3,4)),""))} -> 200 | I24: =IFERROR(C24+-H24,0) -> 42 | J24: =IFERROR(D24+-H24,0) -> -39 | K24: =IFERROR(E24+-H24,0) -> 2 | L24: =SUM(I24:K24) -> 5 | M24: =IFERROR(G24+-H24,0) -> 1.6666667 | S24: =MAX(C24:E24)-MIN(C24:E24) -> 81 | T24: =IF($B24="",-999999999+A24,IF($V$2=0,(F24*10000+S24*1000+A24),(M24*10000+S24*10+A24))) -> 17497.667 | U24: =_xlfn.RANK.EQ(T24,$T$4:$T$28,0) -> 10
A25: 22 | B25: 지 옥 명 | C25: 230 | D25: 152 | E25: 192 | F25: =SUM(C25:E25) -> 574 | G25: =F25/3 -> 191.33333 | H25: {=IF(B25="","",IFERROR(INDEX('회원명단 및 기준에버'!D:G,MATCH(B25,'회원명단 및 기준에버'!$C:$C,0),CHOOSE(INT((MONTH($L$2)-1)/3)+1,1,2,3,4)),""))} -> 183 | I25: =IFERROR(C25+-H25,0) -> 47 | J25: =IFERROR(D25+-H25,0) -> -31 | K25: =IFERROR(E25+-H25,0) -> 9 | L25: =SUM(I25:K25) -> 25 | M25: =IFERROR(G25+-H25,0) -> 8.3333333 | S25: =MAX(C25:E25)-MIN(C25:E25) -> 78 | T25: =IF($B25="",-999999999+A25,IF($V$2=0,(F25*10000+S25*1000+A25),(M25*10000+S25*10+A25))) -> 84135.333 | U25: =_xlfn.RANK.EQ(T25,$T$4:$T$28,0) -> 6
A26: 23 | B26: 이 상 현 | C26: 199 | D26: 242 | E26: 208 | F26: =SUM(C26:E26) -> 649 | G26: =F26/3 -> 216.33333 | H26: {=IF(B26="","",IFERROR(INDEX('회원명단 및 기준에버'!D:G,MATCH(B26,'회원명단 및 기준에버'!$C:$C,0),CHOOSE(INT((MONTH($L$2)-1)/3)+1,1,2,3,4)),""))} -> 188 | I26: =IFERROR(C26+-H26,0) -> 11 | J26: =IFERROR(D26+-H26,0) -> 54 | K26: =IFERROR(E26+-H26,0) -> 20 | L26: =SUM(I26:K26) -> 85 | M26: =IFERROR(G26+-H26,0) -> 28.333333 | S26: =MAX(C26:E26)-MIN(C26:E26) -> 43 | T26: =IF($B26="",-999999999+A26,IF($V$2=0,(F26*10000+S26*1000+A26),(M26*10000+S26*10+A26))) -> 283786.33 | U26: =_xlfn.RANK.EQ(T26,$T$4:$T$28,0) -> 1
A27: 24 | B27: 최 진 | C27: 187 | D27: 188 | E27: 168 | F27: =SUM(C27:E27) -> 543 | G27: =F27/3 -> 181 | H27: {=IF(B27="","",IFERROR(INDEX('회원명단 및 기준에버'!D:G,MATCH(B27,'회원명단 및 기준에버'!$C:$C,0),CHOOSE(INT((MONTH($L$2)-1)/3)+1,1,2,3,4)),""))} | I27: =IFERROR(C27+-H27,0) -> 0 | J27: =IFERROR(D27+-H27,0) -> 0 | K27: =IFERROR(E27+-H27,0) -> 0 | L27: =SUM(I27:K27) -> 0 | M27: =IFERROR(G27+-H27,0) -> 0 | S27: =MAX(C27:E27)-MIN(C27:E27) -> 20 | T27: =IF($B27="",-999999999+A27,IF($V$2=0,(F27*10000+S27*1000+A27),(M27*10000+S27*10+A27))) -> 224 | U27: =_xlfn.RANK.EQ(T27,$T$4:$T$28,0) -> 12
A28: 25 | B28: 김 선 미 | C28: 167 | D28: 147 | E28: 171 | F28: =SUM(C28:E28) -> 485 | G28: =F28/3 -> 161.66667 | H28: {=IF(B28="","",IFERROR(INDEX('회원명단 및 기준에버'!D:G,MATCH(B28,'회원명단 및 기준에버'!$C:$C,0),CHOOSE(INT((MONTH($L$2)-1)/3)+1,1,2,3,4)),""))} -> 161 | I28: =IFERROR(C28+-H28,0) -> 6 | J28: =IFERROR(D28+-H28,0) -> -14 | K28: =IFERROR(E28+-H28,0) -> 10 | L28: =SUM(I28:K28) -> 2 | M28: =IFERROR(G28+-H28,0) -> 0.66666667 | S28: =MAX(C28:E28)-MIN(C28:E28) -> 24 | T28: =IF($B28="",-999999999+A28,IF($V$2=0,(F28*10000+S28*1000+A28),(M28*10000+S28*10+A28))) -> 6931.6667 | U28: =_xlfn.RANK.EQ(T28,$T$4:$T$28,0) -> 11
B29: 시 상 및 벌 금
B30: 에버상승상 남+20점,여+10점 이상 상위1명 | F30: 에버벌금 | G30: 정기전 만 해당 함 | J30: 유니품 벌금
B31: 이 상 현 | C31: 28.3 | D31: 김 미 란 | E31: 14 | G31: 1점부터 2000원 | J31: 황 인 교
B32: 올카바 상 | I32: 초구가터벌금1회1000원 | K32: 광 박 1회 2000원
B36: 팀 전
B37: =$B4 -> 이 우 석 | C37: =IF($T$2=0,$C4,$I4) -> 12 | D37: =IF($T$2=0,$D4,$J4) -> -9 | E37: =IF($T$2=0,$E4,$K4) -> 18 | F37: =E40 -> -6 | G37: 4 | H37: =$B9 -> 장 영 민 | I37: =IF($T$2=0,$C9,$I9) -> 2 | J37: =IF($T$2=0,$D9,$J9) -> 65 | K37: =IF($T$2=0,$E9,$K9) -> -38 | L37: =K37 -> -38 | M37: 5
B38: =$B5 -> 김 정 희 | C38: =IF($T$2=0,$C5,$I5) -> -18 | D38: =IF($T$2=0,$D5,$J5) -> -33 | E38: =IF($T$2=0,$E5,$K5) -> 23 | H38: =$B10 -> 김 태 환 | I38: =IF($T$2=0,$C10,$I10) -> 4 | J38: =IF($T$2=0,$D10,$J10) -> -35 | K38: =IF($T$2=0,$E10,$K10) -> 18
B39: =$B6 -> 이 정 석 | C39: =IF($T$2=0,$C6,$I6) -> -14 | D39: =IF($T$2=0,$D6,$J6) -> 5 | E39: =IF($T$2=0,$E6,$K6) -> -4 | H39: =$B11 -> 천 성 일 | I39: =IF($T$2=0,$C11,$I11) -> -16 | J39: =IF($T$2=0,$D11,$J11) -> -12 | K39: =IF($T$2=0,$E11,$K11) -> -64
B40: =$B7 -> 황 인 교 | C40: =IF($T$2=0,$C7,$I7) -> -1 | D40: =IF($T$2=0,$D7,$J7) -> 29 | E40: =IF($T$2=0,$E7,$K7) -> -6 | H40: =$B12 -> 진 명 옥 | I40: =IF($T$2=0,$C12,$I12) -> -22 | J40: =IF($T$2=0,$D12,$J12) -> -2 | K40: =IF($T$2=0,$E12,$K12) -> -8
B41: =$B8 -> 손 은 주 | C41: =IF($T$2=0,$C8,$I8) -> 4 | D41: =IF($T$2=0,$D8,$J8) -> 8 | E41: =IF($T$2=0,$E8,$K8) -> -4 | H41: =$B13 -> 0 | I41: =IF($T$2=0,$C13,$I13) -> 0 | J41: =IF($T$2=0,$D13,$J13) -> 0 | K41: =IF($T$2=0,$E13,$K13) -> 0
C42: =SUM(C37:C41) -> -17 | D42: =SUM(D37:D41) -> 0 | E42: =SUM(E37:E41) -> 27 | I42: =SUM(I37:I41) -> -32 | J42: =SUM(J37:J41) -> 16 | K42: =SUM(K37:K41) -> -92
B44: =$B14 -> 이 대 용 | C44: =IF($T$2=0,$C14,$I14) -> 1 | D44: =IF($T$2=0,$D14,$J14) -> -8 | E44: =IF($T$2=0,$E14,$K14) -> -4 | F44: =E44 -> -4 | G44: 3 | H44: =$B19 -> 임 승 기 | I44: =IF($T$2=0,$C19,$I19) -> -7 | J44: =IF($T$2=0,$D19,$J19) -> 36 | K44: =IF($T$2=0,$E19,$K19) -> 22 | L44: =K44 -> 22 | M44: 1
B45: =$B15 -> 김 미 란 | C45: =IF($T$2=0,$C15,$I15) -> 41 | D45: =IF($T$2=0,$D15,$J15) -> -8 | E45: =IF($T$2=0,$E15,$K15) -> 9 | H45: =$B20 -> 임 연 진 | I45: =IF($T$2=0,$C20,$I20) -> -1 | J45: =IF($T$2=0,$D20,$J20) -> -18 | K45: =IF($T$2=0,$E20,$K20) -> -19
B46: =$B16 -> 이 승 미 | C46: =IF($T$2=0,$C16,$I16) -> 23 | D46: =IF($T$2=0,$D16,$J16) -> -8 | E46: =IF($T$2=0,$E16,$K16) -> -33 | H46: =$B21 -> 고 경 훈 | I46: =IF($T$2=0,$C21,$I21) -> -62 | J46: =IF($T$2=0,$D21,$J21) -> 35 | K46: =IF($T$2=0,$E21,$K21) -> -1
B47: =$B17 -> 나 경 주 | C47: =IF($T$2=0,$C17,$I17) -> -25 | D47: =IF($T$2=0,$D17,$J17) -> -45 | E47: =IF($T$2=0,$E17,$K17) -> -7 | H47: =$B22 -> 김 종 훈 | I47: =IF($T$2=0,$C22,$I22) -> -29 | J47: =IF($T$2=0,$D22,$J22) -> -39 | K47: =IF($T$2=0,$E22,$K22) -> -31
B48: =$B18 -> 박 성 현 | C48: =IF($T$2=0,$C18,$I18) -> -45 | D48: =IF($T$2=0,$D18,$J18) -> 79 | E48: =IF($T$2=0,$E18,$K18) -> 11 | H48: =$B23 -> 0 | I48: =IF($T$2=0,$C23,$I23) -> 0 | J48: =IF($T$2=0,$D23,$J23) -> 0 | K48: =IF($T$2=0,$E23,$K23) -> 0
C49: =SUM(C44:C48) -> -5 | D49: =SUM(D44:D48) -> 10 | E49: =SUM(E44:E48) -> -24 | I49: =SUM(I44:I48) -> -99 | J49: =SUM(J44:J48) -> 14 | K49: =SUM(K44:K48) -> -29
B51: =$B24 -> 변 상 필 | C51: =IF($T$2=0,$C24,$I24) -> 42 | D51: =IF($T$2=0,$D24,$J24) -> -39 | E51: =IF($T$2=0,$E24,$K24) -> 2 | F51: =E53 -> 20 | G51: 2
B52: =$B25 -> 지 옥 명 | C52: =IF($T$2=0,$C25,$I25) -> 47 | D52: =IF($T$2=0,$D25,$J25) -> -31 | E52: =IF($T$2=0,$E25,$K25) -> 9
B53: =$B26 -> 이 상 현 | C53: =IF($T$2=0,$C26,$I26) -> 11 | D53: =IF($T$2=0,$D26,$J26) -> 54 | E53: =IF($T$2=0,$E26,$K26) -> 20
B54: =$B27 -> 최 진 | C54: =IF($T$2=0,$C27,$I27) -> 0 | D54: =IF($T$2=0,$D27,$J27) -> 0 | E54: =IF($T$2=0,$E27,$K27) -> 0
B55: =$B28 -> 김 선 미 | C55: =IF($T$2=0,$C28,$I28) -> 6 | D55: =IF($T$2=0,$D28,$J28) -> -14 | E55: =IF($T$2=0,$E28,$K28) -> 10
C56: =SUM(C51:C55) -> 106 | D56: =SUM(D51:D55) -> -30 | E56: =SUM(E51:E55) -> 41
A60: =A1 -> 2026 아르케 존 06회 정기 모임 점수
K61: 날짜 | L61: =L2 -> 46100
B62: 이 름 | C62: 1 G | D62: 2 G | E62: 3 G | F62: 합 계 | G62: 에 버 | H62: 기본에버 | I62: 1 G | J62: 2 G | K62: 3 G | L62: 합 계 | M62: 오 차
A63: 1 | B63: {=INDEX($B$4:$M$28,MATCH($A63,$U$4:$U$28,0),COLUMN(A$1))} -> 이 상 현 | C63: {=INDEX($B$4:$M$28,MATCH($A63,$U$4:$U$28,0),COLUMN(B$1))} -> 199 | D63: {=INDEX($B$4:$M$28,MATCH($A63,$U$4:$U$28,0),COLUMN(C$1))} -> 242 | E63: {=INDEX($B$4:$M$28,MATCH($A63,$U$4:$U$28,0),COLUMN(D$1))} -> 208 | F63: =SUM(C63:E63) -> 649 | G63: =F63/3 -> 216.33333 | H63: {=IF(B63="","",IFERROR(INDEX('회원명단 및 기준에버'!D:G,MATCH(B63,'회원명단 및 기준에버'!$C:$C,0),CHOOSE(INT((MONTH($L$2)-1)/3)+1,1,2,3,4)),""))} -> 188 | I63: =IFERROR(C63+-H63,0) -> 11 | J63: =IFERROR(D63+-H63,0) -> 54 | K63: =IFERROR(E63+-H63,0) -> 20 | L63: =SUM(I63:K63) -> 85 | M63: =IFERROR(G63+-H63,0) -> 28.333333
A64: 2 | B64: {=INDEX($B$4:$M$28,MATCH($A64,$U$4:$U$28,0),COLUMN(A$1))} -> 임 승 기 | C64: {=INDEX($B$4:$M$28,MATCH($A64,$U$4:$U$28,0),COLUMN(B$1))} -> 193 | D64: {=INDEX($B$4:$M$28,MATCH($A64,$U$4:$U$28,0),COLUMN(C$1))} -> 236 | E64: {=INDEX($B$4:$M$28,MATCH($A64,$U$4:$U$28,0),COLUMN(D$1))} -> 222 | F64: =SUM(C64:E64) -> 651 | G64: =F64/3 -> 217 | H64: {=IF(B64="","",IFERROR(INDEX('회원명단 및 기준에버'!D:G,MATCH(B64,'회원명단 및 기준에버'!$C:$C,0),CHOOSE(INT((MONTH($L$2)-1)/3)+1,1,2,3,4)),""))} -> 200 | I64: =IFERROR(C64+-H64,0) -> -7 | J64: =IFERROR(D64+-H64,0) -> 36 | K64: =IFERROR(E64+-H64,0) -> 22 | L64: =SUM(I64:K64) -> 51 | M64: =IFERROR(G64+-H64,0) -> 17
A65: 3 | B65: {=INDEX($B$4:$M$28,MATCH($A65,$U$4:$U$28,0),COLUMN(A$1))} -> 박 성 현 | C65: {=INDEX($B$4:$M$28,MATCH($A65,$U$4:$U$28,0),COLUMN(B$1))} -> 145 | D65: {=INDEX($B$4:$M$28,MATCH($A65,$U$4:$U$28,0),COLUMN(C$1))} -> 269 | E65: {=INDEX($B$4:$M$28,MATCH($A65,$U$4:$U$28,0),COLUMN(D$1))} -> 201 | F65: =SUM(C65:E65) -> 615 | G65: =F65/3 -> 205 | H65: {=IF(B65="","",IFERROR(INDEX('회원명단 및 기준에버'!D:G,MATCH(B65,'회원명단 및 기준에버'!$C:$C,0),CHOOSE(INT((MONTH($L$2)-1)/3)+1,1,2,3,4)),""))} -> 190 | I65: =IFERROR(C65+-H65,0) -> -45 | J65: =IFERROR(D65+-H65,0) -> 79 | K65: =IFERROR(E65+-H65,0) -> 11 | L65: =SUM(I65:K65) -> 45 | M65: =IFERROR(G65+-H65,0) -> 15
A66: 4 | B66: {=INDEX($B$4:$M$28,MATCH($A66,$U$4:$U$28,0),COLUMN(A$1))} -> 김 미 란 | C66: {=INDEX($B$4:$M$28,MATCH($A66,$U$4:$U$28,0),COLUMN(B$1))} -> 223 | D66: {=INDEX($B$4:$M$28,MATCH($A66,$U$4:$U$28,0),COLUMN(C$1))} -> 174 | E66: {=INDEX($B$4:$M$28,MATCH($A66,$U$4:$U$28,0),COLUMN(D$1))} -> 191 | F66: =SUM(C66:E66) -> 588 | G66: =F66/3 -> 196 | H66: {=IF(B66="","",IFERROR(INDEX('회원명단 및 기준에버'!D:G,MATCH(B66,'회원명단 및 기준에버'!$C:$C,0),CHOOSE(INT((MONTH($L$2)-1)/3)+1,1,2,3,4)),""))} -> 182 | I66: =IFERROR(C66+-H66,0) -> 41 | J66: =IFERROR(D66+-H66,0) -> -8 | K66: =IFERROR(E66+-H66,0) -> 9 | L66: =SUM(I66:K66) -> 42 | M66: =IFERROR(G66+-H66,0) -> 14
A67: 5 | B67: {=INDEX($B$4:$M$28,MATCH($A67,$U$4:$U$28,0),COLUMN(A$1))} -> 장 영 민 | C67: {=INDEX($B$4:$M$28,MATCH($A67,$U$4:$U$28,0),COLUMN(B$1))} -> 202 | D67: {=INDEX($B$4:$M$28,MATCH($A67,$U$4:$U$28,0),COLUMN(C$1))} -> 265 | E67: {=INDEX($B$4:$M$28,MATCH($A67,$U$4:$U$28,0),COLUMN(D$1))} -> 162 | F67: =SUM(C67:E67) -> 629 | G67: =F67/3 -> 209.66667 | H67: {=IF(B67="","",IFERROR(INDEX('회원명단 및 기준에버'!D:G,MATCH(B67,'회원명단 및 기준에버'!$C:$C,0),CHOOSE(INT((MONTH($L$2)-1)/3)+1,1,2,3,4)),""))} -> 200 | I67: =IFERROR(C67+-H67,0) -> 2 | J67: =IFERROR(D67+-H67,0) -> 65 | K67: =IFERROR(E67+-H67,0) -> -38 | L67: =SUM(I67:K67) -> 29 | M67: =IFERROR(G67+-H67,0) -> 9.6666667
A68: 6 | B68: {=INDEX($B$4:$M$28,MATCH($A68,$U$4:$U$28,0),COLUMN(A$1))} -> 지 옥 명 | C68: {=INDEX($B$4:$M$28,MATCH($A68,$U$4:$U$28,0),COLUMN(B$1))} -> 230 | D68: {=INDEX($B$4:$M$28,MATCH($A68,$U$4:$U$28,0),COLUMN(C$1))} -> 152 | E68: {=INDEX($B$4:$M$28,MATCH($A68,$U$4:$U$28,0),COLUMN(D$1))} -> 192 | F68: =SUM(C68:E68) -> 574 | G68: =F68/3 -> 191.33333 | H68: {=IF(B68="","",IFERROR(INDEX('회원명단 및 기준에버'!D:G,MATCH(B68,'회원명단 및 기준에버'!$C:$C,0),CHOOSE(INT((MONTH($L$2)-1)/3)+1,1,2,3,4)),""))} -> 183 | I68: =IFERROR(C68+-H68,0) -> 47 | J68: =IFERROR(D68+-H68,0) -> -31 | K68: =IFERROR(E68+-H68,0) -> 9 | L68: =SUM(I68:K68) -> 25 | M68: =IFERROR(G68+-H68,0) -> 8.3333333
A69: 7 | B69: {=INDEX($B$4:$M$28,MATCH($A69,$U$4:$U$28,0),COLUMN(A$1))} -> 황 인 교 | C69: {=INDEX($B$4:$M$28,MATCH($A69,$U$4:$U$28,0),COLUMN(B$1))} -> 183 | D69: {=INDEX($B$4:$M$28,MATCH($A69,$U$4:$U$28,0),COLUMN(C$1))} -> 213 | E69: {=INDEX($B$4:$M$28,MATCH($A69,$U$4:$U$28,0),COLUMN(D$1))} -> 178 | F69: =SUM(C69:E69) -> 574 | G69: =F69/3 -> 191.33333 | H69: {=IF(B69="","",IFERROR(INDEX('회원명단 및 기준에버'!D:G,MATCH(B69,'회원명단 및 기준에버'!$C:$C,0),CHOOSE(INT((MONTH($L$2)-1)/3)+1,1,2,3,4)),""))} -> 184 | I69: =IFERROR(C69+-H69,0) -> -1 | J69: =IFERROR(D69+-H69,0) -> 29 | K69: =IFERROR(E69+-H69,0) -> -6 | L69: =SUM(I69:K69) -> 22 | M69: =IFERROR(G69+-H69,0) -> 7.3333333
A70: 8 | B70: {=INDEX($B$4:$M$28,MATCH($A70,$U$4:$U$28,0),COLUMN(A$1))} -> 이 우 석 | C70: {=INDEX($B$4:$M$28,MATCH($A70,$U$4:$U$28,0),COLUMN(B$1))} -> 212 | D70: {=INDEX($B$4:$M$28,MATCH($A70,$U$4:$U$28,0),COLUMN(C$1))} -> 191 | E70: {=INDEX($B$4:$M$28,MATCH($A70,$U$4:$U$28,0),COLUMN(D$1))} -> 218 | F70: =SUM(C70:E70) -> 621 | G70: =F70/3 -> 207 | H70: {=IF(B70="","",IFERROR(INDEX('회원명단 및 기준에버'!D:G,MATCH(B70,'회원명단 및 기준에버'!$C:$C,0),CHOOSE(INT((MONTH($L$2)-1)/3)+1,1,2,3,4)),""))} -> 200 | I70: =IFERROR(C70+-H70,0) -> 12 | J70: =IFERROR(D70+-H70,0) -> -9 | K70: =IFERROR(E70+-H70,0) -> 18 | L70: =SUM(I70:K70) -> 21 | M70: =IFERROR(G70+-H70,0) -> 7
A71: 9 | B71: {=INDEX($B$4:$M$28,MATCH($A71,$U$4:$U$28,0),COLUMN(A$1))} -> 손 은 주 | C71: {=INDEX($B$4:$M$28,MATCH($A71,$U$4:$U$28,0),COLUMN(B$1))} -> 155 | D71: {=INDEX($B$4:$M$28,MATCH($A71,$U$4:$U$28,0),COLUMN(C$1))} -> 159 | E71: {=INDEX($B$4:$M$28,MATCH($A71,$U$4:$U$28,0),COLUMN(D$1))} -> 147 | F71: =SUM(C71:E71) -> 461 | G71: =F71/3 -> 153.66667 | H71: {=IF(B71="","",IFERROR(INDEX('회원명단 및 기준에버'!D:G,MATCH(B71,'회원명단 및 기준에버'!$C:$C,0),CHOOSE(INT((MONTH($L$2)-1)/3)+1,1,2,3,4)),""))} -> 151 | I71: =IFERROR(C71+-H71,0) -> 4 | J71: =IFERROR(D71+-H71,0) -> 8 | K71: =IFERROR(E71+-H71,0) -> -4 | L71: =SUM(I71:K71) -> 8 | M71: =IFERROR(G71+-H71,0) -> 2.6666667
A72: 10 | B72: {=INDEX($B$4:$M$28,MATCH($A72,$U$4:$U$28,0),COLUMN(A$1))} -> 변 상 필 | C72: {=INDEX($B$4:$M$28,MATCH($A72,$U$4:$U$28,0),COLUMN(B$1))} -> 242 | D72: {=INDEX($B$4:$M$28,MATCH($A72,$U$4:$U$28,0),COLUMN(C$1))} -> 161 | E72: {=INDEX($B$4:$M$28,MATCH($A72,$U$4:$U$28,0),COLUMN(D$1))} -> 202 | F72: =SUM(C72:E72) -> 605 | G72: =F72/3 -> 201.66667 | H72: {=IF(B72="","",IFERROR(INDEX('회원명단 및 기준에버'!D:G,MATCH(B72,'회원명단 및 기준에버'!$C:$C,0),CHOOSE(INT((MONTH($L$2)-1)/3)+1,1,2,3,4)),""))} -> 200 | I72: =IFERROR(C72+-H72,0) -> 42 | J72: =IFERROR(D72+-H72,0) -> -39 | K72: =IFERROR(E72+-H72,0) -> 2 | L72: =SUM(I72:K72) -> 5 | M72: =IFERROR(G72+-H72,0) -> 1.6666667
A73: 11 | B73: {=INDEX($B$4:$M$28,MATCH($A73,$U$4:$U$28,0),COLUMN(A$1))} -> 김 선 미 | C73: {=INDEX($B$4:$M$28,MATCH($A73,$U$4:$U$28,0),COLUMN(B$1))} -> 167 | D73: {=INDEX($B$4:$M$28,MATCH($A73,$U$4:$U$28,0),COLUMN(C$1))} -> 147 | E73: {=INDEX($B$4:$M$28,MATCH($A73,$U$4:$U$28,0),COLUMN(D$1))} -> 171 | F73: =SUM(C73:E73) -> 485 | G73: =F73/3 -> 161.66667 | H73: {=IF(B73="","",IFERROR(INDEX('회원명단 및 기준에버'!D:G,MATCH(B73,'회원명단 및 기준에버'!$C:$C,0),CHOOSE(INT((MONTH($L$2)-1)/3)+1,1,2,3,4)),""))} -> 161 | I73: =IFERROR(C73+-H73,0) -> 6 | J73: =IFERROR(D73+-H73,0) -> -14 | K73: =IFERROR(E73+-H73,0) -> 10 | L73: =SUM(I73:K73) -> 2 | M73: =IFERROR(G73+-H73,0) -> 0.66666667
A74: 12 | B74: =INDEX($B$4:$M$28,MATCH($A74,$U$4:$U$28,0),COLUMN(A$1)) -> 최 진 | C74: {=INDEX($B$4:$M$28,MATCH($A74,$U$4:$U$28,0),COLUMN(B$1))} -> 187 | D74: {=INDEX($B$4:$M$28,MATCH($A74,$U$4:$U$28,0),COLUMN(C$1))} -> 188 | E74: {=INDEX($B$4:$M$28,MATCH($A74,$U$4:$U$28,0),COLUMN(D$1))} -> 168 | F74: =SUM(C74:E74) -> 543 | G74: =F74/3 -> 181 | H74: {=IF(B74="","",IFERROR(INDEX('회원명단 및 기준에버'!D:G,MATCH(B74,'회원명단 및 기준에버'!$C:$C,0),CHOOSE(INT((MONTH($L$2)-1)/3)+1,1,2,3,4)),""))} | I74: =IFERROR(C74+-H74,0) -> 0 | J74: =IFERROR(D74+-H74,0) -> 0 | K74: =IFERROR(E74+-H74,0) -> 0 | L74: =SUM(I74:K74) -> 0 | M74: =IFERROR(G74+-H74,0) -> 0
A75: 13 | B75: {=INDEX($B$4:$M$28,MATCH($A75,$U$4:$U$28,0),COLUMN(A$1))} -> 이 대 용 | C75: {=INDEX($B$4:$M$28,MATCH($A75,$U$4:$U$28,0),COLUMN(B$1))} -> 201 | D75: {=INDEX($B$4:$M$28,MATCH($A75,$U$4:$U$28,0),COLUMN(C$1))} -> 192 | E75: {=INDEX($B$4:$M$28,MATCH($A75,$U$4:$U$28,0),COLUMN(D$1))} -> 196 | F75: =SUM(C75:E75) -> 589 | G75: =F75/3 -> 196.33333 | H75: {=IF(B75="","",IFERROR(INDEX('회원명단 및 기준에버'!D:G,MATCH(B75,'회원명단 및 기준에버'!$C:$C,0),CHOOSE(INT((MONTH($L$2)-1)/3)+1,1,2,3,4)),""))} -> 200 | I75: =IFERROR(C75+-H75,0) -> 1 | J75: =IFERROR(D75+-H75,0) -> -8 | K75: =IFERROR(E75+-H75,0) -> -4 | L75: =SUM(I75:K75) -> -11 | M75: =IFERROR(G75+-H75,0) -> -3.6666667
A76: 14 | B76: {=INDEX($B$4:$M$28,MATCH($A76,$U$4:$U$28,0),COLUMN(A$1))} -> 김 태 환 | C76: {=INDEX($B$4:$M$28,MATCH($A76,$U$4:$U$28,0),COLUMN(B$1))} -> 202 | D76: {=INDEX($B$4:$M$28,MATCH($A76,$U$4:$U$28,0),COLUMN(C$1))} -> 163 | E76: {=INDEX($B$4:$M$28,MATCH($A76,$U$4:$U$28,0),COLUMN(D$1))} -> 216 | F76: =SUM(C76:E76) -> 581 | G76: =F76/3 -> 193.66667 | H76: {=IF(B76="","",IFERROR(INDEX('회원명단 및 기준에버'!D:G,MATCH(B76,'회원명단 및 기준에버'!$C:$C,0),CHOOSE(INT((MONTH($L$2)-1)/3)+1,1,2,3,4)),""))} -> 198 | I76: =IFERROR(C76+-H76,0) -> 4 | J76: =IFERROR(D76+-H76,0) -> -35 | K76: =IFERROR(E76+-H76,0) -> 18 | L76: =SUM(I76:K76) -> -13 | M76: =IFERROR(G76+-H76,0) -> -4.3333333
A77: 15 | B77: {=INDEX($B$4:$M$28,MATCH($A77,$U$4:$U$28,0),COLUMN(A$1))} -> 이 정 석 | C77: {=INDEX($B$4:$M$28,MATCH($A77,$U$4:$U$28,0),COLUMN(B$1))} -> 182 | D77: {=INDEX($B$4:$M$28,MATCH($A77,$U$4:$U$28,0),COLUMN(C$1))} -> 201 | E77: {=INDEX($B$4:$M$28,MATCH($A77,$U$4:$U$28,0),COLUMN(D$1))} -> 192 | F77: =SUM(C77:E77) -> 575 | G77: =F77/3 -> 191.66667 | H77: {=IF(B77="","",IFERROR(INDEX('회원명단 및 기준에버'!D:G,MATCH(B77,'회원명단 및 기준에버'!$C:$C,0),CHOOSE(INT((MONTH($L$2)-1)/3)+1,1,2,3,4)),""))} -> 196 | I77: =IFERROR(C77+-H77,0) -> -14 | J77: =IFERROR(D77+-H77,0) -> 5 | K77: =IFERROR(E77+-H77,0) -> -4 | L77: =SUM(I77:K77) -> -13 | M77: =IFERROR(G77+-H77,0) -> -4.3333333
A78: 16 | B78: {=INDEX($B$4:$M$28,MATCH($A78,$U$4:$U$28,0),COLUMN(A$1))} -> 이 승 미 | C78: {=INDEX($B$4:$M$28,MATCH($A78,$U$4:$U$28,0),COLUMN(B$1))} -> 188 | D78: {=INDEX($B$4:$M$28,MATCH($A78,$U$4:$U$28,0),COLUMN(C$1))} -> 157 | E78: {=INDEX($B$4:$M$28,MATCH($A78,$U$4:$U$28,0),COLUMN(D$1))} -> 132 | F78: =SUM(C78:E78) -> 477 | G78: =F78/3 -> 159 | H78: {=IF(B78="","",IFERROR(INDEX('회원명단 및 기준에버'!D:G,MATCH(B78,'회원명단 및 기준에버'!$C:$C,0),CHOOSE(INT((MONTH($L$2)-1)/3)+1,1,2,3,4)),""))} -> 165 | I78: =IFERROR(C78+-H78,0) -> 23 | J78: =IFERROR(D78+-H78,0) -> -8 | K78: =IFERROR(E78+-H78,0) -> -33 | L78: =SUM(I78:K78) -> -18 | M78: =IFERROR(G78+-H78,0) -> -6
A79: 17 | B79: {=INDEX($B$4:$M$28,MATCH($A79,$U$4:$U$28,0),COLUMN(A$1))} -> 고 경 훈 | C79: {=INDEX($B$4:$M$28,MATCH($A79,$U$4:$U$28,0),COLUMN(B$1))} -> 133 | D79: {=INDEX($B$4:$M$28,MATCH($A79,$U$4:$U$28,0),COLUMN(C$1))} -> 230 | E79: {=INDEX($B$4:$M$28,MATCH($A79,$U$4:$U$28,0),COLUMN(D$1))} -> 194 | F79: =SUM(C79:E79) -> 557 | G79: =F79/3 -> 185.66667 | H79: {=IF(B79="","",IFERROR(INDEX('회원명단 및 기준에버'!D:G,MATCH(B79,'회원명단 및 기준에버'!$C:$C,0),CHOOSE(INT((MONTH($L$2)-1)/3)+1,1,2,3,4)),""))} -> 195 | I79: =IFERROR(C79+-H79,0) -> -62 | J79: =IFERROR(D79+-H79,0) -> 35 | K79: =IFERROR(E79+-H79,0) -> -1 | L79: =SUM(I79:K79) -> -28 | M79: =IFERROR(G79+-H79,0) -> -9.3333333
A80: 18 | B80: {=INDEX($B$4:$M$28,MATCH($A80,$U$4:$U$28,0),COLUMN(A$1))} -> 김 정 희 | C80: {=INDEX($B$4:$M$28,MATCH($A80,$U$4:$U$28,0),COLUMN(B$1))} -> 182 | D80: {=INDEX($B$4:$M$28,MATCH($A80,$U$4:$U$28,0),COLUMN(C$1))} -> 167 | E80: {=INDEX($B$4:$M$28,MATCH($A80,$U$4:$U$28,0),COLUMN(D$1))} -> 223 | F80: =SUM(C80:E80) -> 572 | G80: =F80/3 -> 190.66667 | H80: {=IF(B80="","",IFERROR(INDEX('회원명단 및 기준에버'!D:G,MATCH(B80,'회원명단 및 기준에버'!$C:$C,0),CHOOSE(INT((MONTH($L$2)-1)/3)+1,1,2,3,4)),""))} -> 200 | I80: =IFERROR(C80+-H80,0) -> -18 | J80: =IFERROR(D80+-H80,0) -> -33 | K80: =IFERROR(E80+-H80,0) -> 23 | L80: =SUM(I80:K80) -> -28 | M80: =IFERROR(G80+-H80,0) -> -9.3333333
A81: 19 | B81: {=INDEX($B$4:$M$28,MATCH($A81,$U$4:$U$28,0),COLUMN(A$1))} -> 진 명 옥 | C81: {=INDEX($B$4:$M$28,MATCH($A81,$U$4:$U$28,0),COLUMN(B$1))} -> 149 | D81: {=INDEX($B$4:$M$28,MATCH($A81,$U$4:$U$28,0),COLUMN(C$1))} -> 169 | E81: {=INDEX($B$4:$M$28,MATCH($A81,$U$4:$U$28,0),COLUMN(D$1))} -> 163 | F81: =SUM(C81:E81) -> 481 | G81: =F81/3 -> 160.33333 | H81: {=IF(B81="","",IFERROR(INDEX('회원명단 및 기준에버'!D:G,MATCH(B81,'회원명단 및 기준에버'!$C:$C,0),CHOOSE(INT((MONTH($L$2)-1)/3)+1,1,2,3,4)),""))} -> 171 | I81: =IFERROR(C81+-H81,0) -> -22 | J81: =IFERROR(D81+-H81,0) -> -2 | K81: =IFERROR(E81+-H81,0) -> -8 | L81: =SUM(I81:K81) -> -32 | M81: =IFERROR(G81+-H81,0) -> -10.666667
A82: 20 | B82: {=INDEX($B$4:$M$28,MATCH($A82,$U$4:$U$28,0),COLUMN(A$1))} -> 임 연 진 | C82: {=INDEX($B$4:$M$28,MATCH($A82,$U$4:$U$28,0),COLUMN(B$1))} -> 193 | D82: {=INDEX($B$4:$M$28,MATCH($A82,$U$4:$U$28,0),COLUMN(C$1))} -> 176 | E82: {=INDEX($B$4:$M$28,MATCH($A82,$U$4:$U$28,0),COLUMN(D$1))} -> 175 | F82: =SUM(C82:E82) -> 544 | G82: =F82/3 -> 181.33333 | H82: {=IF(B82="","",IFERROR(INDEX('회원명단 및 기준에버'!D:G,MATCH(B82,'회원명단 및 기준에버'!$C:$C,0),CHOOSE(INT((MONTH($L$2)-1)/3)+1,1,2,3,4)),""))} -> 194 | I82: =IFERROR(C82+-H82,0) -> -1 | J82: =IFERROR(D82+-H82,0) -> -18 | K82: =IFERROR(E82+-H82,0) -> -19 | L82: =SUM(I82:K82) -> -38 | M82: =IFERROR(G82+-H82,0) -> -12.666667
A83: 21 | B83: {=INDEX($B$4:$M$28,MATCH($A83,$U$4:$U$28,0),COLUMN(A$1))} -> 나 경 주 | C83: {=INDEX($B$4:$M$28,MATCH($A83,$U$4:$U$28,0),COLUMN(B$1))} -> 167 | D83: {=INDEX($B$4:$M$28,MATCH($A83,$U$4:$U$28,0),COLUMN(C$1))} -> 147 | E83: {=INDEX($B$4:$M$28,MATCH($A83,$U$4:$U$28,0),COLUMN(D$1))} -> 185 | F83: =SUM(C83:E83) -> 499 | G83: =F83/3 -> 166.33333 | H83: {=IF(B83="","",IFERROR(INDEX('회원명단 및 기준에버'!D:G,MATCH(B83,'회원명단 및 기준에버'!$C:$C,0),CHOOSE(INT((MONTH($L$2)-1)/3)+1,1,2,3,4)),""))} -> 192 | I83: =IFERROR(C83+-H83,0) -> -25 | J83: =IFERROR(D83+-H83,0) -> -45 | K83: =IFERROR(E83+-H83,0) -> -7 | L83: =SUM(I83:K83) -> -77 | M83: =IFERROR(G83+-H83,0) -> -25.666667
A84: 22 | B84: {=INDEX($B$4:$M$28,MATCH($A84,$U$4:$U$28,0),COLUMN(A$1))} -> 천 성 일 | C84: {=INDEX($B$4:$M$28,MATCH($A84,$U$4:$U$28,0),COLUMN(B$1))} -> 175 | D84: {=INDEX($B$4:$M$28,MATCH($A84,$U$4:$U$28,0),COLUMN(C$1))} -> 179 | E84: {=INDEX($B$4:$M$28,MATCH($A84,$U$4:$U$28,0),COLUMN(D$1))} -> 127 | F84: =SUM(C84:E84) -> 481 | G84: =F84/3 -> 160.33333 | H84: {=IF(B84="","",IFERROR(INDEX('회원명단 및 기준에버'!D:G,MATCH(B84,'회원명단 및 기준에버'!$C:$C,0),CHOOSE(INT((MONTH($L$2)-1)/3)+1,1,2,3,4)),""))} -> 191 | I84: =IFERROR(C84+-H84,0) -> -16 | J84: =IFERROR(D84+-H84,0) -> -12 | K84: =IFERROR(E84+-H84,0) -> -64 | L84: =SUM(I84:K84) -> -92 | M84: =IFERROR(G84+-H84,0) -> -30.666667
A85: 23 | B85: {=INDEX($B$4:$M$28,MATCH($A85,$U$4:$U$28,0),COLUMN(A$1))} -> 김 종 훈 | C85: {=INDEX($B$4:$M$28,MATCH($A85,$U$4:$U$28,0),COLUMN(B$1))} -> 169 | D85: {=INDEX($B$4:$M$28,MATCH($A85,$U$4:$U$28,0),COLUMN(C$1))} -> 159 | E85: {=INDEX($B$4:$M$28,MATCH($A85,$U$4:$U$28,0),COLUMN(D$1))} -> 167 | F85: =SUM(C85:E85) -> 495 | G85: =F85/3 -> 165 | H85: {=IF(B85="","",IFERROR(INDEX('회원명단 및 기준에버'!D:G,MATCH(B85,'회원명단 및 기준에버'!$C:$C,0),CHOOSE(INT((MONTH($L$2)-1)/3)+1,1,2,3,4)),""))} -> 198 | I85: =IFERROR(C85+-H85,0) -> -29 | J85: =IFERROR(D85+-H85,0) -> -39 | K85: =IFERROR(E85+-H85,0) -> -31 | L85: =SUM(I85:K85) -> -99 | M85: =IFERROR(G85+-H85,0) -> -33
B86: 시 상 및 벌 금
B87: 에버상승상 남+20점,여+10점 이상 상위1명 | F87: 에버벌금 | G87: 정기전 만 해당 함 | J87: 유니품 벌금
B88: =IF(B31="","",B31) -> 이 상 현 | C88: =IF(C31="","",C31) -> 28.3 | D88: =IF(D31="","",D31) -> 김 미 란 | E88: =IF(E31="","",E31) -> 14 | G88: 1점부터 2000원 | J88: =IF(J31="","",J31) -> 황 인 교 | K88: =IF(K31="","",K31) | L88: =IF(L31="","",L31) | M88: =IF(M31="","",M31)
B89: 올카바 상 | I89: 초구가터벌금1회1000원 | K89: 광 박 1회 2000원
B90: =IF(B33="","",B33) | C90: =IF(C33="","",C33) | D90: =IF(D33="","",D33) | E90: =IF(E33="","",E33) | F90: =IF(F33="","",F33) | G90: =IF(G33="","",G33) | I90: =IF(I33="","",I33) | J90: =IF(J33="","",J33) | K90: =IF(K33="","",K33) | L90: =IF(L33="","",L33) | M90: =IF(M33="","",M33)
B91: =IF(B34="","",B34) | C91: =IF(C34="","",C34) | D91: =IF(D34="","",D34) | E91: =IF(E34="","",E34) | F91: =IF(F34="","",F34) | G91: =IF(G34="","",G34) | I91: =IF(I34="","",I34) | J91: =IF(J34="","",J34) | K91: =IF(K34="","",K34) | L91: =IF(L34="","",L34) | M91: =IF(M34="","",M34)
B92: =IF(B35="","",B35) | C92: =IF(C35="","",C35) | D92: =IF(D35="","",D35) | E92: =IF(E35="","",E35) | F92: =IF(F35="","",F35) | G92: =IF(G35="","",G35) | I92: =IF(I35="","",I35) | J92: =IF(J35="","",J35) | K92: =IF(K35="","",K35) | L92: =IF(L35="","",L35) | M92: =IF(M35="","",M35)
B93: 팀 전
B94: =IF(B37="","",B37) -> 이 우 석 | C94: =IF(C37="","",C37) -> 12 | D94: =IF(D37="","",D37) -> -9 | E94: =IF(E37="","",E37) -> 18 | F94: =E97 -> -6 | G94: 4 | H94: =IF(H37="","",H37) -> 장 영 민 | I94: =IF(I37="","",I37) -> 2 | J94: =IF(J37="","",J37) -> 65 | K94: =IF(K37="","",K37) -> -38 | L94: =K94 -> -38 | M94: 5
B95: =IF(B38="","",B38) -> 김 정 희 | C95: =IF(C38="","",C38) -> -18 | D95: =IF(D38="","",D38) -> -33 | E95: =IF(E38="","",E38) -> 23 | F95: =IF(F38="","",F38) | H95: =IF(H38="","",H38) -> 김 태 환 | I95: =IF(I38="","",I38) -> 4 | J95: =IF(J38="","",J38) -> -35 | K95: =IF(K38="","",K38) -> 18 | L95: =IF(L38="","",L38)
B96: =IF(B39="","",B39) -> 이 정 석 | C96: =IF(C39="","",C39) -> -14 | D96: =IF(D39="","",D39) -> 5 | E96: =IF(E39="","",E39) -> -4 | F96: =IF(F39="","",F39) | H96: =IF(H39="","",H39) -> 천 성 일 | I96: =IF(I39="","",I39) -> -16 | J96: =IF(J39="","",J39) -> -12 | K96: =IF(K39="","",K39) -> -64 | L96: =IF(L39="","",L39)
B97: =IF(B40="","",B40) -> 황 인 교 | C97: =IF(C40="","",C40) -> -1 | D97: =IF(D40="","",D40) -> 29 | E97: =IF(E40="","",E40) -> -6 | F97: =IF(F40="","",F40) | H97: =IF(H40="","",H40) -> 진 명 옥 | I97: =IF(I40="","",I40) -> -22 | J97: =IF(J40="","",J40) -> -2 | K97: =IF(K40="","",K40) -> -8 | L97: =IF(L40="","",L40)
B98: =IF(B41="","",B41) -> 손 은 주 | C98: =IF(C41="","",C41) -> 4 | D98: =IF(D41="","",D41) -> 8 | E98: =IF(E41="","",E41) -> -4 | F98: =IF(F41="","",F41) | H98: =IF(H41="","",H41) -> 0 | I98: =IF(I41="","",I41) -> 0 | J98: =IF(J41="","",J41) -> 0 | K98: =IF(K41="","",K41) -> 0 | L98: =IF(L41="","",L41)
B99: =IF(B42="","",B42) | C99: =IF(C42="","",C42) -> -17 | D99: =IF(D42="","",D42) -> 0 | E99: =IF(E42="","",E42) -> 27 | F99: =IF(F42="","",F42) | H99: =IF(H42="","",H42) | I99: =IF(I42="","",I42) -> -32 | J99: =IF(J42="","",J42) -> 16 | K99: =IF(K42="","",K42) -> -92 | L99: =IF(L42="","",L42)
B101: =IF(B44="","",B44) -> 이 대 용 | C101: =IF(C44="","",C44) -> 1 | D101: =IF(D44="","",D44) -> -8 | E101: =IF(E44="","",E44) -> -4 | F101: =E101 -> -4 | G101: 3 | H101: =IF(H44="","",H44) -> 임 승 기 | I101: =IF(I44="","",I44) -> -7 | J101: =IF(J44="","",J44) -> 36 | K101: =IF(K44="","",K44) -> 22 | L101: =K101 -> 22 | M101: 1
B102: =IF(B45="","",B45) -> 김 미 란 | C102: =IF(C45="","",C45) -> 41 | D102: =IF(D45="","",D45) -> -8 | E102: =IF(E45="","",E45) -> 9 | F102: =IF(F45="","",F45) | G102: =IF(G45="","",G45) | H102: =IF(H45="","",H45) -> 임 연 진 | I102: =IF(I45="","",I45) -> -1 | ... M102: =IF(M45="","",M45)
B103: =IF(B46="","",B46) -> 이 승 미 | C103: =IF(C46="","",C46) -> 23 | D103: =IF(D46="","",D46) -> -8 | E103: =IF(E46="","",E46) -> -33 | F103: =IF(F46="","",F46) | G103: =IF(G46="","",G46) | H103: =IF(H46="","",H46) -> 고 경 훈 | I103: =IF(I46="","",I46) -> -62 | ... M103: =IF(M46="","",M46)
B104: =IF(B47="","",B47) -> 나 경 주 | C104: =IF(C47="","",C47) -> -25 | D104: =IF(D47="","",D47) -> -45 | E104: =IF(E47="","",E47) -> -7 | F104: =IF(F47="","",F47) | G104: =IF(G47="","",G47) | H104: =IF(H47="","",H47) -> 김 종 훈 | I104: =IF(I47="","",I47) -> -29 | ... M104: =IF(M47="","",M47)
B105: =IF(B48="","",B48) -> 박 성 현 | C105: =IF(C48="","",C48) -> -45 | D105: =IF(D48="","",D48) -> 79 | E105: =IF(E48="","",E48) -> 11 | F105: =IF(F48="","",F48) | G105: =IF(G48="","",G48) | H105: =IF(H48="","",H48) -> 0 | I105: =IF(I48="","",I48) -> 0 | ... M105: =IF(M48="","",M48)
B106: =IF(B49="","",B49) | C106: =IF(C49="","",C49) -> -5 | D106: =IF(D49="","",D49) -> 10 | E106: =IF(E49="","",E49) -> -24 | F106: =IF(F49="","",F49) | G106: =IF(G49="","",G49) | H106: =IF(H49="","",H49) | I106: =IF(I49="","",I49) -> -99 | ... M106: =IF(M49="","",M49)
B108: =IF(B51="","",B51) -> 변 상 필 | C108: =IF(C51="","",C51) -> 42 | D108: =IF(D51="","",D51) -> -39 | E108: =IF(E51="","",E51) -> 2 | F108: =E110 -> 20 | G108: 2
B109: =IF(B52="","",B52) -> 지 옥 명 | C109: =IF(C52="","",C52) -> 47 | D109: =IF(D52="","",D52) -> -31 | E109: =IF(E52="","",E52) -> 9 | F109: =IF(F52="","",F52) | G109: =IF(G52="","",G52)
B110: =IF(B53="","",B53) -> 이 상 현 | C110: =IF(C53="","",C53) -> 11 | D110: =IF(D53="","",D53) -> 54 | E110: =IF(E53="","",E53) -> 20 | F110: =IF(F53="","",F53) | G110: =IF(G53="","",G53)
...

Sheet 05회정모
A1: 2026 아르케 존 05회 정기 모임 점수
K2: 날짜 | L2: 46086 | S2: 팀전에버기준 | T2: 1 | U2: 순위에버오차기준 | V2: 1
B3: 이 름 | C3: 1 G | D3: 2 G | E3: 3 G | F3: 합 계 | G3: 에 버 | H3: 기본에버 | I3: 1 G | J3: 2 G | K3: 3 G | L3: 합 계 | M3: 오 차 | S3: 수식입력부분 삭제하지마세요~
A4: 1 | B4: 장 영 민 | C4: 279 | D4: 256 | E4: 202 | F4: =SUM(C4:E4) -> 737 | G4: =F4/3 -> 245.66667 | H4: {=IF(B4="","",IFERROR(INDEX('회원명단 및 기준에버'!D:G,MATCH(B4,'회원명단 및 기준에버'!$C:$C,0),CHOOSE(INT((MONTH($L$2)-1)/3)+1,1,2,3,4)),""))} -> 200 | I4: =IFERROR(C4+-H4,0) -> 79 | J4: =IFERROR(D4+-H4,0) -> 56 | K4: =IFERROR(E4+-H4,0) -> 2 | L4: =SUM(I4:K4) -> 137 | M4: =IFERROR(G4+-H4,0) -> 45.666667 | S4: =MAX(C4:E4)-MIN(C4:E4) -> 77 | T4: =IF($B4="",-999999999+A4,IF($V$2=0,(F4*10000+S4*1000+A4),(M4*10000+S4*10+A4))) -> 457437.67 | U4: =_xlfn.RANK.EQ(T4,$T$4:$T$28,0) -> 1
A5: 2 | B5: 김 정 희 | C5: 210 | D5: 232 | E5: 191 | F5: =SUM(C5:E5) -> 633 | G5: =F5/3 -> 211 | H5: {=IF(B5="","",IFERROR(INDEX('회원명단 및 기준에버'!D:G,MATCH(B5,'회원명단 및 기준에버'!$C:$C,0),CHOOSE(INT((MONTH($L$2)-1)/3)+1,1,2,3,4)),""))} -> 200 | I5: =IFERROR(C5+-H5,0) -> 10 | J5: =IFERROR(D5+-H5,0) -> 32 | K5: =IFERROR(E5+-H5,0) -> -9 | L5: =SUM(I5:K5) -> 33 | M5: =IFERROR(G5+-H5,0) -> 11 | S5: =MAX(C5:E5)-MIN(C5:E5) -> 41 | T5: =IF($B5="",-999999999+A5,IF($V$2=0,(F5*10000+S5*1000+A5),(M5*10000+S5*10+A5))) -> 110412 | U5: =_xlfn.RANK.EQ(T5,$T$4:$T$28,0) -> 7
A6: 3 | B6: 진 명 옥 | C6: 190 | D6: 224 | E6: 184 | F6: =SUM(C6:E6) -> 598 | G6: =F6/3 -> 199.33333 | H6: {=IF(B6="","",IFERROR(INDEX('회원명단 및 기준에버'!D:G,MATCH(B6,'회원명단 및 기준에버'!$C:$C,0),CHOOSE(INT((MONTH($L$2)-1)/3)+1,1,2,3,4)),""))} -> 171 | I6: =IFERROR(C6+-H6,0) -> 19 | J6: =IFERROR(D6+-H6,0) -> 53 | K6: =IFERROR(E6+-H6,0) -> 13 | L6: =SUM(I6:K6) -> 85 | M6: =IFERROR(G6+-H6,0) -> 28.333333 | S6: =MAX(C6:E6)-MIN(C6:E6) -> 40 | T6: =IF($B6="",-999999999+A6,IF($V$2=0,(F6*10000+S6*1000+A6),(M6*10000+S6*10+A6))) -> 283736.33 | U6: =_xlfn.RANK.EQ(T6,$T$4:$T$28,0) -> 2
A7: 4 | B7: 김 남 주 | C7: 258 | D7: 173 | E7: 228 | F7: =SUM(C7:E7) -> 659 | G7: =F7/3 -> 219.66667 | H7: {=IF(B7="","",IFERROR(INDEX('회원명단 및 기준에버'!D:G,MATCH(B7,'회원명단 및 기준에버'!$C:$C,0),CHOOSE(INT((MONTH($L$2)-1)/3)+1,1,2,3,4)),""))} -> 195 | I7: =IFERROR(C7+-H7,0) -> 63 | J7: =IFERROR(D7+-H7,0) -> -22 | K7: =IFERROR(E7+-H7,0) -> 33 | L7: =SUM(I7:K7) -> 74 | M7: =IFERROR(G7+-H7,0) -> 24.666667 | S7: =MAX(C7:E7)-MIN(C7:E7) -> 85 | T7: =IF($B7="",-999999999+A7,IF($V$2=0,(F7*10000+S7*1000+A7),(M7*10000+S7*10+A7))) -> 247520.67 | U7: =_xlfn.RANK.EQ(T7,$T$4:$T$28,0) -> 4
A8: 5 | B8: 김 미 란 | C8: 202 | D8: 178 | E8: 171 | F8: =SUM(C8:E8) -> 551 | G8: =F8/3 -> 183.66667 | H8: {=IF(B8="","",IFERROR(INDEX('회원명단 및 기준에버'!D:G,MATCH(B8,'회원명단 및 기준에버'!$C:$C,0),CHOOSE(INT((MONTH($L$2)-1)/3)+1,1,2,3,4)),""))} -> 182 | I8: =IFERROR(C8+-H8,0) -> 20 | J8: =IFERROR(D8+-H8,0) -> -4 | K8: =IFERROR(E8+-H8,0) -> -11 | L8: =SUM(I8:K8) -> 5 | M8: =IFERROR(G8+-H8,0) -> 1.6666667 | S8: =MAX(C8:E8)-MIN(C8:E8) -> 31 | T8: =IF($B8="",-999999999+A8,IF($V$2=0,(F8*10000+S8*1000+A8),(M8*10000+S8*10+A8))) -> 16981.667 | U8: =_xlfn.RANK.EQ(T8,$T$4:$T$28,0) -> 16
A9: 6 | B9: 손 은 주 | C9: 166 | D9: 154 | E9: 135 | F9: =SUM(C9:E9) -> 455 | G9: =F9/3 -> 151.66667 | H9: {=IF(B9="","",IFERROR(INDEX('회원명단 및 기준에버'!D:G,MATCH(B9,'회원명단 및 기준에버'!$C:$C,0),CHOOSE(INT((MONTH($L$2)-1)/3)+1,1,2,3,4)),""))} -> 151 | I9: =IFERROR(C9+-H9,0) -> 15 | J9: =IFERROR(D9+-H9,0) -> 3 | K9: =IFERROR(E9+-H9,0) -> -16 | L9: =SUM(I9:K9) -> 2 | M9: =IFERROR(G9+-H9,0) -> 0.66666667 | S9: =MAX(C9:E9)-MIN(C9:E9) -> 31 | T9: =IF($B9="",-999999999+A9,IF($V$2=0,(F9*10000+S9*1000+A9),(M9*10000+S9*10+A9))) -> 6982.6667 | U9: =_xlfn.RANK.EQ(T9,$T$4:$T$28,0) -> 17
A10: 7 | B10: 이 우 석 | C10: 223 | D10: 196 | E10: 229 | F10: =SUM(C10:E10) -> 648 | G10: =F10/3 -> 216 | H10: {=IF(B10="","",IFERROR(INDEX('회원명단 및 기준에버'!D:G,MATCH(B10,'회원명단 및 기준에버'!$C:$C,0),CHOOSE(INT((MONTH($L$2)-1)/3)+1,1,2,3,4)),""))} -> 200 | I10: =IFERROR(C10+-H10,0) -> 23 | J10: =IFERROR(D10+-H10,0) -> -4 | K10: =IFERROR(E10+-H10,0) -> 29 | L10: =SUM(I10:K10) -> 48 | M10: =IFERROR(G10+-H10,0) -> 16 | S10: =MAX(C10:E10)-MIN(C10:E10) -> 33 | T10: =IF($B10="",-999999999+A10,IF($V$2=0,(F10*10000+S10*1000+A10),(M10*10000+S10*10+A10))) -> 160337 | U10: =_xlfn.RANK.EQ(T10,$T$4:$T$28,0) -> 5
A11: 8 | B11: 이 대 용 | C11: 174 | D11: 226 | E11: 227 | F11: =SUM(C11:E11) -> 627 | G11: =F11/3 -> 209 | H11: {=IF(B11="","",IFERROR(INDEX('회원명단 및 기준에버'!D:G,MATCH(B11,'회원명단 및 기준에버'!$C:$C,0),CHOOSE(INT((MONTH($L$2)-1)/3)+1,1,2,3,4)),""))} -> 200 | I11: =IFERROR(C11+-H11,0) -> -26 | J11: =IFERROR(D11+-H11,0) -> 26 | K11: =IFERROR(E11+-H11,0) -> 27 | L11: =SUM(I11:K11) -> 27 | M11: =IFERROR(G11+-H11,0) -> 9 | S11: =MAX(C11:E11)-MIN(C11:E11) -> 53 | T11: =IF($B11="",-999999999+A11,IF($V$2=0,(F11*10000+S11*1000+A11),(M11*10000+S11*10+A11))) -> 90538 | U11: =_xlfn.RANK.EQ(T11,$T$4:$T$28,0) -> 10
A12: 9 | B12: 김 태 환 | C12: 187 | D12: 169 | E12: 200 | F12: =SUM(C12:E12) -> 556 | G12: =F12/3 -> 185.33333 | H12: {=IF(B12="","",IFERROR(INDEX('회원명단 및 기준에버'!D:G,MATCH(B12,'회원명단 및 기준에버'!$C:$C,0),CHOOSE(INT((MONTH($L$2)-1)/3)+1,1,2,3,4)),""))} -> 198 | I12: =IFERROR(C12+-H12,0) -> -11 | J12: =IFERROR(D12+-H12,0) -> -29 | K12: =IFERROR(E12+-H12,0) -> 2 | L12: =SUM(I12:K12) -> -38 | M12: =IFERROR(G12+-H12,0) -> -12.666667 | S12: =MAX(C12:E12)-MIN(C12:E12) -> 31 | T12: =IF($B12="",-999999999+A12,IF($V$2=0,(F12*10000+S12*1000+A12),(M12*10000+S12*10+A12))) -> -126347.67 | U12: =_xlfn.RANK.EQ(T12,$T$4:$T$28,0) -> 24
A13: 10 | B13: 송 정 현 | C13: 191 | D13: 203 | E13: 194 | F13: =SUM(C13:E13) -> 588 | G13: =F13/3 -> 196 | H13: {=IF(B13="","",IFERROR(INDEX('회원명단 및 기준에버'!D:G,MATCH(B13,'회원명단 및 기준에버'!$C:$C,0),CHOOSE(INT((MONTH($L$2)-1)/3)+1,1,2,3,4)),""))} -> 187 | I13: =IFERROR(C13+-H13,0) -> 4 | J13: =IFERROR(D13+-H13,0) -> 16 | K13: =IFERROR(E13+-H13,0) -> 7 | L13: =SUM(I13:K13) -> 27 | M13: =IFERROR(G13+-H13,0) -> 9 | S13: =MAX(C13:E13)-MIN(C13:E13) -> 12 | T13: =IF($B13="",-999999999+A13,IF($V$2=0,(F13*10000+S13*1000+A13),(M13*10000+S13*10+A13))) -> 90130 | U13: =_xlfn.RANK.EQ(T13,$T$4:$T$28,0) -> 11
A14: 11 | B14: 김 선 미 | C14: 174 | D14: 178 | E14: 140 | F14: =SUM(C14:E14) -> 492 | G14: =F14/3 -> 164 | H14: {=IF(B14="","",IFERROR(INDEX('회원명단 및 기준에버'!D:G,MATCH(B14,'회원명단 및 기준에버'!$C:$C,0),CHOOSE(INT((MONTH($L$2)-1)/3)+1,1,2,3,4)),""))} -> 161 | I14: =IFERROR(C14+-H14,0) -> 13 | J14: =IFERROR(D14+-H14,0) -> 17 | K14: =IFERROR(E14+-H14,0) -> -21 | L14: =SUM(I14:K14) -> 9 | M14: =IFERROR(G14+-H14,0) -> 3 | S14: =MAX(C14:E14)-MIN(C14:E14) -> 38 | T14: =IF($B14="",-999999999+A14,IF($V$2=0,(F14*10000+S14*1000+A14),(M14*10000+S14*10+A14))) -> 30391 | U14: =_xlfn.RANK.EQ(T14,$T$4:$T$28,0) -> 14
A15: 12 | B15: 임 연 진 | C15: 206 | D15: 213 | E15: 208 | F15: =SUM(C15:E15) -> 627 | G15: =F15/3 -> 209 | H15: {=IF(B15="","",IFERROR(INDEX('회원명단 및 기준에버'!D:G,MATCH(B15,'회원명단 및 기준에버'!$C:$C,0),CHOOSE(INT((MONTH($L$2)-1)/3)+1,1,2,3,4)),""))} -> 194 | I15: =IFERROR(C15+-H15,0) -> 12 | J15: =IFERROR(D15+-H15,0) -> 19 | K15: =IFERROR(E15+-H15,0) -> 14 | L15: =SUM(I15:K15) -> 45 | M15: =IFERROR(G15+-H15,0) -> 15 | S15: =MAX(C15:E15)-MIN(C15:E15) -> 7 | T15: =IF($B15="",-999999999+A15,IF($V$2=0,(F15*10000+S15*1000+A15),(M15*10000+S15*10+A15))) -> 150082 | U15: =_xlfn.RANK.EQ(T15,$T$4:$T$28,0) -> 6
... A20: 17 | B20: 강 완 규 | C20: 168 | D20: 167 | E20: 236 | F20: =SUM(C20:E20) -> 571 | G20: =F20/3 -> 190.33333 | H20: {=IF(B20="","",IFERROR(INDEX('회원명단 및 기준에버'!D:G,MATCH(B20,'회원명단 및 기준에버'!$C:$C,0),CHOOSE(INT((MONTH($L$2)-1)/3)+1,1,2,3,4)),""))} -> 194 | I20: =IFERROR(C20+-H20,0) -> -26 | J20: =IFERROR(D20+-H20,0) -> -27 | K20: =IFERROR(E20+-H20,0) -> 42 | L20: =SUM(I20:K20) -> -11 | M20: =IFERROR(G20+-H20,0) -> -3.6666667 | S20: =MAX(C20:E20)-MIN(C20:E20) -> 69 | T20: =IF($B20="",-999999999+A20,IF($V$2=0,(F20*10000+S20*1000+A20),(M20*10000+S20*10+A20))) -> -35959.667 | U20: =_xlfn.RANK.EQ(T20,$T$4:$T$28,0) -> 21
A21: 18 | B21: 임 승 기 | C21: 202 | D21: 167 | E21: 222 | F21: =SUM(C21:E21) -> 591 | G21: =F21/3 -> 197 | I21: 0 | J21: 0 | K21: 0 | L21: =SUM(I21:K21) -> 0 | M21: 0 | S21: =MAX(C21:E21)-MIN(C21:E21) -> 55 | T21: =IF($B21="",-999999999+A21,IF($V$2=0,(F21*10000+S21*1000+A21),(M21*10000+S21*10+A21))) -> 568 | U21: =_xlfn.RANK.EQ(T21,$T$4:$T$28,0) -> 19
A22: 19 | B22: 나 경 주 | C22: 170 | D22: 246 | E22: 165 | F22: =SUM(C22:E22) -> 581 | G22: =F22/3 -> 193.66667 | H22: {=IF(B22="","",IFERROR(INDEX('회원명단 및 기준에버'!D:G,MATCH(B22,'회원명단 및 기준에버'!$C:$C,0),CHOOSE(INT((MONTH($L$2)-1)/3)+1,1,2,3,4)),""))} -> 192 | I22: =IFERROR(C22+-H22,0) -> -22 | J22: =IFERROR(D22+-H22,0) -> 54 | K22: =IFERROR(E22+-H22,0) -> -27 | L22: =SUM(I22:K22) -> 5 | M22: =IFERROR(G22+-H22,0) -> 1.6666667 | S22: =MAX(C22:E22)-MIN(C22:E22) -> 81 | T22: =IF($B22="",-999999999+A22,IF($V$2=0,(F22*10000+S22*1000+A22),(M22*10000+S22*10+A22))) -> 17495.667 | U22: =_xlfn.RANK.EQ(T22,$T$4:$T$28,0) -> 15
A23: 20 | B23: 황 인 교 | C23: 179 | D23: 215 | E23: 190 | F23: =SUM(C23:E23) -> 584 | G23: =F23/3 -> 194.66667 | H23: {=IF(B23="","",IFERROR(INDEX('회원명단 및 기준에버'!D:G,MATCH(B23,'회원명단 및 기준에버'!$C:$C,0),CHOOSE(INT((MONTH($L$2)-1)/3)+1,1,2,3,4)),""))} -> 184 | I23: =IFERROR(C23+-H23,0) -> -5 | J23: =IFERROR(D23+-H23,0) -> 31 | K23: =IFERROR(E23+-H23,0) -> 6 | L23: =SUM(I23:K23) -> 32 | M23: =IFERROR(G23+-H23,0) -> 10.666667 | S23: =MAX(C23:E23)-MIN(C23:E23) -> 36 | T23: =IF($B23="",-999999999+A23,IF($V$2=0,(F23*10000+S23*1000+A23),(M23*10000+S23*10+A23))) -> 107046.67 | U23: =_xlfn.RANK.EQ(T23,$T$4:$T$28,0) -> 8
A24: 21 | B24: 이 승 미 | C24: 180 | D24: 131 | E24: 155 | F24: =SUM(C24:E24) -> 466 | G24: =F24/3 -> 155.33333 | H24: {=IF(B24="","",IFERROR(INDEX('회원명단 및 기준에버'!D:G,MATCH(B24,'회원명단 및 기준에버'!$C:$C,0),CHOOSE(INT((MONTH($L$2)-1)/3)+1,1,2,3,4)),""))} -> 165 | I24: =IFERROR(C24+-H24,0) -> 15 | J24: =IFERROR(D24+-H24,0) -> -34 | K24: =IFERROR(E24+-H24,0) -> -10 | L24: =SUM(I24:K24) -> -29 | M24: =IFERROR(G24+-H24,0) -> -9.6666667 | S24: =MAX(C24:E24)-MIN(C24:E24) -> 49 | T24: =IF($B24="",-999999999+A24,IF($V$2=0,(F24*10000+S24*1000+A24),(M24*10000+S24*10+A24))) -> -96155.667 | U24: =_xlfn.RANK.EQ(T24,$T$4:$T$28,0) -> 23
A25: 22 | B25: 이 범 수 | C25: 208 | D25: 221 | E25: 228 | F25: =SUM(C25:E25) -> 657 | G25: =F25/3 -> 219 | H25: {=IF(B25="","",IFERROR(INDEX('회원명단 및 기준에버'!D:G,MATCH(B25,'회원명단 및 기준에버'!$C:$C,0),CHOOSE(INT((MONTH($L$2)-1)/3)+1,1,2,3,4)),""))} -> 193 | I25: =IFERROR(C25+-H25,0) -> 15 | J25: =IFERROR(D25+-H25,0) -> 28 | K25: =IFERROR(E25+-H25,0) -> 35 | L25: =SUM(I25:K25) -> 78 | M25: =IFERROR(G25+-H25,0) -> 26 | S25: =MAX(C25:E25)-MIN(C25:E25) -> 20 | T25: =IF($B25="",-999999999+A25,IF($V$2=0,(F25*10000+S25*1000+A25),(M25*10000+S25*10+A25))) -> 260222 | U25: =_xlfn.RANK.EQ(T25,$T$4:$T$28,0) -> 3
A26: 23 | B26: 최 현 수 | C26: 276 | D26: 177 | E26: 178 | F26: =SUM(C26:E26) -> 631 | G26: =F26/3 -> 210.33333 | H26: {=IF(B26="","",IFERROR(INDEX('회원명단 및 기준에버'!D:G,MATCH(B26,'회원명단 및 기준에버'!$C:$C,0),CHOOSE(INT((MONTH($L$2)-1)/3)+1,1,2,3,4)),""))} -> 200 | I26: =IFERROR(C26+-H26,0) -> 76 | J26: =IFERROR(D26+-H26,0) -> -23 | K26: =IFERROR(E26+-H26,0) -> -22 | L26: =SUM(I26:K26) -> 31 | M26: =IFERROR(G26+-H26,0) -> 10.333333 | S26: =MAX(C26:E26)-MIN(C26:E26) -> 99 | T26: =IF($B26="",-999999999+A26,IF($V$2=0,(F26*10000+S26*1000+A26),(M26*10000+S26*10+A26))) -> 104346.33 | U26: =_xlfn.RANK.EQ(T26,$T$4:$T$28,0) -> 9
A27: 24 | B27: 이 정 석 | C27: 189 | D27: 205 | E27: 217 | F27: =SUM(C27:E27) -> 611 | G27: =F27/3 -> 203.66667 | H27: {=IF(B27="","",IFERROR(INDEX('회원명단 및 기준에버'!D:G,MATCH(B27,'회원명단 및 기준에버'!$C:$C,0),CHOOSE(INT((MONTH($L$2)-1)/3)+1,1,2,3,4)),""))} -> 196 | I27: =IFERROR(C27+-H27,0) -> -7 | J27: =IFERROR(D27+-H27,0) -> 9 | K27: =IFERROR(E27+-H27,0) -> 21 | L27: =SUM(I27:K27) -> 23 | M27: =IFERROR(G27+-H27,0) -> 7.6666667 | S27: =MAX(C27:E27)-MIN(C27:E27) -> 28 | T27: =IF($B27="",-999999999+A27,IF($V$2=0,(F27*10000+S27*1000+A27),(M27*10000+S27*10+A27))) -> 76970.667 | U27: =_xlfn.RANK.EQ(T27,$T$4:$T$28,0) -> 12
A28: 25 | B28: 박 성 현 | C28: 177 | D28: 183 | E28: 227 | F28: =SUM(C28:E28) -> 587 | G28: =F28/3 -> 195.66667 | H28: {=IF(B28="","",IFERROR(INDEX('회원명단 및 기준에버'!D:G,MATCH(B28,'회원명단 및 기준에버'!$C:$C,0),CHOOSE(INT((MONTH($L$2)-1)/3)+1,1,2,3,4)),""))} -> 190 | I28: =IFERROR(C28+-H28,0) -> -13 | J28: =IFERROR(D28+-H28,0) -> -7 | K28: =IFERROR(E28+-H28,0) -> 37 | L28: =SUM(I28:K28) -> 17 | M28: =IFERROR(G28+-H28,0) -> 5.6666667 | S28: =MAX(C28:E28)-MIN(C28:E28) -> 50 | T28: =IF($B28="",-999999999+A28,IF($V$2=0,(F28*10000+S28*1000+A28),(M28*10000+S28*10+A28))) -> 57191.667 | U28: =_xlfn.RANK.EQ(T28,$T$4:$T$28,0) -> 13
B29: 시 상 및 벌 금
B30: 에버상승상 남+20점,여+10점 이상 상위1명 | F30: 에버벌금 | G30: 정기전 만 해당 함 | J30: 유니품 벌금
B31: 장 영 민 | C31: 45.7 | D31: 진 명 옥 | E31: 28.3 | G31: 1점부터 2000원
B32: 올카바 상 | I32: 초구가터벌금1회1000원 | K32: 광 박 1회 2000원
B33: 장 영 민 | C33: 279 | D33: 나 경 주 | E33: 246 | F33: 박 성 현 | G33: 227 | I33: 손 은 주
B34: 이 우 석 | C34: 233 | D34: 김 정 희 | E34: 232 | F34: 강 완 규 | G34: 236
B35: 김 남 주 | C35: 258 | D35: 이 정 석 | E35: 205
B36: 최 진 | C36: 198 | D36: 이 대 용 | E36: 227
B37: 팀 전
B38: =$B4 -> 장 영 민 | C38: =IF($T$2=0,$C4,$I4) -> 79 | D38: =IF($T$2=0,$D4,$J4) -> 56 | E38: =IF($T$2=0,$E4,$K4) -> 2 | F38: =E43+D43+C43 -> 334 | H38: =$B9 -> 손 은 주 | I38: =IF($T$2=0,$C9,$I9) -> 15 | J38: =IF($T$2=0,$D9,$J9) -> 3 | K38: =IF($T$2=0,$E9,$K9) -> -16 | L38: =K43+J43+I43 -> 66
B39: =$B5 -> 김 정 희 | C39: =IF($T$2=0,$C5,$I5) -> 10 | D39: =IF($T$2=0,$D5,$J5) -> 32 | E39: =IF($T$2=0,$E5,$K5) -> -9 | H39: =$B10 -> 이 우 석 | I39: =IF($T$2=0,$C10,$I10) -> 23 | J39: =IF($T$2=0,$D10,$J10) -> -4 | K39: =IF($T$2=0,$E10,$K10) -> 29
B40: =$B6 -> 진 명 옥 | C40: =IF($T$2=0,$C6,$I6) -> 19 | D40: =IF($T$2=0,$D6,$J6) -> 53 | E40: =IF($T$2=0,$E6,$K6) -> 13 | H40: =$B11 -> 이 대 용 | I40: =IF($T$2=0,$C11,$I11) -> -26 | J40: =IF($T$2=0,$D11,$J11) -> 26 | K40: =IF($T$2=0,$E11,$K11) -> 27
B41: =$B7 -> 김 남 주 | C41: =IF($T$2=0,$C7,$I7) -> 63 | D41: =IF($T$2=0,$D7,$J7) -> -22 | E41: =IF($T$2=0,$E7,$K7) -> 33 | H41: =$B12 -> 김 태 환 | I41: =IF($T$2=0,$C12,$I12) -> -11 | J41: =IF($T$2=0,$D12,$J12) -> -29 | K41: =IF($T$2=0,$E12,$K12) -> 2
B42: =$B8 -> 김 미 란 | C42: =IF($T$2=0,$C8,$I8) -> 20 | D42: =IF($T$2=0,$D8,$J8) -> -4 | E42: =IF($T$2=0,$E8,$K8) -> -11 | H42: =$B13 -> 송 정 현 | I42: =IF($T$2=0,$C13,$I13) -> 4 | J42: =IF($T$2=0,$D13,$J13) -> 16 | K42: =IF($T$2=0,$E13,$K13) -> 7
C43: =SUM(C38:C42) -> 191 | D43: =SUM(D38:D42) -> 115 | E43: =SUM(E38:E42) -> 28 | I43: =SUM(I38:I42) -> 5 | J43: =SUM(J38:J42) -> 12 | K43: =SUM(K38:K42) -> 49
B45: =$B14 -> 김 선 미 | C45: =IF($T$2=0,$C14,$I14) -> 13 | D45: =IF($T$2=0,$D14,$J14) -> 17 | E45: =IF($T$2=0,$E14,$K14) -> -21 | F45: =E50+D50+C50 -> 36 | H45: =$B19 -> 지 옥 명 | I45: =IF($T$2=0,$C19,$I19) -> -13 | J45: =IF($T$2=0,$D19,$J19) -> -11 | K45: =IF($T$2=0,$E19,$K19) -> -54 | L45: =K50+J50+I50 -> -52
B46: =$B15 -> 임 연 진 | C46: =IF($T$2=0,$C15,$I15) -> 12 | D46: =IF($T$2=0,$D15,$J15) -> 19 | E46: =IF($T$2=0,$E15,$K15) -> 14 | H46: =$B20 -> 강 완 규 | I46: =IF($T$2=0,$C20,$I20) -> -26 | J46: =IF($T$2=0,$D20,$J20) -> -27 | K46: =IF($T$2=0,$E20,$K20) -> 42
B47: =$B16 -> 변 상 필 | C47: =IF($T$2=0,$C16,$I16) -> -14 | D47: =IF($T$2=0,$D16,$J16) -> -16 | E47: =IF($T$2=0,$E16,$K16) -> 10 | H47: =$B21 -> 임 승 기 | I47: =IF($T$2=0,$C21,$I21) -> 0 | J47: =IF($T$2=0,$D21,$J21) -> 0 | K47: =IF($T$2=0,$E21,$K21) -> 0
B48: =$B17 -> 최 진 | C48: =IF($T$2=0,$C17,$I17) -> 0 | D48: =IF($T$2=0,$D17,$J17) -> 0 | E48: =IF($T$2=0,$E17,$K17) -> 0 | H48: =$B22 -> 나 경 주 | I48: =IF($T$2=0,$C22,$I22) -> -22 | J48: =IF($T$2=0,$D22,$J22) -> 54 | K48: =IF($T$2=0,$E22,$K22) -> -27
B49: =$B18 -> 엄 정 도 | C49: =IF($T$2=0,$C18,$I18) -> 13 | D49: =IF($T$2=0,$D18,$J18) -> -1 | E49: =IF($T$2=0,$E18,$K18) -> -10 | H49: =$B23 -> 황 인 교 | I49: =IF($T$2=0,$C23,$I23) -> -5 | J49: =IF($T$2=0,$D23,$J23) -> 31 | K49: =IF($T$2=0,$E23,$K23) -> 6
C50: =SUM(C45:C49) -> 24 | D50: =SUM(D45:D49) -> 19 | E50: =SUM(E45:E49) -> -7 | I50: =SUM(I45:I49) -> -66 | J50: =SUM(J45:J49) -> 47 | K50: =SUM(K45:K49) -> -33
B52: =$B24 -> 이 승 미 | C52: =IF($T$2=0,$C24,$I24) -> 15 | D52: =IF($T$2=0,$D24,$J24) -> -34 | E52: =IF($T$2=0,$E24,$K24) -> -10 | F52: =E57+D57+C57 -> 120
B53: =$B25 -> 이 범 수 | C53: =IF($T$2=0,$C25,$I25) -> 15 | D53: =IF($T$2=0,$D25,$J25) -> 28 | E53: =IF($T$2=0,$E25,$K25) -> 35
B54: =$B26 -> 최 현 수 | C54: =IF($T$2=0,$C26,$I26) -> 76 | D54: =IF($T$2=0,$D26,$J26) -> -23 | E54: =IF($T$2=0,$E26,$K26) -> -22
B55: =$B27 -> 이 정 석 | C55: =IF($T$2=0,$C27,$I27) -> -7 | D55: =IF($T$2=0,$D27,$J27) -> 9 | E55: =IF($T$2=0,$E27,$K27) -> 21
B56: =$B28 -> 박 성 현 | C56: =IF($T$2=0,$C28,$I28) -> -13 | D56: =IF($T$2=0,$D28,$J28) -> -7 | E56: =IF($T$2=0,$E28,$K28) -> 37
C57: =SUM(C52:C56) -> 86 | D57: =SUM(D52:D56) -> -27 | E57: =SUM(E52:E56) -> 61
A61: =A1 -> 2026 아르케 존 05회 정기 모임 점수
K62: 날짜 | L62: =L2 -> 46086
B63: 이 름 | C63: 1 G | D63: 2 G | E63: 3 G | F63: 합 계 | G63: 에 버 | H63: 기본에버 | I63: 1 G | J63: 2 G | K63: 3 G | L63: 합 계 | M63: 오 차
A64: 1 | B64: {=INDEX($B$4:$M$28,MATCH($A64,$U$4:$U$28,0),COLUMN(A$1))} -> 장 영 민 | C64: {=INDEX($B$4:$M$28,MATCH($A64,$U$4:$U$28,0),COLUMN(B$1))} -> 279 | D64: {=INDEX($B$4:$M$28,MATCH($A64,$U$4:$U$28,0),COLUMN(C$1))} -> 256 | E64: {=INDEX($B$4:$M$28,MATCH($A64,$U$4:$U$28,0),COLUMN(D$1))} -> 202 | F64: =SUM(C64:E64) -> 737 | G64: =F64/3 -> 245.66667 | H64: {=IF(B64="","",IFERROR(INDEX('회원명단 및 기준에버'!D:G,MATCH(B64,'회원명단 및 기준에버'!$C:$C,0),CHOOSE(INT((MONTH($L$2)-1)/3)+1,1,2,3,4)),""))} -> 200 | I64: =IFERROR(C64+-H64,0) -> 79 | J64: =IFERROR(D64+-H64,0) -> 56 | K64: =IFERROR(E64+-H64,0) -> 2 | L64: =SUM(I64:K64) -> 137 | M64: =IFERROR(G64+-H64,0) -> 45.666667
A65: 2 | B65: {=INDEX($B$4:$M$28,MATCH($A65,$U$4:$U$28,0),COLUMN(A$1))} -> 진 명 옥 | C65: {=INDEX($B$4:$M$28,MATCH($A65,$U$4:$U$28,0),COLUMN(B$1))} -> 190 | D65: {=INDEX($B$4:$M$28,MATCH($A65,$U$4:$U$28,0),COLUMN(C$1))} -> 224 | E65: {=INDEX($B$4:$M$28,MATCH($A65,$U$4:$U$28,0),COLUMN(D$1))} -> 184 | F65: =SUM(C65:E65) -> 598 | G65: =F65/3 -> 199.33333 | H65: {=IF(B65="","",IFERROR(INDEX('회원명단 및 기준에버'!D:G,MATCH(B65,'회원명단 및 기준에버'!$C:$C,0),CHOOSE(INT((MONTH($L$2)-1)/3)+1,1,2,3,4)),""))} -> 171 | I65: =IFERROR(C65+-H65,0) -> 19 | J65: =IFERROR(D65+-H65,0) -> 53 | K65: =IFERROR(E65+-H65,0) -> 13 | L65: =SUM(I65:K65) -> 85 | M65: =IFERROR(G65+-H65,0) -> 28.333333
A66: 3 | B66: {=INDEX($B$4:$M$28,MATCH($A66,$U$4:$U$28,0),COLUMN(A$1))} -> 이 범 수 | C66: {=INDEX($B$4:$M$28,MATCH($A66,$U$4:$U$28,0),COLUMN(B$1))} -> 208 | D66: {=INDEX($B$4:$M$28,MATCH($A66,$U$4:$U$28,0),COLUMN(C$1))} -> 221 | E66: {=INDEX($B$4:$M$28,MATCH($A66,$U$4:$U$28,0),COLUMN(D$1))} -> 228 | F66: =SUM(C66:E66) -> 657 | G66: =F66/3 -> 219 | H66: {=IF(B66="","",IFERROR(INDEX('회원명단 및 기준에버'!D:G,MATCH(B66,'회원명단 및 기준에버'!$C:$C,0),CHOOSE(INT((MONTH($L$2)-1)/3)+1,1,2,3,4)),""))} -> 193 | I66: =IFERROR(C66+-H66,0) -> 15 | J66: =IFERROR(D66+-H66,0) -> 28 | K66: =IFERROR(E66+-H66,0) -> 35 | L66: =SUM(I66:K66) -> 78 | M66: =IFERROR(G66+-H66,0) -> 26
A67: 4 | B67: {=INDEX($B$4:$M$28,MATCH($A67,$U$4:$U$28,0),COLUMN(A$1))} -> 김 남 주 | C67: {=INDEX($B$4:$M$28,MATCH($A67,$U$4:$U$28,0),COLUMN(B$1))} -> 258 | D67: {=INDEX($B$4:$M$28,MATCH($A67,$U$4:$U$28,0),COLUMN(C$1))} -> 173 | E67: {=INDEX($B$4:$M$28,MATCH($A67,$U$4:$U$28,0),COLUMN(D$1))} -> 228 | F67: =SUM(C67:E67) -> 659 | G67: =F67/3 -> 219.66667 | H67: {=IF(B67="","",IFERROR(INDEX('회원명단 및 기준에버'!D:G,MATCH(B67,'회원명단 및 기준에버'!$C:$C,0),CHOOSE(INT((MONTH($L$2)-1)/3)+1,1,2,3,4)),""))} -> 195 | I67: =IFERROR(C67+-H67,0) -> 63 | J67: =IFERROR(D67+-H67,0) -> -22 | K67: =IFERROR(E67+-H67,0) -> 33 | L67: =SUM(I67:K67) -> 74 | M67: =IFERROR(G67+-H67,0) -> 24.666667
A68: 5 | B68: {=INDEX($B$4:$M$28,MATCH($A68,$U$4:$U$28,0),COLUMN(A$1))} -> 이 우 석 | C68: {=INDEX($B$4:$M$28,MATCH($A68,$U$4:$U$28,0),COLUMN(B$1))} -> 223 | D68: {=INDEX($B$4:$M$28,MATCH($A68,$U$4:$U$28,0),COLUMN(C$1))} -> 196 | E68: {=INDEX($B$4:$M$28,MATCH($A68,$U$4:$U$28,0),COLUMN(D$1))} -> 229 | F68: =SUM(C68:E68) -> 648 | G68: =F68/3 -> 216 | H68: {=IF(B68="","",IFERROR(INDEX('회원명단 및 기준에버'!D:G,MATCH(B68,'회원명단 및 기준에버'!$C:$C,0),CHOOSE(INT((MONTH($L$2)-1)/3)+1,1,2,3,4)),""))} -> 200 | I68: =IFERROR(C68+-H68,0) -> 23 | J68: =IFERROR(D68+-H68,0) -> -4 | K68: =IFERROR(E68+-H68,0) -> 29 | L68: =SUM(I68:K68) -> 48 | M68: =IFERROR(G68+-H68,0) -> 16
A69: 6 | B69: {=INDEX($B$4:$M$28,MATCH($A69,$U$4:$U$28,0),COLUMN(A$1))} -> 임 연 진 | C69: {=INDEX($B$4:$M$28,MATCH($A69,$U$4:$U$28,0),COLUMN(B$1))} -> 206 | D69: {=INDEX($B$4:$M$28,MATCH($A69,$U$4:$U$28,0),COLUMN(C$1))} -> 213 | E69: {=INDEX($B$4:$M$28,MATCH($A69,$U$4:$U$28,0),COLUMN(D$1))} -> 208 | F69: =SUM(C69:E69) -> 627 | G69: =F69/3 -> 209 | H69: {=IF(B69="","",IFERROR(INDEX('회원명단 및 기준에버'!D:G,MATCH(B69,'회원명단 및 기준에버'!$C:$C,0),CHOOSE(INT((MONTH($L$2)-1)/3)+1,1,2,3,4)),""))} -> 194 | I69: =IFERROR(C69+-H69,0) -> 12 | J69: =IFERROR(D69+-H69,0) -> 19 | K69: =IFERROR(E69+-H69,0) -> 14 | L69: =SUM(I69:K69) -> 45 | M69: =IFERROR(G69+-H69,0) -> 15
A70: 7 | B70: {=INDEX($B$4:$M$28,MATCH($A70,$U$4:$U$28,0),COLUMN(A$1))} -> 김 정 희 | C70: {=INDEX($B$4:$M$28,MATCH($A70,$U$4:$U$28,0),COLUMN(B$1))} -> 210 | D70: {=INDEX($B$4:$M$28,MATCH($A70,$U$4:$U$28,0),COLUMN(C$1))} -> 232 | E70: {=INDEX($B$4:$M$28,MATCH($A70,$U$4:$U$28,0),COLUMN(D$1))} -> 191 | F70: =SUM(C70:E70) -> 633 | G70: =F70/3 -> 211 | H70: {=IF(B70="","",IFERROR(INDEX('회원명단 및 기준에버'!D:G,MATCH(B70,'회원명단 및 기준에버'!$C:$C,0),CHOOSE(INT((MONTH($L$2)-1)/3)+1,1,2,3,4)),""))} -> 200 | I70: =IFERROR(C70+-H70,0) -> 10 | J70: =IFERROR(D70+-H70,0) -> 32 | K70: =IFERROR(E70+-H70,0) -> -9 | L70: =SUM(I70:K70) -> 33 | M70: =IFERROR(G70+-H70,0) -> 11
A71: 8 | B71: {=INDEX($B$4:$M$28,MATCH($A71,$U$4:$U$28,0),COLUMN(A$1))} -> 황 인 교 | C71: {=INDEX($B$4:$M$28,MATCH($A71,$U$4:$U$28,0),COLUMN(B$1))} -> 179 | D71: {=INDEX($B$4:$M$28,MATCH($A71,$U$4:$U$28,0),COLUMN(C$1))} -> 215 | E71: {=INDEX($B$4:$M$28,MATCH($A71,$U$4:$U$28,0),COLUMN(D$1))} -> 190 | F71: =SUM(C71:E71) -> 584 | G71: =F71/3 -> 194.66667 | H71: {=IF(B71="","",IFERROR(INDEX('회원명단 및 기준에버'!D:G,MATCH(B71,'회원명단 및 기준에버'!$C:$C,0),CHOOSE(INT((MONTH($L$2)-1)/3)+1,1,2,3,4)),""))} -> 184 | I71: =IFERROR(C71+-H71,0) -> -5 | J71: =IFERROR(D71+-H71,0) -> 31 | K71: =IFERROR(E71+-H71,0) -> 6 | L71: =SUM(I71:K71) -> 32 | M71: =IFERROR(G71+-H71,0) -> 10.666667
A72: 9 | B72: {=INDEX($B$4:$M$28,MATCH($A72,$U$4:$U$28,0),COLUMN(A$1))} -> 최 현 수 | C72: {=INDEX($B$4:$M$28,MATCH($A72,$U$4:$U$28,0),COLUMN(B$1))} -> 276 | D72: {=INDEX($B$4:$M$28,MATCH($A72,$U$4:$U$28,0),COLUMN(C$1))} -> 177 | E72: {=INDEX($B$4:$M$28,MATCH($A72,$U$4:$U$28,0),COLUMN(D$1))} -> 178 | F72: =SUM(C72:E72) -> 631 | G72: =F72/3 -> 210.33333 | H72: {=IF(B72="","",IFERROR(INDEX('회원명단 및 기준에버'!D:G,MATCH(B72,'회원명단 및 기준에버'!$C:$C,0),CHOOSE(INT((MONTH($L$2)-1)/3)+1,1,2,3,4)),""))} -> 200 | I72: =IFERROR(C72+-H72,0) -> 76 | J72: =IFERROR(D72+-H72,0) -> -23 | K72: =IFERROR(E72+-H72,0) -> -22 | L72: =SUM(I72:K72) -> 31 | M72: =IFERROR(G72+-H72,0) -> 10.333333
A73: 10 | B73: {=INDEX($B$4:$M$28,MATCH($A73,$U$4:$U$28,0),COLUMN(A$1))} -> 이 대 용 | C73: {=INDEX($B$4:$M$28,MATCH($A73,$U$4:$U$28,0),COLUMN(B$1))} -> 174 | D73: {=INDEX($B$4:$M$28,MATCH($A73,$U$4:$U$28,0),COLUMN(C$1))} -> 226 | E73: {=INDEX($B$4:$M$28,MATCH($A73,$U$4:$U$28,0),COLUMN(D$1))} -> 227 | F73: =SUM(C73:E73) -> 627 | G73: =F73/3 -> 209 | H73: {=IF(B73="","",IFERROR(INDEX('회원명단 및 기준에버'!D:G,MATCH(B73,'회원명단 및 기준에버'!$C:$C,0),CHOOSE(INT((MONTH($L$2)-1)/3)+1,1,2,3,4)),""))} -> 200 | I73: =IFERROR(C73+-H73,0) -> -26 | J73: =IFERROR(D73+-H73,0) -> 26 | K73: =IFERROR(E73+-H73,0) -> 27 | L73: =SUM(I73:K73) -> 27 | M73: =IFERROR(G73+-H73,0) -> 9
A74: 11 | B74: {=INDEX($B$4:$M$28,MATCH($A74,$U$4:$U$28,0),COLUMN(A$1))} -> 송 정 현 | C74: {=INDEX($B$4:$M$28,MATCH($A74,$U$4:$U$28,0),COLUMN(B$1))} -> 191 | D74: {=INDEX($B$4:$M$28,MATCH($A74,$U$4:$U$28,0),COLUMN(C$1))} -> 203 | E74: {=INDEX($B$4:$M$28,MATCH($A74,$U$4:$U$28,0),COLUMN(D$1))} -> 194 | F74: =SUM(C74:E74) -> 588 | G74: =F74/3 -> 196 | H74: {=IF(B74="","",IFERROR(INDEX('회원명단 및 기준에버'!D:G,MATCH(B74,'회원명단 및 기준에버'!$C:$C,0),CHOOSE(INT((MONTH($L$2)-1)/3)+1,1,2,3,4)),""))} -> 187 | I74: =IFERROR(C74+-H74,0) -> 4 | J74: =IFERROR(D74+-H74,0) -> 16 | K74: =IFERROR(E74+-H74,0) -> 7 | L74: =SUM(I74:K74) -> 27 | M74: =IFERROR(G74+-H74,0) -> 9
A75: 12 | B75: {=INDEX($B$4:$M$28,MATCH($A75,$U$4:$U$28,0),COLUMN(A$1))} -> 이 정 석 | C75: {=INDEX($B$4:$M$28,MATCH($A75,$U$4:$U$28,0),COLUMN(B$1))} -> 189 | D75: {=INDEX($B$4:$M$28,MATCH($A75,$U$4:$U$28,0),COLUMN(C$1))} -> 205 | E75: {=INDEX($B$4:$M$28,MATCH($A75,$U$4:$U$28,0),COLUMN(D$1))} -> 217 | F75: =SUM(C75:E75) -> 611 | G75: =F75/3 -> 203.66667 | H75: {=IF(B75="","",IFERROR(INDEX('회원명단 및 기준에버'!D:G,MATCH(B75,'회원명단 및 기준에버'!$C:$C,0),CHOOSE(INT((MONTH($L$2)-1)/3)+1,1,2,3,4)),""))} -> 196 | I75: =IFERROR(C75+-H75,0) -> -7 | J75: =IFERROR(D75+-H75,0) -> 9 | K75: =IFERROR(E75+-H75,0) -> 21 | L75: =SUM(I75:K75) -> 23 | M75: =IFERROR(G75+-H75,0) -> 7.6666667
... A88: 25 | B88: {=INDEX($B$4:$M$28,MATCH($A88,$U$4:$U$28,0),COLUMN(A$1))} -> 지 옥 명 | C88: {=INDEX($B$4:$M$28,MATCH($A88,$U$4:$U$28,0),COLUMN(B$1))} -> 170 | D88: {=INDEX($B$4:$M$28,MATCH($A88,$U$4:$U$28,0),COLUMN(C$1))} -> 172 | E88: {=INDEX($B$4:$M$28,MATCH($A88,$U$4:$U$28,0),COLUMN(D$1))} -> 129 | F88: =SUM(C88:E88) -> 471 | G88: =F88/3 -> 157 | H88: {=IF(B88="","",IFERROR(INDEX('회원명단 및 기준에버'!D:G,MATCH(B88,'회원명단 및 기준에버'!$C:$C,0),CHOOSE(INT((MONTH($L$2)-1)/3)+1,1,2,3,4)),""))} -> 183 | I88: =IFERROR(C88+-H88,0) -> -13 | J88: =IFERROR(D88+-H88,0) -> -11 | K88: =IFERROR(E88+-H88,0) -> -54 | L88: =SUM(I88:K88) -> -78 | M88: =IFERROR(G88+-H88,0) -> -26
B89: 시 상 및 벌 금
B90: 에버상승상 남+20점,여+10점 이상 상위1명 | F90: 에버벌금 | G90: 정기전 만 해당 함 | J90: 유니품 벌금
B91: =IF(B31="","",B31) -> 장 영 민 | C91: =IF(C31="","",C31) -> 45.7 | D91: =IF(D31="","",D31) -> 진 명 옥 | E91: =IF(E31="","",E31) -> 28.3 | G91: 1점부터 2000원 | J91: =IF(J31="","",J31) | K91: =IF(K31="","",K31) | L91: =IF(L31="","",L31) | M91: =IF(M31="","",M31)
B92: 올카바 상 | I92: 초구가터벌금1회1000원 | K92: 광 박 1회 2000원
B93: =IF(B33="","",B33) -> 장 영 민 | C93: =IF(C33="","",C33) -> 279 | D93: =IF(D33="","",D33) -> 나 경 주 | E93: =IF(E33="","",E33) -> 246 | F93: =IF(F33="","",F33) -> 박 성 현 | G93: =IF(G33="","",G33) -> 227 | I93: =IF(I33="","",I33) -> 손 은 주 | J93: =IF(J33="","",J33) | K93: =IF(K33="","",K33) | L93: =IF(L33="","",L33) | M93: =IF(M33="","",M33)
B94: =IF(B34="","",B34) -> 이 우 석 | C94: =IF(C34="","",C34) -> 233 | D94: =IF(D34="","",D34) -> 김 정 희 | E94: =IF(E34="","",E34) -> 232 | F94: =IF(F34="","",F34) -> 강 완 규 | G94: =IF(G34="","",G34) -> 236 | I94: =IF(I34="","",I34) | J94: =IF(J34="","",J34) | K94: =IF(K34="","",K34) | L94: =IF(L34="","",L34) | M94: =IF(M34="","",M34)
B95: =IF(B35="","",B35) -> 김 남 주 | C95: =IF(C35="","",C35) -> 258 | D95: =IF(D35="","",D35) -> 이 정 석 | E95: =IF(E35="","",E35) -> 205
B96: =IF(B36="","",B36) -> 최 진 | C96: =IF(C36="","",C36) -> 198 | D96: =IF(D36="","",D36) -> 이 대 용 | E96: =IF(E36="","",E36) -> 227 | F96: =IF(F36="","",F36) | G96: =IF(G36="","",G36) | I96: =IF(I36="","",I36) | J96: =IF(J36="","",J36) | K96: =IF(K36="","",K36) | L96: =IF(L36="","",L36) | M96: =IF(M36="","",M36)
B97: 팀 전
B98: =IF(B38="","",B38) -> 장 영 민 | C98: =IF(C38="","",C38) -> 79 | D98: =IF(D38="","",D38) -> 56 | E98: =IF(E38="","",E38) -> 2 | F98: =IF(F38="","",F38) -> 334 | H98: =IF(H38="","",H38) -> 손 은 주 | I98: =IF(I38="","",I38) -> 15 | J98: =IF(J38="","",J38) -> 3 | K98: =IF(K38="","",K38) -> -16 | L98: =IF(L38="","",L38) -> 66
B99: =IF(B39="","",B39) -> 김 정 희 | C99: =IF(C39="","",C39) -> 10 | D99: =IF(D39="","",D39) -> 32 | E99: =IF(E39="","",E39) -> -9 | F99: =IF(F39="","",F39) | H99: =IF(H39="","",H39) -> 이 우 석 | I99: =IF(I39="","",I39) -> 23 | J99: =IF(J39="","",J39) -> -4 | K99: =IF(K39="","",K39) -> 29 | L99: =IF(L39="","",L39)
B100: =IF(B40="","",B40) -> 진 명 옥 | C100: =IF(C40="","",C40) -> 19 | D100: =IF(D40="","",D40) -> 53 | E100: =IF(E40="","",E40) -> 13 | F100: =IF(F40="","",F40) | H100: =IF(H40="","",H40) -> 이 대 용 | I100: =IF(I40="","",I40) -> -26 | J100: =IF(J40="","",J40) -> 26 | K100: =IF(K40="","",K40) -> 27 | L100: =IF(L40="","",L40)
B101: =IF(B41="","",B41) -> 김 남 주 | C101: =IF(C41="","",C41) -> 63 | D101: =IF(D41="","",D41) -> -22 | E101: =IF(E41="","",E41) -> 33 | F101: =IF(F41="","",F41) | H101: =IF(H41="","",H41) -> 김 태 환 | I101: =IF(I41="","",I41) -> -11 | J101: =IF(J41="","",J41) -> -29 | K101: =IF(K41="","",K41) -> 2 | L101: =IF(L41="","",L41)
B102: =IF(B42="","",B42) -> 김 미 란 | C102: =IF(C42="","",C42) -> 20 | D102: =IF(D42="","",D42) -> -4 | E102: =IF(E42="","",E42) -> -11 | F102: =IF(F42="","",F42) | H102: =IF(H42="","",H42) -> 송 정 현 | I102: =IF(I42="","",I42) -> 4 | J102: =IF(J42="","",J42) -> 16 | K102: =IF(K42="","",K42) -> 7 | L102: =IF(L42="","",L42)
B103: =IF(B43="","",B43) | C103: =IF(C43="","",C43) -> 191 | D103: =IF(D43="","",D43) -> 115 | E103: =IF(E43="","",E43) -> 28 | F103: =IF(F43="","",F43) | H103: =IF(H43="","",H43) | I103: =IF(I43="","",I43) -> 5 | J103: =IF(J43="","",J43) -> 12 | K103: =IF(K43="","",K43) -> 49 | L103: =IF(L43="","",L43)
B105: =IF(B45="","",B45) -> 김 선 미 | C105: =IF(C45="","",C45) -> 13 | D105: =IF(D45="","",D45) -> 17 | E105: =IF(E45="","",E45) -> -21 | F105: =IF(F45="","",F45) -> 36 | G105: =IF(G45="","",G45) | H105: =IF(H45="","",H45) -> 지 옥 명 | I105: =IF(I45="","",I45) -> -13 | ... M105: =IF(M45="","",M45)
B106: =IF(B46="","",B46) -> 임 연 진 | C106: =IF(C46="","",C46) -> 12 | D106: =IF(D46="","",D46) -> 19 | E106: =IF(E46="","",E46) -> 14 | F106: =IF(F46="","",F46) | G106: =IF(G46="","",G46) | H106: =IF(H46="","",H46) -> 강 완 규 | I106: =IF(I46="","",I46) -> -26 | ... M106: =IF(M46="","",M46)
B107: =IF(B47="","",B47) -> 변 상 필 | C107: =IF(C47="","",C47) -> -14 | D107: =IF(D47="","",D47) -> -16 | E107: =IF(E47="","",E47) -> 10 | F107: =IF(F47="","",F47) | G107: =IF(G47="","",G47) | H107: =IF(H47="","",H47) -> 임 승 기 | I107: =IF(I47="","",I47) -> 0 | ... M107: =IF(M47="","",M47)
B108: =IF(B48="","",B48) -> 최 진 | C108: =IF(C48="","",C48) -> 0 | D108: =IF(D48="","",D48) -> 0 | E108: =IF(E48="","",E48) -> 0 | F108: =IF(F48="","",F48) | G108: =IF(G48="","",G48) | H108: =IF(H48="","",H48) -> 나 경 주 | I108: =IF(I48="","",I48) -> -22 | ... M108: =IF(M48="","",M48)
B109: =IF(B49="","",B49) -> 엄 정 도 | C109: =IF(C49="","",C49) -> 13 | D109: =IF(D49="","",D49) -> -1 | E109: =IF(E49="","",E49) -> -10 | F109: =IF(F49="","",F49) | G109: =IF(G49="","",G49) | H109: =IF(H49="","",H49) -> 황 인 교 | I109: =IF(I49="","",I49) -> -5 | ... M109: =IF(M49="","",M49)
B110: =IF(B50="","",B50) | C110: =IF(C50="","",C50) -> 24 | D110: =IF(D50="","",D50) -> 19 | E110: =IF(E50="","",E50) -> -7 | F110: =IF(F50="","",F50) | G110: =IF(G50="","",G50) | H110: =IF(H50="","",H50) | I110: =IF(I50="","",I50) -> -66 | ... M110: =IF(M50="","",M50)
B112: =IF(B52="","",B52) -> 이 승 미 | C112: =IF(C52="","",C52) -> 15 | D112: =IF(D52="","",D52) -> -34 | E112: =IF(E52="","",E52) -> -10 | F112: =IF(F52="","",F52) -> 120 | G112: =IF(G52="","",G52)
B113: =IF(B53="","",B53) -> 이 범 수 | C113: =IF(C53="","",C53) -> 15 | D113: =IF(D53="","",D53) -> 28 | E113: =IF(E53="","",E53) -> 35 | F113: =IF(F53="","",F53) | G113: =IF(G53="","",G53)
B114: =IF(B54="","",B54) -> 최 현 수 | C114: =IF(C54="","",C54) -> 76 | D114: =IF(D54="","",D54) -> -23 | E114: =IF(E54="","",E54) -> -22 | F114: =IF(F54="","",F54) | G114: =IF(G54="","",G54)
B115: =IF(B55="","",B55) -> 이 정 석 | C115: =IF(C55="","",C55) -> -7 | D115: =IF(D55="","",D55) -> 9 | E115: =IF(E55="","",E55) -> 21 | F115: =IF(F55="","",F55) | G115: =IF(G55="","",G55)
B116: =IF(B56="","",B56) -> 박 성 현 | C116: =IF(C56="","",C56) -> -13 | D116: =IF(D56="","",D56) -> -7 | E116: =IF(E56="","",E56) -> 37 | F116: =IF(F56="","",F56) | G116: =IF(G56="","",G56)
B117: =IF(B57="","",B57) | C117: =IF(C57="","",C57) -> 86 | D117: =IF(D57="","",D57) -> -27 | E117: =IF(E57="","",E57) -> 61 | F117: =IF(F57="","",F57) | G117: =IF(G57="","",G57)

Sheet 04회정모
A1: 2026 아르케 존 00회 정기 모임 점수
K2: 날짜 | L2: 46072 | S2: 팀전에버기준 | T2: 1 | U2: 순위에버오차기준 | V2: 1
B3: 이 름 | C3: 1 G | D3: 2 G | E3: 3 G | F3: 합 계 | G3: 에 버 | H3: 기본에버 | I3: 1 G | J3: 2 G | K3: 3 G | L3: 합 계 | M3: 오 차 | S3: 수식입력부분 삭제하지마세요~
A4: 1 | B4: 이 우 석 | C4: 127 | D4: 191 | E4: 191 | F4: =SUM(C4:E4) -> 509 | G4: =F4/3 -> 169.66667 | H4: {=IF(B4="","",IFERROR(INDEX('회원명단 및 기준에버'!D:G,MATCH(B4,'회원명단 및 기준에버'!$C:$C,0),CHOOSE(INT((MONTH($L$2)-1)/3)+1,1,2,3,4)),""))} -> 200 | I4: =IFERROR(C4+-H4,0) -> -73 | J4: =IFERROR(D4+-H4,0) -> -9 | K4: =IFERROR(E4+-H4,0) -> -9 | L4: =SUM(I4:K4) -> -91 | M4: =IFERROR(G4+-H4,0) -> -30.333333 | S4: =MAX(C4:E4)-MIN(C4:E4) -> 64 | T4: =IF($B4="",-999999999+A4,IF($V$2=0,(F4*10000+S4*1000+A4),(M4*10000+S4*10+A4))) -> -302692.33 | U4: =_xlfn.RANK.EQ(T4,$T$4:$T$27,0) -> 23
A5: 2 | B5: 임 연 진 | C5: 225 | D5: 212 | E5: 194 | F5: =SUM(C5:E5) -> 631 | G5: =F5/3 -> 210.33333 | H5: {=IF(B5="","",IFERROR(INDEX('회원명단 및 기준에버'!D:G,MATCH(B5,'회원명단 및 기준에버'!$C:$C,0),CHOOSE(INT((MONTH($L$2)-1)/3)+1,1,2,3,4)),""))} -> 194 | I5: =IFERROR(C5+-H5,0) -> 31 | J5: =IFERROR(D5+-H5,0) -> 18 | K5: =IFERROR(E5+-H5,0) -> 0 | L5: =SUM(I5:K5) -> 49 | M5: =IFERROR(G5+-H5,0) -> 16.333333 | S5: =MAX(C5:E5)-MIN(C5:E5) -> 31 | T5: =IF($B5="",-999999999+A5,IF($V$2=0,(F5*10000+S5*1000+A5),(M5*10000+S5*10+A5))) -> 163645.33 | U5: =_xlfn.RANK.EQ(T5,$T$4:$T$27,0) -> 6
A6: 3 | B6: 박 성 현 | C6: 170 | D6: 204 | E6: 211 | F6: =SUM(C6:E6) -> 585 | G6: =F6/3 -> 195 | H6: {=IF(B6="","",IFERROR(INDEX('회원명단 및 기준에버'!D:G,MATCH(B6,'회원명단 및 기준에버'!$C:$C,0),CHOOSE(INT((MONTH($L$2)-1)/3)+1,1,2,3,4)),""))} -> 190 | I6: =IFERROR(C6+-H6,0) -> -20 | J6: =IFERROR(D6+-H6,0) -> 14 | K6: =IFERROR(E6+-H6,0) -> 21 | L6: =SUM(I6:K6) -> 15 | M6: =IFERROR(G6+-H6,0) -> 5 | S6: =MAX(C6:E6)-MIN(C6:E6) -> 41 | T6: =IF($B6="",-999999999+A6,IF($V$2=0,(F6*10000+S6*1000+A6),(M6*10000+S6*10+A6))) -> 50413 | U6: =_xlfn.RANK.EQ(T6,$T$4:$T$27,0) -> 13
A7: 4 | B7: 이 재 용 | C7: 151 | D7: 247 | E7: 172 | F7: =SUM(C7:E7) -> 570 | G7: =F7/3 -> 190 | H7: {=IF(B7="","",IFERROR(INDEX('회원명단 및 기준에버'!D:G,MATCH(B7,'회원명단 및 기준에버'!$C:$C,0),CHOOSE(INT((MONTH($L$2)-1)/3)+1,1,2,3,4)),""))} -> 190 | I7: =IFERROR(C7+-H7,0) -> -39 | J7: =IFERROR(D7+-H7,0) -> 57 | K7: =IFERROR(E7+-H7,0) -> -18 | L7: =SUM(I7:K7) -> 0 | M7: =IFERROR(G7+-H7,0) -> 0 | S7: =MAX(C7:E7)-MIN(C7:E7) -> 96 | T7: =IF($B7="",-999999999+A7,IF($V$2=0,(F7*10000+S7*1000+A7),(M7*10000+S7*10+A7))) -> 964 | U7: =_xlfn.RANK.EQ(T7,$T$4:$T$27,0) -> 17
A8: 5 | B8: 김 선 미 | C8: 123 | D8: 155 | E8: 129 | F8: =SUM(C8:E8) -> 407 | G8: =F8/3 -> 135.66667 | H8: {=IF(B8="","",IFERROR(INDEX('회원명단 및 기준에버'!D:G,MATCH(B8,'회원명단 및 기준에버'!$C:$C,0),CHOOSE(INT((MONTH($L$2)-1)/3)+1,1,2,3,4)),""))} -> 161 | I8: =IFERROR(C8+-H8,0) -> -38 | J8: =IFERROR(D8+-H8,0) -> -6 | K8: =IFERROR(E8+-H8,0) -> -32 | L8: =SUM(I8:K8) -> -76 | M8: =IFERROR(G8+-H8,0) -> -25.333333 | S8: =MAX(C8:E8)-MIN(C8:E8) -> 32 | T8: =IF($B8="",-999999999+A8,IF($V$2=0,(F8*10000+S8*1000+A8),(M8*10000+S8*10+A8))) -> -253008.33 | U8: =_xlfn.RANK.EQ(T8,$T$4:$T$27,0) -> 22
A9: 6 | B9: 장 영 민 | C9: 235 | D9: 161 | E9: 170 | F9: =SUM(C9:E9) -> 566 | G9: =F9/3 -> 188.66667 | H9: {=IF(B9="","",IFERROR(INDEX('회원명단 및 기준에버'!D:G,MATCH(B9,'회원명단 및 기준에버'!$C:$C,0),CHOOSE(INT((MONTH($L$2)-1)/3)+1,1,2,3,4)),""))} -> 200 | I9: =IFERROR(C9+-H9,0) -> 35 | J9: =IFERROR(D9+-H9,0) -> -39 | K9: =IFERROR(E9+-H9,0) -> -30 | L9: =SUM(I9:K9) -> -34 | M9: =IFERROR(G9+-H9,0) -> -11.333333 | S9: =MAX(C9:E9)-MIN(C9:E9) -> 74 | T9: =IF($B9="",-999999999+A9,IF($V$2=0,(F9*10000+S9*1000+A9),(M9*10000+S9*10+A9))) -> -112587.33 | U9: =_xlfn.RANK.EQ(T9,$T$4:$T$27,0) -> 20
A10: 7 | B10: 김 정 희 | C10: 207 | D10: 189 | E10: 255 | F10: =SUM(C10:E10) -> 651 | G10: =F10/3 -> 217 | H10: {=IF(B10="","",IFERROR(INDEX('회원명단 및 기준에버'!D:G,MATCH(B10,'회원명단 및 기준에버'!$C:$C,0),CHOOSE(INT((MONTH($L$2)-1)/3)+1,1,2,3,4)),""))} -> 200 | I10: =IFERROR(C10+-H10,0) -> 7 | J10: =IFERROR(D10+-H10,0) -> -11 | K10: =IFERROR(E10+-H10,0) -> 55 | L10: =SUM(I10:K10) -> 51 | M10: =IFERROR(G10+-H10,0) -> 17 | S10: =MAX(C10:E10)-MIN(C10:E10) -> 66 | T10: =IF($B10="",-999999999+A10,IF($V$2=0,(F10*10000+S10*1000+A10),(M10*10000+S10*10+A10))) -> 170667 | U10: =_xlfn.RANK.EQ(T10,$T$4:$T$27,0) -> 5
A11: 8 | B11: 천 성 일 | C11: 236 | D11: 257 | E11: 209 | F11: =SUM(C11:E11) -> 702 | G11: =F11/3 -> 234 | H11: {=IF(B11="","",IFERROR(INDEX('회원명단 및 기준에버'!D:G,MATCH(B11,'회원명단 및 기준에버'!$C:$C,0),CHOOSE(INT((MONTH($L$2)-1)/3)+1,1,2,3,4)),""))} -> 191 | I11: =IFERROR(C11+-H11,0) -> 45 | J11: =IFERROR(D11+-H11,0) -> 66 | K11: =IFERROR(E11+-H11,0) -> 18 | L11: =SUM(I11:K11) -> 129 | M11: =IFERROR(G11+-H11,0) -> 43 | S11: =MAX(C11:E11)-MIN(C11:E11) -> 48 | T11: =IF($B11="",-999999999+A11,IF($V$2=0,(F11*10000+S11*1000+A11),(M11*10000+S11*10+A11))) -> 430488 | U11: =_xlfn.RANK.EQ(T11,$T$4:$T$27,0) -> 1
A12: 9 | B12: 진 명 옥 | C12: 201 | D12: 167 | E12: 154 | F12: =SUM(C12:E12) -> 522 | G12: =F12/3 -> 174 | H12: {=IF(B12="","",IFERROR(INDEX('회원명단 및 기준에버'!D:G,MATCH(B12,'회원명단 및 기준에버'!$C:$C,0),CHOOSE(INT((MONTH($L$2)-1)/3)+1,1,2,3,4)),""))} -> 171 | I12: =IFERROR(C12+-H12,0) -> 30 | J12: =IFERROR(D12+-H12,0) -> -4 | K12: =IFERROR(E12+-H12,0) -> -17 | L12: =SUM(I12:K12) -> 9 | M12: =IFERROR(G12+-H12,0) -> 3 | S12: =MAX(C12:E12)-MIN(C12:E12) -> 47 | T12: =IF($B12="",-999999999+A12,IF($V$2=0,(F12*10000+S12*1000+A12),(M12*10000+S12*10+A12))) -> 30479 | U12: =_xlfn.RANK.EQ(T12,$T$4:$T$27,0) -> 15
A13: 10 | F13: =SUM(C13:E13) -> 0 | G13: =F13/3 -> 0 | H13: {=IF(B13="","",IFERROR(INDEX('회원명단 및 기준에버'!D:G,MATCH(B13,'회원명단 및 기준에버'!$C:$C,0),CHOOSE(INT((MONTH($L$2)-1)/3)+1,1,2,3,4)),""))} | I13: =IFERROR(C13+-H13,0) -> 0 | J13: =IFERROR(D13+-H13,0) -> 0 | K13: =IFERROR(E13+-H13,0) -> 0 | L13: =SUM(I13:K13) -> 0 | M13: =IFERROR(G13+-H13,0) -> 0 | S13: =MAX(C13:E13)-MIN(C13:E13) -> 0 | T13: =IF($B13="",-999999999+A13,IF($V$2=0,(F13*10000+S13*1000+A13),(M13*10000+S13*10+A13))) -> -999999989 | U13: =_xlfn.RANK.EQ(T13,$T$4:$T$27,0) -> 24
A14: 11 | B14: 이 대 용 | C14: 236 | D14: 189 | E14: 232 | F14: =SUM(C14:E14) -> 657 | G14: =F14/3 -> 219 | H14: {=IF(B14="","",IFERROR(INDEX('회원명단 및 기준에버'!D:G,MATCH(B14,'회원명단 및 기준에버'!$C:$C,0),CHOOSE(INT((MONTH($L$2)-1)/3)+1,1,2,3,4)),""))} -> 200 | I14: =IFERROR(C14+-H14,0) -> 36 | J14: =IFERROR(D14+-H14,0) -> -11 | K14: =IFERROR(E14+-H14,0) -> 32 | L14: =SUM(I14:K14) -> 57 | M14: =IFERROR(G14+-H14,0) -> 19 | S14: =MAX(C14:E14)-MIN(C14:E14) -> 47 | T14: =IF($B14="",-999999999+A14,IF($V$2=0,(F14*10000+S14*1000+A14),(M14*10000+S14*10+A14))) -> 190481 | U14: =_xlfn.RANK.EQ(T14,$T$4:$T$27,0) -> 4
A15: 12 | B15: 김 태 환 | C15: 224 | D15: 215 | E15: 259 | F15: =SUM(C15:E15) -> 698 | G15: =F15/3 -> 232.66667 | H15: {=IF(B15="","",IFERROR(INDEX('회원명단 및 기준에버'!D:G,MATCH(B15,'회원명단 및 기준에버'!$C:$C,0),CHOOSE(INT((MONTH($L$2)-1)/3)+1,1,2,3,4)),""))} -> 198 | I15: =IFERROR(C15+-H15,0) -> 26 | J15: =IFERROR(D15+-H15,0) -> 17 | K15: =IFERROR(E15+-H15,0) -> 61 | L15: =SUM(I15:K15) -> 104 | M15: =IFERROR(G15+-H15,0) -> 34.666667 | S15: =MAX(C15:E15)-MIN(C15:E15) -> 44 | T15: =IF($B15="",-999999999+A15,IF($V$2=0,(F15*10000+S15*1000+A15),(M15*10000+S15*10+A15))) -> 347118.67 | U15: =_xlfn.RANK.EQ(T15,$T$4:$T$27,0) -> 2
A16: 13 | B16: 이 정 석 | C16: 204 | D16: 206 | E16: 245 | F16: =SUM(C16:E16) -> 655 | G16: =F16/3 -> 218.33333 | H16: {=IF(B16="","",IFERROR(INDEX('회원명단 및 기준에버'!D:G,MATCH(B16,'회원명단 및 기준에버'!$C:$C,0),CHOOSE(INT((MONTH($L$2)-1)/3)+1,1,2,3,4)),""))} -> 196 | I16: =IFERROR(C16+-H16,0) -> 8 | J16: =IFERROR(D16+-H16,0) -> 10 | K16: =IFERROR(E16+-H16,0) -> 49 | L16: =SUM(I16:K16) -> 67 | M16: =IFERROR(G16+-H16,0) -> 22.333333 | S16: =MAX(C16:E16)-MIN(C16:E16) -> 41 | T16: =IF($B16="",-999999999+A16,IF($V$2=0,(F16*10000+S16*1000+A16),(M16*10000+S16*10+A16))) -> 223756.33 | U16: =_xlfn.RANK.EQ(T16,$T$4:$T$27,0) -> 3
A17: 14 | B17: 지 옥 명 | C17: 166 | D17: 157 | E17: 161 | F17: =SUM(C17:E17) -> 484 | G17: =F17/3 -> 161.33333 | H17: {=IF(B17="","",IFERROR(INDEX('회원명단 및 기준에버'!D:G,MATCH(B17,'회원명단 및 기준에버'!$C:$C,0),CHOOSE(INT((MONTH($L$2)-1)/3)+1,1,2,3,4)),""))} -> 183 | I17: =IFERROR(C17+-H17,0) -> -17 | J17: =IFERROR(D17+-H17,0) -> -26 | K17: =IFERROR(E17+-H17,0) -> -22 | L17: =SUM(I17:K17) -> -65 | M17: =IFERROR(G17+-H17,0) -> -21.666667 | S17: =MAX(C17:E17)-MIN(C17:E17) -> 9 | T17: =IF($B17="",-999999999+A17,IF($V$2=0,(F17*10000+S17*1000+A17),(M17*10000+S17*10+A17))) -> -216562.67 | U17: =_xlfn.RANK.EQ(T17,$T$4:$T$27,0) -> 21
A18: 15 | B18: 손 은 주 | C18: 145 | D18: 183 | E18: 146 | F18: =SUM(C18:E18) -> 474 | G18: =F18/3 -> 158 | H18: {=IF(B18="","",IFERROR(INDEX('회원명단 및 기준에버'!D:G,MATCH(B18,'회원명단 및 기준에버'!$C:$C,0),CHOOSE(INT((MONTH($L$2)-1)/3)+1,1,2,3,4)),""))} -> 151 | I18: =IFERROR(C18+-H18,0) -> -6 | J18: =IFERROR(D18+-H18,0) -> 32 | K18: =IFERROR(E18+-H18,0) -> -5 | L18: =SUM(I18:K18) -> 21 | M18: =IFERROR(G18+-H18,0) -> 7 | S18: =MAX(C18:E18)-MIN(C18:E18) -> 38 | T18: =IF($B18="",-999999999+A18,IF($V$2=0,(F18*10000+S18*1000+A18),(M18*10000+S18*10+A18))) -> 70395 | U18: =_xlfn.RANK.EQ(T18,$T$4:$T$27,0) -> 9
A19: 16 | B19: 변 상 필 | C19: 224 | D19: 157 | E19: 256 | F19: =SUM(C19:E19) -> 637 | G19: =F19/3 -> 212.33333 | H19: {=IF(B19="","",IFERROR(INDEX('회원명단 및 기준에버'!D:G,MATCH(B19,'회원명단 및 기준에버'!$C:$C,0),CHOOSE(INT((MONTH($L$2)-1)/3)+1,1,2,3,4)),""))} -> 200 | I19: =IFERROR(C19+-H19,0) -> 24 | J19: =IFERROR(D19+-H19,0) -> -43 | K19: =IFERROR(E19+-H19,0) -> 56 | L19: =SUM(I19:K19) -> 37 | M19: =IFERROR(G19+-H19,0) -> 12.333333 | S19: =MAX(C19:E19)-MIN(C19:E19) -> 99 | T19: =IF($B19="",-999999999+A19,IF($V$2=0,(F19*10000+S19*1000+A19),(M19*10000+S19*10+A19))) -> 124339.33 | U19: =_xlfn.RANK.EQ(T19,$T$4:$T$27,0) -> 8
A20: 17 | B20: 김 종 훈 | C20: 184 | D20: 257 | E20: 169 | F20: =SUM(C20:E20) -> 610 | G20: =F20/3 -> 203.33333 | H20: {=IF(B20="","",IFERROR(INDEX('회원명단 및 기준에버'!D:G,MATCH(B20,'회원명단 및 기준에버'!$C:$C,0),CHOOSE(INT((MONTH($L$2)-1)/3)+1,1,2,3,4)),""))} -> 198 | I20: =IFERROR(C20+-H20,0) -> -14 | J20: =IFERROR(D20+-H20,0) -> 59 | K20: =IFERROR(E20+-H20,0) -> -29 | L20: =SUM(I20:K20) -> 16 | M20: =IFERROR(G20+-H20,0) -> 5.3333333 | S20: =MAX(C20:E20)-MIN(C20:E20) -> 88 | T20: =IF($B20="",-999999999+A20,IF($V$2=0,(F20*10000+S20*1000+A20),(M20*10000+S20*10+A20))) -> 54230.333 | U20: =_xlfn.RANK.EQ(T20,$T$4:$T$27,0) -> 11
A21: 18 | B21: 황 인 교 | C21: 199 | D21: 189 | E21: 167 | F21: =SUM(C21:E21) -> 555 | G21: =F21/3 -> 185 | H21: {=IF(B21="","",IFERROR(INDEX('회원명단 및 기준에버'!D:G,MATCH(B21,'회원명단 및 기준에버'!$C:$C,0),CHOOSE(INT((MONTH($L$2)-1)/3)+1,1,2,3,4)),""))} -> 184 | I21: =IFERROR(C21+-H21,0) -> 15 | J21: =IFERROR(D21+-H21,0) -> 5 | K21: =IFERROR(E21+-H21,0) -> -17 | L21: =SUM(I21:K21) -> 3 | M21: =IFERROR(G21+-H21,0) -> 1 | S21: =MAX(C21:E21)-MIN(C21:E21) -> 32 | T21: =IF($B21="",-999999999+A21,IF($V$2=0,(F21*10000+S21*1000+A21),(M21*10000+S21*10+A21))) -> 10338 | U21: =_xlfn.RANK.EQ(T21,$T$4:$T$27,0) -> 16
A22: 19 | B22: 엄 정 도 | C22: 216 | D22: 181 | E22: 194 | F22: =SUM(C22:E22) -> 591 | G22: =F22/3 -> 197 | H22: {=IF(B22="","",IFERROR(INDEX('회원명단 및 기준에버'!D:G,MATCH(B22,'회원명단 및 기준에버'!$C:$C,0),CHOOSE(INT((MONTH($L$2)-1)/3)+1,1,2,3,4)),""))} -> 184 | I22: =IFERROR(C22+-H22,0) -> 32 | J22: =IFERROR(D22+-H22,0) -> -3 | K22: =IFERROR(E22+-H22,0) -> 10 | L22: =SUM(I22:K22) -> 39 | M22: =IFERROR(G22+-H22,0) -> 13 | S22: =MAX(C22:E22)-MIN(C22:E22) -> 35 | T22: =IF($B22="",-999999999+A22,IF($V$2=0,(F22*10000+S22*1000+A22),(M22*10000+S22*10+A22))) -> 130369 | U22: =_xlfn.RANK.EQ(T22,$T$4:$T$27,0) -> 7
A23: 20 | B23: 김 미 란 | C23: 184 | D23: 189 | E23: 193 | F23: =SUM(C23:E23) -> 566 | G23: =F23/3 -> 188.66667 | H23: {=IF(B23="","",IFERROR(INDEX('회원명단 및 기준에버'!D:G,MATCH(B23,'회원명단 및 기준에버'!$C:$C,0),CHOOSE(INT((MONTH($L$2)-1)/3)+1,1,2,3,4)),""))} -> 182 | I23: =IFERROR(C23+-H23,0) -> 2 | J23: =IFERROR(D23+-H23,0) -> 7 | K23: =IFERROR(E23+-H23,0) -> 11 | L23: =SUM(I23:K23) -> 20 | M23: =IFERROR(G23+-H23,0) -> 6.6666667 | S23: =MAX(C23:E23)-MIN(C23:E23) -> 9 | T23: =IF($B23="",-999999999+A23,IF($V$2=0,(F23*10000+S23*1000+A23),(M23*10000+S23*10+A23))) -> 66776.667 | U23: =_xlfn.RANK.EQ(T23,$T$4:$T$27,0) -> 10
A24: 21 | B24: 박 시 진 | C24: 225 | D24: 205 | E24: 167 | F24: =SUM(C24:E24) -> 597 | G24: =F24/3 -> 199 | H24: {=IF(B24="","",IFERROR(INDEX('회원명단 및 기준에버'!D:G,MATCH(B24,'회원명단 및 기준에버'!$C:$C,0),CHOOSE(INT((MONTH($L$2)-1)/3)+1,1,2,3,4)),""))} -> 196 | I24: =IFERROR(C24+-H24,0) -> 29 | J24: =IFERROR(D24+-H24,0) -> 9 | K24: =IFERROR(E24+-H24,0) -> -29 | L24: =SUM(I24:K24) -> 9 | M24: =IFERROR(G24+-H24,0) -> 3 | S24: =MAX(C24:E24)-MIN(C24:E24) -> 58 | T24: =IF($B24="",-999999999+A24,IF($V$2=0,(F24*10000+S24*1000+A24),(M24*10000+S24*10+A24))) -> 30601 | U24: =_xlfn.RANK.EQ(T24,$T$4:$T$27,0) -> 14
A25: 22 | B25: 정 영 우 | C25: 162 | D25: 168 | E25: 217 | F25: =SUM(C25:E25) -> 547 | G25: =F25/3 -> 182.33333 | H25: {=IF(B25="","",IFERROR(INDEX('회원명단 및 기준에버'!D:G,MATCH(B25,'회원명단 및 기준에버'!$C:$C,0),CHOOSE(INT((MONTH($L$2)-1)/3)+1,1,2,3,4)),""))} -> 184 | I25: =IFERROR(C25+-H25,0) -> -22 | J25: =IFERROR(D25+-H25,0) -> -16 | K25: =IFERROR(E25+-H25,0) -> 33 | L25: =SUM(I25:K25) -> -5 | M25: =IFERROR(G25+-H25,0) -> -1.6666667 | S25: =MAX(C25:E25)-MIN(C25:E25) -> 55 | T25: =IF($B25="",-999999999+A25,IF($V$2=0,(F25*10000+S25*1000+A25),(M25*10000+S25*10+A25))) -> -16094.667 | U25: =_xlfn.RANK.EQ(T25,$T$4:$T$27,0) -> 18
... A27: 24 | B27: 이 승 미 | C27: 145 | D27: 169 | E27: 197 | F27: =SUM(C27:E27) -> 511 | G27: =F27/3 -> 170.33333 | H27: {=IF(B27="","",IFERROR(INDEX('회원명단 및 기준에버'!D:G,MATCH(B27,'회원명단 및 기준에버'!$C:$C,0),CHOOSE(INT((MONTH($L$2)-1)/3)+1,1,2,3,4)),""))} -> 165 | I27: =IFERROR(C27+-H27,0) -> -20 | J27: =IFERROR(D27+-H27,0) -> 4 | K27: =IFERROR(E27+-H27,0) -> 32 | L27: =SUM(I27:K27) -> 16 | M27: =IFERROR(G27+-H27,0) -> 5.3333333 | S27: =MAX(C27:E27)-MIN(C27:E27) -> 52 | T27: =IF($B27="",-999999999+A27,IF($V$2=0,(F27*10000+S27*1000+A27),(M27*10000+S27*10+A27))) -> 53877.333 | U27: =_xlfn.RANK.EQ(T27,$T$4:$T$27,0) -> 12
B28: 시 상 및 벌 금
B29: 에버상승상 남+20점,여+10점 이상 상위1명 | F29: 에버벌금 | G29: 정기전 만 해당 함 | J29: 유니품 벌금
B30: 천 성 일 | C30: 43 | D30: 임 연 진 | E30: 16.3 | G30: 1점부터 2000원
B31: 올카바 상 | I31: 초구가터벌금1회1000원 | K31: 광 박 1회 2000원
B32: 변 상 필 | C32: 224
B33: 이 대 용 | C33: 236
B35: 팀 전
B36: =$B4 -> 이 우 석 | C36: =IF($T$2=0,$C4,$I4) -> -73 | D36: =IF($T$2=0,$D4,$J4) -> -9 | E36: =IF($T$2=0,$E4,$K4) -> -9 | F36: =E39 -> -18 | G36: 3 | H36: =$B9 -> 장 영 민 | I36: =IF($T$2=0,$C9,$I9) -> 35 | J36: =IF($T$2=0,$D9,$J9) -> -39 | K36: =IF($T$2=0,$E9,$K9) -> -30 | L36: =K38 -> 18 | M36: 2
B37: =$B5 -> 임 연 진 | C37: =IF($T$2=0,$C5,$I5) -> 31 | D37: =IF($T$2=0,$D5,$J5) -> 18 | E37: =IF($T$2=0,$E5,$K5) -> 0 | H37: =$B10 -> 김 정 희 | I37: =IF($T$2=0,$C10,$I10) -> 7 | J37: =IF($T$2=0,$D10,$J10) -> -11 | K37: =IF($T$2=0,$E10,$K10) -> 55
B38: =$B6 -> 박 성 현 | C38: =IF($T$2=0,$C6,$I6) -> -20 | D38: =IF($T$2=0,$D6,$J6) -> 14 | E38: =IF($T$2=0,$E6,$K6) -> 21 | H38: =$B11 -> 천 성 일 | I38: =IF($T$2=0,$C11,$I11) -> 45 | J38: =IF($T$2=0,$D11,$J11) -> 66 | K38: =IF($T$2=0,$E11,$K11) -> 18
B39: =$B7 -> 이 재 용 | C39: =IF($T$2=0,$C7,$I7) -> -39 | D39: =IF($T$2=0,$D7,$J7) -> 57 | E39: =IF($T$2=0,$E7,$K7) -> -18 | H39: =$B12 -> 진 명 옥 | I39: =IF($T$2=0,$C12,$I12) -> 30 | J39: =IF($T$2=0,$D12,$J12) -> -4 | K39: =IF($T$2=0,$E12,$K12) -> -17
B40: =$B8 -> 김 선 미 | C40: =IF($T$2=0,$C8,$I8) -> -38 | D40: =IF($T$2=0,$D8,$J8) -> -6 | E40: =IF($T$2=0,$E8,$K8) -> -32 | H40: =$B13 -> 0 | I40: =IF($T$2=0,$C13,$I13) -> 0 | J40: =IF($T$2=0,$D13,$J13) -> 0 | K40: =IF($T$2=0,$E13,$K13) -> 0
C41: =SUM(C36:C40) -> -139 | D41: =SUM(D36:D40) -> 74 | E41: =SUM(E36:E40) -> -38 | I41: =SUM(I36:I40) -> 117 | J41: =SUM(J36:J40) -> 12 | K41: =SUM(K36:K40) -> 26
B43: =$B14 -> 이 대 용 | C43: =IF($T$2=0,$C14,$I14) -> 36 | D43: =IF($T$2=0,$D14,$J14) -> -11 | E43: =IF($T$2=0,$E14,$K14) -> 32 | F43: =E44 -> 61 | G43: 1 | H43: =$B19 -> 변 상 필 | I43: =IF($T$2=0,$C19,$I19) -> 24 | J43: =IF($T$2=0,$D19,$J19) -> -43 | K43: =IF($T$2=0,$E19,$K19) -> 56 | L43: =K45 -> -17 | M43: 4
B44: =$B15 -> 김 태 환 | C44: =IF($T$2=0,$C15,$I15) -> 26 | D44: =IF($T$2=0,$D15,$J15) -> 17 | E44: =IF($T$2=0,$E15,$K15) -> 61 | H44: =$B20 -> 김 종 훈 | I44: =IF($T$2=0,$C20,$I20) -> -14 | J44: =IF($T$2=0,$D20,$J20) -> 59 | K44: =IF($T$2=0,$E20,$K20) -> -29
B45: =$B16 -> 이 정 석 | C45: =IF($T$2=0,$C16,$I16) -> 8 | D45: =IF($T$2=0,$D16,$J16) -> 10 | E45: =IF($T$2=0,$E16,$K16) -> 49 | H45: =$B21 -> 황 인 교 | I45: =IF($T$2=0,$C21,$I21) -> 15 | J45: =IF($T$2=0,$D21,$J21) -> 5 | K45: =IF($T$2=0,$E21,$K21) -> -17
B46: =$B17 -> 지 옥 명 | C46: =IF($T$2=0,$C17,$I17) -> -17 | D46: =IF($T$2=0,$D17,$J17) -> -26 | E46: =IF($T$2=0,$E17,$K17) -> -22 | H46: =$B22 -> 엄 정 도 | I46: =IF($T$2=0,$C22,$I22) -> 32 | J46: =IF($T$2=0,$D22,$J22) -> -3 | K46: =IF($T$2=0,$E22,$K22) -> 10
B47: =$B18 -> 손 은 주 | C47: =IF($T$2=0,$C18,$I18) -> -6 | D47: =IF($T$2=0,$D18,$J18) -> 32 | E47: =IF($T$2=0,$E18,$K18) -> -5 | H47: =$B23 -> 김 미 란 | I47: =IF($T$2=0,$C23,$I23) -> 2 | J47: =IF($T$2=0,$D23,$J23) -> 7 | K47: =IF($T$2=0,$E23,$K23) -> 11
C48: =SUM(C43:C47) -> 47 | D48: =SUM(D43:D47) -> 22 | E48: =SUM(E43:E47) -> 115 | I48: =SUM(I43:I47) -> 59 | J48: =SUM(J43:J47) -> 25 | K48: =SUM(K43:K47) -> 31
B50: =$B24 -> 박 시 진 | C50: =IF($T$2=0,$C24,$I24) -> 29 | D50: =IF($T$2=0,$D24,$J24) -> 9 | E50: =IF($T$2=0,$E24,$K24) -> -29 | F50: =E52 -> -32 | G50: 5
B51: =$B25 -> 정 영 우 | C51: =IF($T$2=0,$C25,$I25) -> -22 | D51: =IF($T$2=0,$D25,$J25) -> -16 | E51: =IF($T$2=0,$E25,$K25) -> 33
B52: =$B26 -> 나 경 주 | C52: =IF($T$2=0,$C26,$I26) -> -9 | D52: =IF($T$2=0,$D26,$J26) -> 25 | E52: =IF($T$2=0,$E26,$K26) -> -32
B53: =$B27 -> 이 승 미 | C53: =IF($T$2=0,$C27,$I27) -> -20 | D53: =IF($T$2=0,$D27,$J27) -> 4 | E53: =IF($T$2=0,$E27,$K27) -> 32
C55: =SUM(C50:C54) -> -22 | D55: =SUM(D50:D54) -> 22 | E55: =SUM(E50:E54) -> 4
A59: =A1 -> 2026 아르케 존 00회 정기 모임 점수
K60: 날짜 | L60: =L2 -> 46072
B61: 이 름 | C61: 1 G | D61: 2 G | E61: 3 G | F61: 합 계 | G61: 에 버 | H61: 기본에버 | I61: 1 G | J61: 2 G | K61: 3 G | L61: 합 계 | M61: 오 차
A62: 1 | B62: {=INDEX($B$4:$M$27,MATCH($A62,$U$4:$U$27,0),COLUMN(A$1))} -> 천 성 일 | C62: {=INDEX($B$4:$M$27,MATCH($A62,$U$4:$U$27,0),COLUMN(B$1))} -> 236 | D62: {=INDEX($B$4:$M$27,MATCH($A62,$U$4:$U$27,0),COLUMN(C$1))} -> 257 | E62: {=INDEX($B$4:$M$27,MATCH($A62,$U$4:$U$27,0),COLUMN(D$1))} -> 209 | F62: =SUM(C62:E62) -> 702 | G62: =F62/3 -> 234 | H62: {=IF(B62="","",IFERROR(INDEX('회원명단 및 기준에버'!D:G,MATCH(B62,'회원명단 및 기준에버'!$C:$C,0),CHOOSE(INT((MONTH($L$2)-1)/3)+1,1,2,3,4)),""))} -> 191 | I62: =IFERROR(C62+-H62,0) -> 45 | J62: =IFERROR(D62+-H62,0) -> 66 | K62: =IFERROR(E62+-H62,0) -> 18 | L62: =SUM(I62:K62) -> 129 | M62: =IFERROR(G62+-H62,0) -> 43
A63: 2 | B63: {=INDEX($B$4:$M$27,MATCH($A63,$U$4:$U$27,0),COLUMN(A$1))} -> 김 태 환 | C63: {=INDEX($B$4:$M$27,MATCH($A63,$U$4:$U$27,0),COLUMN(B$1))} -> 224 | D63: {=INDEX($B$4:$M$27,MATCH($A63,$U$4:$U$27,0),COLUMN(C$1))} -> 215 | E63: {=INDEX($B$4:$M$27,MATCH($A63,$U$4:$U$27,0),COLUMN(D$1))} -> 259 | F63: =SUM(C63:E63) -> 698 | G63: =F63/3 -> 232.66667 | H63: {=IF(B63="","",IFERROR(INDEX('회원명단 및 기준에버'!D:G,MATCH(B63,'회원명단 및 기준에버'!$C:$C,0),CHOOSE(INT((MONTH($L$2)-1)/3)+1,1,2,3,4)),""))} -> 198 | I63: =IFERROR(C63+-H63,0) -> 26 | J63: =IFERROR(D63+-H63,0) -> 17 | K63: =IFERROR(E63+-H63,0) -> 61 | L63: =SUM(I63:K63) -> 104 | M63: =IFERROR(G63+-H63,0) -> 34.666667
A64: 3 | B64: {=INDEX($B$4:$M$27,MATCH($A64,$U$4:$U$27,0),COLUMN(A$1))} -> 이 정 석 | C64: {=INDEX($B$4:$M$27,MATCH($A64,$U$4:$U$27,0),COLUMN(B$1))} -> 204 | D64: {=INDEX($B$4:$M$27,MATCH($A64,$U$4:$U$27,0),COLUMN(C$1))} -> 206 | E64: {=INDEX($B$4:$M$27,MATCH($A64,$U$4:$U$27,0),COLUMN(D$1))} -> 245 | F64: =SUM(C64:E64) -> 655 | G64: =F64/3 -> 218.33333 | H64: {=IF(B64="","",IFERROR(INDEX('회원명단 및 기준에버'!D:G,MATCH(B64,'회원명단 및 기준에버'!$C:$C,0),CHOOSE(INT((MONTH($L$2)-1)/3)+1,1,2,3,4)),""))} -> 196 | I64: =IFERROR(C64+-H64,0) -> 8 | J64: =IFERROR(D64+-H64,0) -> 10 | K64: =IFERROR(E64+-H64,0) -> 49 | L64: =SUM(I64:K64) -> 67 | M64: =IFERROR(G64+-H64,0) -> 22.333333
A65: 4 | B65: {=INDEX($B$4:$M$27,MATCH($A65,$U$4:$U$27,0),COLUMN(A$1))} -> 이 대 용 | C65: {=INDEX($B$4:$M$27,MATCH($A65,$U$4:$U$27,0),COLUMN(B$1))} -> 236 | D65: {=INDEX($B$4:$M$27,MATCH($A65,$U$4:$U$27,0),COLUMN(C$1))} -> 189 | E65: {=INDEX($B$4:$M$27,MATCH($A65,$U$4:$U$27,0),COLUMN(D$1))} -> 232 | F65: =SUM(C65:E65) -> 657 | G65: =F65/3 -> 219 | H65: {=IF(B65="","",IFERROR(INDEX('회원명단 및 기준에버'!D:G,MATCH(B65,'회원명단 및 기준에버'!$C:$C,0),CHOOSE(INT((MONTH($L$2)-1)/3)+1,1,2,3,4)),""))} -> 200 | I65: =IFERROR(C65+-H65,0) -> 36 | J65: =IFERROR(D65+-H65,0) -> -11 | K65: =IFERROR(E65+-H65,0) -> 32 | L65: =SUM(I65:K65) -> 57 | M65: =IFERROR(G65+-H65,0) -> 19
A66: 5 | B66: {=INDEX($B$4:$M$27,MATCH($A66,$U$4:$U$27,0),COLUMN(A$1))} -> 김 정 희 | C66: {=INDEX($B$4:$M$27,MATCH($A66,$U$4:$U$27,0),COLUMN(B$1))} -> 207 | D66: {=INDEX($B$4:$M$27,MATCH($A66,$U$4:$U$27,0),COLUMN(C$1))} -> 189 | E66: {=INDEX($B$4:$M$27,MATCH($A66,$U$4:$U$27,0),COLUMN(D$1))} -> 255 | F66: =SUM(C66:E66) -> 651 | G66: =F66/3 -> 217 | H66: {=IF(B66="","",IFERROR(INDEX('회원명단 및 기준에버'!D:G,MATCH(B66,'회원명단 및 기준에버'!$C:$C,0),CHOOSE(INT((MONTH($L$2)-1)/3)+1,1,2,3,4)),""))} -> 200 | I66: =IFERROR(C66+-H66,0) -> 7 | J66: =IFERROR(D66+-H66,0) -> -11 | K66: =IFERROR(E66+-H66,0) -> 55 | L66: =SUM(I66:K66) -> 51 | M66: =IFERROR(G66+-H66,0) -> 17
A67: 6 | B67: {=INDEX($B$4:$M$27,MATCH($A67,$U$4:$U$27,0),COLUMN(A$1))} -> 임 연 진 | C67: {=INDEX($B$4:$M$27,MATCH($A67,$U$4:$U$27,0),COLUMN(B$1))} -> 225 | D67: {=INDEX($B$4:$M$27,MATCH($A67,$U$4:$U$27,0),COLUMN(C$1))} -> 212 | E67: {=INDEX($B$4:$M$27,MATCH($A67,$U$4:$U$27,0),COLUMN(D$1))} -> 194 | F67: =SUM(C67:E67) -> 631 | G67: =F67/3 -> 210.33333 | H67: {=IF(B67="","",IFERROR(INDEX('회원명단 및 기준에버'!D:G,MATCH(B67,'회원명단 및 기준에버'!$C:$C,0),CHOOSE(INT((MONTH($L$2)-1)/3)+1,1,2,3,4)),""))} -> 194 | I67: =IFERROR(C67+-H67,0) -> 31 | J67: =IFERROR(D67+-H67,0) -> 18 | K67: =IFERROR(E67+-H67,0) -> 0 | L67: =SUM(I67:K67) -> 49 | M67: =IFERROR(G67+-H67,0) -> 16.333333
A68: 7 | B68: {=INDEX($B$4:$M$27,MATCH($A68,$U$4:$U$27,0),COLUMN(A$1))} -> 엄 정 도 | C68: {=INDEX($B$4:$M$27,MATCH($A68,$U$4:$U$27,0),COLUMN(B$1))} -> 216 | D68: {=INDEX($B$4:$M$27,MATCH($A68,$U$4:$U$27,0),COLUMN(C$1))} -> 181 | E68: {=INDEX($B$4:$M$27,MATCH($A68,$U$4:$U$27,0),COLUMN(D$1))} -> 194 | F68: =SUM(C68:E68) -> 591 | G68: =F68/3 -> 197 | H68: {=IF(B68="","",IFERROR(INDEX('회원명단 및 기준에버'!D:G,MATCH(B68,'회원명단 및 기준에버'!$C:$C,0),CHOOSE(INT((MONTH($L$2)-1)/3)+1,1,2,3,4)),""))} -> 184 | I68: =IFERROR(C68+-H68,0) -> 32 | J68: =IFERROR(D68+-H68,0) -> -3 | K68: =IFERROR(E68+-H68,0) -> 10 | L68: =SUM(I68:K68) -> 39 | M68: =IFERROR(G68+-H68,0) -> 13
A69: 8 | B69: {=INDEX($B$4:$M$27,MATCH($A69,$U$4:$U$27,0),COLUMN(A$1))} -> 변 상 필 | C69: {=INDEX($B$4:$M$27,MATCH($A69,$U$4:$U$27,0),COLUMN(B$1))} -> 224 | D69: {=INDEX($B$4:$M$27,MATCH($A69,$U$4:$U$27,0),COLUMN(C$1))} -> 157 | E69: {=INDEX($B$4:$M$27,MATCH($A69,$U$4:$U$27,0),COLUMN(D$1))} -> 256 | F69: =SUM(C69:E69) -> 637 | G69: =F69/3 -> 212.33333 | H69: {=IF(B69="","",IFERROR(INDEX('회원명단 및 기준에버'!D:G,MATCH(B69,'회원명단 및 기준에버'!$C:$C,0),CHOOSE(INT((MONTH($L$2)-1)/3)+1,1,2,3,4)),""))} -> 200 | I69: =IFERROR(C69+-H69,0) -> 24 | J69: =IFERROR(D69+-H69,0) -> -43 | K69: =IFERROR(E69+-H69,0) -> 56 | L69: =SUM(I69:K69) -> 37 | M69: =IFERROR(G69+-H69,0) -> 12.333333
A70: 9 | B70: {=INDEX($B$4:$M$27,MATCH($A70,$U$4:$U$27,0),COLUMN(A$1))} -> 손 은 주 | C70: {=INDEX($B$4:$M$27,MATCH($A70,$U$4:$U$27,0),COLUMN(B$1))} -> 145 | D70: {=INDEX($B$4:$M$27,MATCH($A70,$U$4:$U$27,0),COLUMN(C$1))} -> 183 | E70: {=INDEX($B$4:$M$27,MATCH($A70,$U$4:$U$27,0),COLUMN(D$1))} -> 146 | F70: =SUM(C70:E70) -> 474 | G70: =F70/3 -> 158 | H70: {=IF(B70="","",IFERROR(INDEX('회원명단 및 기준에버'!D:G,MATCH(B70,'회원명단 및 기준에버'!$C:$C,0),CHOOSE(INT((MONTH($L$2)-1)/3)+1,1,2,3,4)),""))} -> 151 | I70: =IFERROR(C70+-H70,0) -> -6 | J70: =IFERROR(D70+-H70,0) -> 32 | K70: =IFERROR(E70+-H70,0) -> -5 | L70: =SUM(I70:K70) -> 21 | M70: =IFERROR(G70+-H70,0) -> 7
