Workbook

Sheet 회원명단 및 기준에버
B3: 기준 에버
B4: 순번 | C4: 이름 | D4: 1분기 | E4: 2분기 | F4: 3분기 | G4: 4분기
B5: 1 | C5: 최 현 수 | D5: 200 | E5: 200
B6: 2 | C6: 임 승 기 | D6: 200 | E6: 200
B7: 3 | C7: 이 범 수 | D7: 193 | E7: 200
B8: 4 | C8: 강 희 태 | D8: 200 | E8: 200
B9: 5 | C9: 박 시 진 | D9: 196 | E9: 200
B10: 6 | C10: 김 남 주 | D10: 195 | E10: 200
B11: 7 | C11: 장 영 민 | D11: 200 | E11: 200
B12: 8 | C12: 변 상 필 | D12: 200 | E12: 200
B13: 9 | C13: 임 연 진 | D13: 194 | E13: 200
B14: 10 | C14: 송 정 현 | D14: 187 | E14: 200
B15: 11 | C15: 김 정 희 | D15: 200 | E15: 200
B16: 12 | C16: 이 대 용 | D16: 200 | E16: 200
... B39: 35 | C39: 손 은 주 | D39: 151 | E39: 144
B40: 36
B41: 37
B42: 38
B43: 39

Sheet 00회번개 6인팀
A1: 2026 아르케 존 00회 정기 번개 점수
L2: 날짜 | N2: 46113 | U2: 팀전에버기준 | V2: 0 | W2: 순위에버오차기준 | X2: 1
B3: 이 름 | C3: 1 G | D3: 2 G | E3: 3 G | F3: 4G | G3: 합 계 | H3: 에 버 | I3: 기본에버 | J3: 1 G | K3: 2 G | L3: 3 G | M3: 4G | N3: 합 계 | O3: 오 차 | U3: 수식입력부분 삭제하지마세요~
A4: 1 | G4: =F4+E4+D4+C4 -> 0 | H4: =G4/4 -> 0 | I4: =IF(B4="","",IFERROR(INDEX('회원명단 및 기준에버'!D:G,MATCH(B4,'회원명단 및 기준에버'!$C:$C,0),CHOOSE(INT((MONTH($N$2)-1)/3)+1,1,2,3,4)),"")) | J4: =IFERROR(C4+-I4,0) -> 0 | K4: =IFERROR(D4+-I4,0) -> 0 | L4: =IFERROR(E4+-I4,0) -> 0 | M4: =IFERROR(F4+-I4,0) -> 0 | N4: =SUM(J4:M4) -> 0 | O4: =IFERROR(H4+-I4,0) -> 0 | U4: =MAX(C4:F4)-MIN(C4:F4) -> 0 | V4: =IF($X$2=0,(G4*1000000+U4*1000+A4),(O4*1000000+U4*1000+A4)) -> 1 | W4: =_xlfn.RANK.EQ(V4,$V$4:$V$33,0) -> 30
A5: 2 | G5: =F5+E5+D5+C5 -> 0 | H5: =G5/4 -> 0 | I5: =IF(B5="","",IFERROR(INDEX('회원명단 및 기준에버'!D:G,MATCH(B5,'회원명단 및 기준에버'!$C:$C,0),CHOOSE(INT((MONTH($N$2)-1)/3)+1,1,2,3,4)),"")) | J5: =IFERROR(C5+-I5,0) -> 0 | K5: =IFERROR(D5+-I5,0) -> 0 | L5: =IFERROR(E5+-I5,0) -> 0 | M5: =IFERROR(F5+-I5,0) -> 0 | N5: =SUM(J5:M5) -> 0 | O5: =IFERROR(H5+-I5,0) -> 0 | U5: =MAX(C5:F5)-MIN(C5:F5) -> 0 | V5: =IF($X$2=0,(G5*1000000+U5*1000+A5),(O5*1000000+U5*1000+A5)) -> 2 | W5: =_xlfn.RANK.EQ(V5,$V$4:$V$33,0) -> 29
A6: 3 | G6: =F6+E6+D6+C6 -> 0 | H6: =G6/4 -> 0 | I6: =IF(B6="","",IFERROR(INDEX('회원명단 및 기준에버'!D:G,MATCH(B6,'회원명단 및 기준에버'!$C:$C,0),CHOOSE(INT((MONTH($N$2)-1)/3)+1,1,2,3,4)),"")) | J6: =IFERROR(C6+-I6,0) -> 0 | K6: =IFERROR(D6+-I6,0) -> 0 | L6: =IFERROR(E6+-I6,0) -> 0 | M6: =IFERROR(F6+-I6,0) -> 0 | N6: =SUM(J6:M6) -> 0 | O6: =IFERROR(H6+-I6,0) -> 0 | U6: =MAX(C6:F6)-MIN(C6:F6) -> 0 | V6: =IF($X$2=0,(G6*1000000+U6*1000+A6),(O6*1000000+U6*1000+A6)) -> 3 | W6: =_xlfn.RANK.EQ(V6,$V$4:$V$33,0) -> 28
A7: 4 | G7: =F7+E7+D7+C7 -> 0 | H7: =G7/4 -> 0 | I7: =IF(B7="","",IFERROR(INDEX('회원명단 및 기준에버'!D:G,MATCH(B7,'회원명단 및 기준에버'!$C:$C,0),CHOOSE(INT((MONTH($N$2)-1)/3)+1,1,2,3,4)),"")) | J7: =IFERROR(C7+-I7,0) -> 0 | K7: =IFERROR(D7+-I7,0) -> 0 | L7: =IFERROR(E7+-I7,0) -> 0 | M7: =IFERROR(F7+-I7,0) -> 0 | N7: =SUM(J7:M7) -> 0 | O7: =IFERROR(H7+-I7,0) -> 0 | U7: =MAX(C7:F7)-MIN(C7:F7) -> 0 | V7: =IF($X$2=0,(G7*1000000+U7*1000+A7),(O7*1000000+U7*1000+A7)) -> 4 | W7: =_xlfn.RANK.EQ(V7,$V$4:$V$33,0) -> 27
A8: 5 | G8: =F8+E8+D8+C8 -> 0 | H8: =G8/4 -> 0 | I8: =IF(B8="","",IFERROR(INDEX('회원명단 및 기준에버'!D:G,MATCH(B8,'회원명단 및 기준에버'!$C:$C,0),CHOOSE(INT((MONTH($N$2)-1)/3)+1,1,2,3,4)),"")) | J8: =IFERROR(C8+-I8,0) -> 0 | K8: =IFERROR(D8+-I8,0) -> 0 | L8: =IFERROR(E8+-I8,0) -> 0 | M8: =IFERROR(F8+-I8,0) -> 0 | N8: =SUM(J8:M8) -> 0 | O8: =IFERROR(H8+-I8,0) -> 0 | U8: =MAX(C8:F8)-MIN(C8:F8) -> 0 | V8: =IF($X$2=0,(G8*1000000+U8*1000+A8),(O8*1000000+U8*1000+A8)) -> 5 | W8: =_xlfn.RANK.EQ(V8,$V$4:$V$33,0) -> 26
A9: 6 | G9: =F9+E9+D9+C9 -> 0 | H9: =G9/4 -> 0 | I9: =IF(B9="","",IFERROR(INDEX('회원명단 및 기준에버'!D:G,MATCH(B9,'회원명단 및 기준에버'!$C:$C,0),CHOOSE(INT((MONTH($N$2)-1)/3)+1,1,2,3,4)),"")) | J9: =IFERROR(C9+-I9,0) -> 0 | K9: =IFERROR(D9+-I9,0) -> 0 | L9: =IFERROR(E9+-I9,0) -> 0 | M9: =IFERROR(F9+-I9,0) -> 0 | N9: =SUM(J9:M9) -> 0 | O9: =IFERROR(H9+-I9,0) -> 0 | U9: =MAX(C9:F9)-MIN(C9:F9) -> 0 | V9: =IF($X$2=0,(G9*1000000+U9*1000+A9),(O9*1000000+U9*1000+A9)) -> 6 | W9: =_xlfn.RANK.EQ(V9,$V$4:$V$33,0) -> 25
A10: 7 | G10: =F10+E10+D10+C10 -> 0 | H10: =G10/4 -> 0 | I10: =IF(B10="","",IFERROR(INDEX('회원명단 및 기준에버'!D:G,MATCH(B10,'회원명단 및 기준에버'!$C:$C,0),CHOOSE(INT((MONTH($N$2)-1)/3)+1,1,2,3,4)),"")) | J10: =IFERROR(C10+-I10,0) -> 0 | K10: =IFERROR(D10+-I10,0) -> 0 | L10: =IFERROR(E10+-I10,0) -> 0 | M10: =IFERROR(F10+-I10,0) -> 0 | N10: =SUM(J10:M10) -> 0 | O10: =IFERROR(H10+-I10,0) -> 0 | U10: =MAX(C10:F10)-MIN(C10:F10) -> 0 | V10: =IF($X$2=0,(G10*1000000+U10*1000+A10),(O10*1000000+U10*1000+A10)) -> 7 | W10: =_xlfn.RANK.EQ(V10,$V$4:$V$33,0) -> 24
A11: 8 | G11: =F11+E11+D11+C11 -> 0 | H11: =G11/4 -> 0 | I11: =IF(B11="","",IFERROR(INDEX('회원명단 및 기준에버'!D:G,MATCH(B11,'회원명단 및 기준에버'!$C:$C,0),CHOOSE(INT((MONTH($N$2)-1)/3)+1,1,2,3,4)),"")) | J11: =IFERROR(C11+-I11,0) -> 0 | K11: =IFERROR(D11+-I11,0) -> 0 | L11: =IFERROR(E11+-I11,0) -> 0 | M11: =IFERROR(F11+-I11,0) -> 0 | N11: =SUM(J11:M11) -> 0 | O11: =IFERROR(H11+-I11,0) -> 0 | U11: =MAX(C11:F11)-MIN(C11:F11) -> 0 | V11: =IF($X$2=0,(G11*1000000+U11*1000+A11),(O11*1000000+U11*1000+A11)) -> 8 | W11: =_xlfn.RANK.EQ(V11,$V$4:$V$33,0) -> 23
A12: 9 | G12: =F12+E12+D12+C12 -> 0 | H12: =G12/4 -> 0 | I12: =IF(B12="","",IFERROR(INDEX('회원명단 및 기준에버'!D:G,MATCH(B12,'회원명단 및 기준에버'!$C:$C,0),CHOOSE(INT((MONTH($N$2)-1)/3)+1,1,2,3,4)),"")) | J12: =IFERROR(C12+-I12,0) -> 0 | K12: =IFERROR(D12+-I12,0) -> 0 | L12: =IFERROR(E12+-I12,0) -> 0 | M12: =IFERROR(F12+-I12,0) -> 0 | N12: =SUM(J12:M12) -> 0 | O12: =IFERROR(H12+-I12,0) -> 0 | U12: =MAX(C12:F12)-MIN(C12:F12) -> 0 | V12: =IF($X$2=0,(G12*1000000+U12*1000+A12),(O12*1000000+U12*1000+A12)) -> 9 | W12: =_xlfn.RANK.EQ(V12,$V$4:$V$33,0) -> 22
A13: 10 | G13: =F13+E13+D13+C13 -> 0 | H13: =G13/4 -> 0 | I13: =IF(B13="","",IFERROR(INDEX('회원명단 및 기준에버'!D:G,MATCH(B13,'회원명단 및 기준에버'!$C:$C,0),CHOOSE(INT((MONTH($N$2)-1)/3)+1,1,2,3,4)),"")) | J13: =IFERROR(C13+-I13,0) -> 0 | K13: =IFERROR(D13+-I13,0) -> 0 | L13: =IFERROR(E13+-I13,0) -> 0 | M13: =IFERROR(F13+-I13,0) -> 0 | N13: =SUM(J13:M13) -> 0 | O13: =IFERROR(H13+-I13,0) -> 0 | U13: =MAX(C13:F13)-MIN(C13:F13) -> 0 | V13: =IF($X$2=0,(G13*1000000+U13*1000+A13),(O13*1000000+U13*1000+A13)) -> 10 | W13: =_xlfn.RANK.EQ(V13,$V$4:$V$33,0) -> 21
A14: 11 | G14: =F14+E14+D14+C14 -> 0 | H14: =G14/4 -> 0 | I14: =IF(B14="","",IFERROR(INDEX('회원명단 및 기준에버'!D:G,MATCH(B14,'회원명단 및 기준에버'!$C:$C,0),CHOOSE(INT((MONTH($N$2)-1)/3)+1,1,2,3,4)),"")) | J14: =IFERROR(C14+-I14,0) -> 0 | K14: =IFERROR(D14+-I14,0) -> 0 | L14: =IFERROR(E14+-I14,0) -> 0 | M14: =IFERROR(F14+-I14,0) -> 0 | N14: =SUM(J14:M14) -> 0 | O14: =IFERROR(H14+-I14,0) -> 0 | U14: =MAX(C14:F14)-MIN(C14:F14) -> 0 | V14: =IF($X$2=0,(G14*1000000+U14*1000+A14),(O14*1000000+U14*1000+A14)) -> 11 | W14: =_xlfn.RANK.EQ(V14,$V$4:$V$33,0) -> 20
A15: 12 | G15: =F15+E15+D15+C15 -> 0 | H15: =G15/4 -> 0 | I15: =IF(B15="","",IFERROR(INDEX('회원명단 및 기준에버'!D:G,MATCH(B15,'회원명단 및 기준에버'!$C:$C,0),CHOOSE(INT((MONTH($N$2)-1)/3)+1,1,2,3,4)),"")) | J15: =IFERROR(C15+-I15,0) -> 0 | K15: =IFERROR(D15+-I15,0) -> 0 | L15: =IFERROR(E15+-I15,0) -> 0 | M15: =IFERROR(F15+-I15,0) -> 0 | N15: =SUM(J15:M15) -> 0 | O15: =IFERROR(H15+-I15,0) -> 0 | U15: =MAX(C15:F15)-MIN(C15:F15) -> 0 | V15: =IF($X$2=0,(G15*1000000+U15*1000+A15),(O15*1000000+U15*1000+A15)) -> 12 | W15: =_xlfn.RANK.EQ(V15,$V$4:$V$33,0) -> 19
... A33: 30 | G33: =F33+E33+D33+C33 -> 0 | H33: =G33/4 -> 0 | I33: =IF(B33="","",IFERROR(INDEX('회원명단 및 기준에버'!D:G,MATCH(B33,'회원명단 및 기준에버'!$C:$C,0),CHOOSE(INT((MONTH($N$2)-1)/3)+1,1,2,3,4)),"")) | J33: =IFERROR(C33+-I33,0) -> 0 | K33: =IFERROR(D33+-I33,0) -> 0 | L33: =IFERROR(E33+-I33,0) -> 0 | M33: =IFERROR(F33+-I33,0) -> 0 | N33: =SUM(J33:M33) -> 0 | O33: =IFERROR(H33+-I33,0) -> 0 | U33: =MAX(C33:F33)-MIN(C33:F33) -> 0 | V33: =IF($X$2=0,(G33*1000000+U33*1000+A33),(O33*1000000+U33*1000+A33)) -> 30 | W33: =_xlfn.RANK.EQ(V33,$V$4:$V$33,0) -> 1
B34: 팀 전
B35: =$B4 -> 0 | C35: =IF($V$2=0,$C4,$J4) -> 0 | D35: =IF($V$2=0,$D4,$K4) -> 0 | E35: =IF($V$2=0,$E4,$L4) -> 0 | F35: =IF($V$2=0,$F4,$M4) -> 0 | G35: =E41+D41+C41+F41 -> 0 | I35: =$B10 -> 0 | J35: =IF($V$2=0,$C10,$J10) -> 0 | K35: =IF($V$2=0,$D10,$K10) -> 0 | L35: =IF($V$2=0,$E10,$L10) -> 0 | M35: =IF($V$2=0,$F10,$M10) -> 0 | N35: =L41+K41+J41+M41 -> 0
B36: =$B5 -> 0 | C36: =IF($V$2=0,$C5,$J5) -> 0 | D36: =IF($V$2=0,$D5,$K5) -> 0 | E36: =IF($V$2=0,$E5,$L5) -> 0 | F36: =IF($V$2=0,$F5,$M5) -> 0 | I36: =$B11 -> 0 | J36: =IF($V$2=0,$C11,$J11) -> 0 | K36: =IF($V$2=0,$D11,$K11) -> 0 | L36: =IF($V$2=0,$E11,$L11) -> 0 | M36: =IF($V$2=0,$F11,$M11) -> 0
B37: =$B6 -> 0 | C37: =IF($V$2=0,$C6,$J6) -> 0 | D37: =IF($V$2=0,$D6,$K6) -> 0 | E37: =IF($V$2=0,$E6,$L6) -> 0 | F37: =IF($V$2=0,$F6,$M6) -> 0 | I37: =$B12 -> 0 | J37: =IF($V$2=0,$C12,$J12) -> 0 | K37: =IF($V$2=0,$D12,$K12) -> 0 | L37: =IF($V$2=0,$E12,$L12) -> 0 | M37: =IF($V$2=0,$F12,$M12) -> 0
B38: =$B7 -> 0 | C38: =IF($V$2=0,$C7,$J7) -> 0 | D38: =IF($V$2=0,$D7,$K7) -> 0 | E38: =IF($V$2=0,$E7,$L7) -> 0 | F38: =IF($V$2=0,$F7,$M7) -> 0 | I38: =$B13 -> 0 | J38: =IF($V$2=0,$C13,$J13) -> 0 | K38: =IF($V$2=0,$D13,$K13) -> 0 | L38: =IF($V$2=0,$E13,$L13) -> 0 | M38: =IF($V$2=0,$F13,$M13) -> 0
B39: =$B8 -> 0 | C39: =IF($V$2=0,$C8,$J8) -> 0 | D39: =IF($V$2=0,$D8,$K8) -> 0 | E39: =IF($V$2=0,$E8,$L8) -> 0 | F39: =IF($V$2=0,$F8,$M8) -> 0 | I39: =$B14 -> 0 | J39: =IF($V$2=0,$C14,$J14) -> 0 | K39: =IF($V$2=0,$D14,$K14) -> 0 | L39: =IF($V$2=0,$E14,$L14) -> 0 | M39: =IF($V$2=0,$F14,$M14) -> 0
B40: =$B9 -> 0 | C40: =IF($V$2=0,$C9,$J9) -> 0 | D40: =IF($V$2=0,$D9,$K9) -> 0 | E40: =IF($V$2=0,$E9,$L9) -> 0 | F40: =IF($V$2=0,$F9,$M9) -> 0 | I40: =$B15 -> 0 | J40: =IF($V$2=0,$C15,$J15) -> 0 | K40: =IF($V$2=0,$D15,$K15) -> 0 | L40: =IF($V$2=0,$E15,$L15) -> 0 | M40: =IF($V$2=0,$F15,$M15) -> 0
C41: =SUM(C35:C40) -> 0 | D41: =SUM(D35:D40) -> 0 | E41: =SUM(E35:E40) -> 0 | F41: =SUM(F35:F40) -> 0 | J41: =SUM(J35:J40) -> 0 | K41: =SUM(K35:K40) -> 0 | L41: =SUM(L35:L40) -> 0 | M41: =SUM(M35:M40) -> 0
B43: =$B16 -> 0 | C43: =IF($V$2=0,$C16,$J16) -> 0 | D43: =IF($V$2=0,$D16,$K16) -> 0 | E43: =IF($V$2=0,$E16,$L16) -> 0 | F43: =IF($V$2=0,$F16,$M16) -> 0 | G43: =E49+D49+C49+F49 -> 0 | I43: =$B22 -> 0 | J43: =IF($V$2=0,$C22,$J22) -> 0 | K43: =IF($V$2=0,$D22,$K22) -> 0 | L43: =IF($V$2=0,$E22,$L22) -> 0 | M43: =IF($V$2=0,$F22,$M22) -> 0 | N43: =L49+K49+J49+M49 -> 0
B44: =$B17 -> 0 | C44: =IF($V$2=0,$C17,$J17) -> 0 | D44: =IF($V$2=0,$D17,$K17) -> 0 | E44: =IF($V$2=0,$E17,$L17) -> 0 | F44: =IF($V$2=0,$F17,$M17) -> 0 | I44: =$B23 -> 0 | J44: =IF($V$2=0,$C23,$J23) -> 0 | K44: =IF($V$2=0,$D23,$K23) -> 0 | L44: =IF($V$2=0,$E23,$L23) -> 0 | M44: =IF($V$2=0,$F23,$M23) -> 0
B45: =$B18 -> 0 | C45: =IF($V$2=0,$C18,$J18) -> 0 | D45: =IF($V$2=0,$D18,$K18) -> 0 | E45: =IF($V$2=0,$E18,$L18) -> 0 | F45: =IF($V$2=0,$F18,$M18) -> 0 | I45: =$B24 -> 0 | J45: =IF($V$2=0,$C24,$J24) -> 0 | K45: =IF($V$2=0,$D24,$K24) -> 0 | L45: =IF($V$2=0,$E24,$L24) -> 0 | M45: =IF($V$2=0,$F24,$M24) -> 0
B46: =$B19 -> 0 | C46: =IF($V$2=0,$C19,$J19) -> 0 | D46: =IF($V$2=0,$D19,$K19) -> 0 | E46: =IF($V$2=0,$E19,$L19) -> 0 | F46: =IF($V$2=0,$F19,$M19) -> 0 | I46: =$B25 -> 0 | J46: =IF($V$2=0,$C25,$J25) -> 0 | K46: =IF($V$2=0,$D25,$K25) -> 0 | L46: =IF($V$2=0,$E25,$L25) -> 0 | M46: =IF($V$2=0,$F25,$M25) -> 0
B47: =$B20 -> 0 | C47: =IF($V$2=0,$C20,$J20) -> 0 | D47: =IF($V$2=0,$D20,$K20) -> 0 | E47: =IF($V$2=0,$E20,$L20) -> 0 | F47: =IF($V$2=0,$F20,$M20) -> 0 | I47: =$B26 -> 0 | J47: =IF($V$2=0,$C26,$J26) -> 0 | K47: =IF($V$2=0,$D26,$K26) -> 0 | L47: =IF($V$2=0,$E26,$L26) -> 0 | M47: =IF($V$2=0,$F26,$M26) -> 0
B48: =$B21 -> 0 | C48: =IF($V$2=0,$C21,$J21) -> 0 | D48: =IF($V$2=0,$D21,$K21) -> 0 | E48: =IF($V$2=0,$E21,$L21) -> 0 | F48: =IF($V$2=0,$F21,$M21) -> 0 | I48: =$B27 -> 0 | J48: =IF($V$2=0,$C27,$J27) -> 0 | K48: =IF($V$2=0,$D27,$K27) -> 0 | L48: =IF($V$2=0,$E27,$L27) -> 0 | M48: =IF($V$2=0,$F27,$M27) -> 0
C49: =SUM(C43:C48) -> 0 | D49: =SUM(D43:D48) -> 0 | E49: =SUM(E43:E48) -> 0 | F49: =SUM(F43:F48) -> 0 | J49: =SUM(J43:J48) -> 0 | K49: =SUM(K43:K48) -> 0 | L49: =SUM(L43:L48) -> 0 | M49: =SUM(M43:M48) -> 0
B51: =$B28 -> 0 | C51: =IF($V$2=0,$C28,$J28) -> 0 | D51: =IF($V$2=0,$D28,$K28) -> 0 | E51: =IF($V$2=0,$E28,$L28) -> 0 | F51: =IF($V$2=0,$F28,M28) -> 0 | G51: =E57+D57+C57+F57 -> 0
B52: =$B29 -> 0 | C52: =IF($V$2=0,$C29,$J29) -> 0 | D52: =IF($V$2=0,$D29,$K29) -> 0 | E52: =IF($V$2=0,$E29,$L29) -> 0 | F52: =IF($V$2=0,$F29,M29) -> 0
B53: =$B30 -> 0 | C53: =IF($V$2=0,$C30,$J30) -> 0 | D53: =IF($V$2=0,$D30,$K30) -> 0 | E53: =IF($V$2=0,$E30,$L30) -> 0 | F53: =IF($V$2=0,$F30,M30) -> 0
B54: =$B31 -> 0 | C54: =IF($V$2=0,$C31,$J31) -> 0 | D54: =IF($V$2=0,$D31,$K31) -> 0 | E54: =IF($V$2=0,$E31,$L31) -> 0 | F54: =IF($V$2=0,$F31,M31) -> 0
B55: =$B32 -> 0 | C55: =IF($V$2=0,$C32,$J32) -> 0 | D55: =IF($V$2=0,$D32,$K32) -> 0 | E55: =IF($V$2=0,$E32,$L32) -> 0 | F55: =IF($V$2=0,$F32,M32) -> 0
B56: =$B33 -> 0 | C56: =IF($V$2=0,$C33,$J33) -> 0 | D56: =IF($V$2=0,$D33,$K33) -> 0 | E56: =IF($V$2=0,$E33,$L33) -> 0 | F56: =IF($V$2=0,$F33,M33) -> 0
C57: =SUM(C51:C56) -> 0 | D57: =SUM(D51:D56) -> 0 | E57: =SUM(E51:E56) -> 0 | F57: =SUM(F51:F56) -> 0
A60: =A1 -> 2026 아르케 존 00회 정기 번개 점수
L61: 날짜 | N61: =N2 -> 46113
B62: 이 름 | C62: 1 G | D62: 2 G | E62: 3 G | F62: 4G | G62: 합 계 | H62: 에 버 | I62: 기본에버 | J62: 1 G | K62: 2 G | L62: 3 G | M62: 4G | N62: 합 계 | O62: 오 차
A63: 1 | B63: {=INDEX($B$4:$O$33,MATCH($A63,$W$4:$W$33,0),COLUMN(A$1))} -> 0 | C63: {=INDEX($B$4:$O$33,MATCH($A63,$W$4:$W$33,0),COLUMN(B$1))} -> 0 | D63: {=INDEX($B$4:$O$33,MATCH($A63,$W$4:$W$33,0),COLUMN(C$1))} -> 0 | E63: {=INDEX($B$4:$O$33,MATCH($A63,$W$4:$W$33,0),COLUMN(D$1))} -> 0 | F63: {=INDEX($B$4:$O$33,MATCH($A63,$W$4:$W$33,0),COLUMN(E$1))} -> 0 | G63: =SUM(C63:F63) -> 0 | H63: =G63/4 -> 0 | I63: =IF(B63="","",IFERROR(INDEX('회원명단 및 기준에버'!D:G,MATCH(B63,'회원명단 및 기준에버'!$C:$C,0),CHOOSE(INT((MONTH($N$2)-1)/3)+1,1,2,3,4)),"")) | J63: =IFERROR(C63+-I63,0) -> 0 | K63: =IFERROR(D63+-I63,0) -> 0 | L63: =IFERROR(E63+-I63,0) -> 0 | M63: =IFERROR(F63+-I63,0) -> 0 | N63: =SUM(J63:M63) -> 0 | O63: =IFERROR(H63+-I63,0) -> 0
A64: 2 | B64: {=INDEX($B$4:$O$33,MATCH($A64,$W$4:$W$33,0),COLUMN(A$1))} -> 0 | C64: {=INDEX($B$4:$O$33,MATCH($A64,$W$4:$W$33,0),COLUMN(B$1))} -> 0 | D64: {=INDEX($B$4:$O$33,MATCH($A64,$W$4:$W$33,0),COLUMN(C$1))} -> 0 | E64: {=INDEX($B$4:$O$33,MATCH($A64,$W$4:$W$33,0),COLUMN(D$1))} -> 0 | F64: {=INDEX($B$4:$O$33,MATCH($A64,$W$4:$W$33,0),COLUMN(E$1))} -> 0 | G64: =SUM(C64:F64) -> 0 | H64: =G64/4 -> 0 | I64: =IF(B64="","",IFERROR(INDEX('회원명단 및 기준에버'!D:G,MATCH(B64,'회원명단 및 기준에버'!$C:$C,0),CHOOSE(INT((MONTH($N$2)-1)/3)+1,1,2,3,4)),"")) | J64: =IFERROR(C64+-I64,0) -> 0 | K64: =IFERROR(D64+-I64,0) -> 0 | L64: =IFERROR(E64+-I64,0) -> 0 | M64: =IFERROR(F64+-I64,0) -> 0 | N64: =SUM(J64:M64) -> 0 | O64: =IFERROR(H64+-I64,0) -> 0
A65: 3 | B65: {=INDEX($B$4:$O$33,MATCH($A65,$W$4:$W$33,0),COLUMN(A$1))} -> 0 | C65: {=INDEX($B$4:$O$33,MATCH($A65,$W$4:$W$33,0),COLUMN(B$1))} -> 0 | D65: {=INDEX($B$4:$O$33,MATCH($A65,$W$4:$W$33,0),COLUMN(C$1))} -> 0 | E65: {=INDEX($B$4:$O$33,MATCH($A65,$W$4:$W$33,0),COLUMN(D$1))} -> 0 | F65: {=INDEX($B$4:$O$33,MATCH($A65,$W$4:$W$33,0),COLUMN(E$1))} -> 0 | G65: =SUM(C65:F65) -> 0 | H65: =G65/4 -> 0 | I65: =IF(B65="","",IFERROR(INDEX('회원명단 및 기준에버'!D:G,MATCH(B65,'회원명단 및 기준에버'!$C:$C,0),CHOOSE(INT((MONTH($N$2)-1)/3)+1,1,2,3,4)),"")) | J65: =IFERROR(C65+-I65,0) -> 0 | K65: =IFERROR(D65+-I65,0) -> 0 | L65: =IFERROR(E65+-I65,0) -> 0 | M65: =IFERROR(F65+-I65,0) -> 0 | N65: =SUM(J65:M65) -> 0 | O65: =IFERROR(H65+-I65,0) -> 0
A66: 4 | B66: {=INDEX($B$4:$O$33,MATCH($A66,$W$4:$W$33,0),COLUMN(A$1))} -> 0 | C66: {=INDEX($B$4:$O$33,MATCH($A66,$W$4:$W$33,0),COLUMN(B$1))} -> 0 | D66: {=INDEX($B$4:$O$33,MATCH($A66,$W$4:$W$33,0),COLUMN(C$1))} -> 0 | E66: {=INDEX($B$4:$O$33,MATCH($A66,$W$4:$W$33,0),COLUMN(D$1))} -> 0 | F66: {=INDEX($B$4:$O$33,MATCH($A66,$W$4:$W$33,0),COLUMN(E$1))} -> 0 | G66: =SUM(C66:F66) -> 0 | H66: =G66/4 -> 0 | I66: =IF(B66="","",IFERROR(INDEX('회원명단 및 기준에버'!D:G,MATCH(B66,'회원명단 및 기준에버'!$C:$C,0),CHOOSE(INT((MONTH($N$2)-1)/3)+1,1,2,3,4)),"")) | J66: =IFERROR(C66+-I66,0) -> 0 | K66: =IFERROR(D66+-I66,0) -> 0 | L66: =IFERROR(E66+-I66,0) -> 0 | M66: =IFERROR(F66+-I66,0) -> 0 | N66: =SUM(J66:M66) -> 0 | O66: =IFERROR(H66+-I66,0) -> 0
A67: 5 | B67: {=INDEX($B$4:$O$33,MATCH($A67,$W$4:$W$33,0),COLUMN(A$1))} -> 0 | C67: {=INDEX($B$4:$O$33,MATCH($A67,$W$4:$W$33,0),COLUMN(B$1))} -> 0 | D67: {=INDEX($B$4:$O$33,MATCH($A67,$W$4:$W$33,0),COLUMN(C$1))} -> 0 | E67: {=INDEX($B$4:$O$33,MATCH($A67,$W$4:$W$33,0),COLUMN(D$1))} -> 0 | F67: {=INDEX($B$4:$O$33,MATCH($A67,$W$4:$W$33,0),COLUMN(E$1))} -> 0 | G67: =SUM(C67:F67) -> 0 | H67: =G67/4 -> 0 | I67: =IF(B67="","",IFERROR(INDEX('회원명단 및 기준에버'!D:G,MATCH(B67,'회원명단 및 기준에버'!$C:$C,0),CHOOSE(INT((MONTH($N$2)-1)/3)+1,1,2,3,4)),"")) | J67: =IFERROR(C67+-I67,0) -> 0 | K67: =IFERROR(D67+-I67,0) -> 0 | L67: =IFERROR(E67+-I67,0) -> 0 | M67: =IFERROR(F67+-I67,0) -> 0 | N67: =SUM(J67:M67) -> 0 | O67: =IFERROR(H67+-I67,0) -> 0
A68: 6 | B68: {=INDEX($B$4:$O$33,MATCH($A68,$W$4:$W$33,0),COLUMN(A$1))} -> 0 | C68: {=INDEX($B$4:$O$33,MATCH($A68,$W$4:$W$33,0),COLUMN(B$1))} -> 0 | D68: {=INDEX($B$4:$O$33,MATCH($A68,$W$4:$W$33,0),COLUMN(C$1))} -> 0 | E68: {=INDEX($B$4:$O$33,MATCH($A68,$W$4:$W$33,0),COLUMN(D$1))} -> 0 | F68: {=INDEX($B$4:$O$33,MATCH($A68,$W$4:$W$33,0),COLUMN(E$1))} -> 0 | G68: =SUM(C68:F68) -> 0 | H68: =G68/4 -> 0 | I68: =IF(B68="","",IFERROR(INDEX('회원명단 및 기준에버'!D:G,MATCH(B68,'회원명단 및 기준에버'!$C:$C,0),CHOOSE(INT((MONTH($N$2)-1)/3)+1,1,2,3,4)),"")) | J68: =IFERROR(C68+-I68,0) -> 0 | K68: =IFERROR(D68+-I68,0) -> 0 | L68: =IFERROR(E68+-I68,0) -> 0 | M68: =IFERROR(F68+-I68,0) -> 0 | N68: =SUM(J68:M68) -> 0 | O68: =IFERROR(H68+-I68,0) -> 0
A69: 7 | B69: {=INDEX($B$4:$O$33,MATCH($A69,$W$4:$W$33,0),COLUMN(A$1))} -> 0 | C69: {=INDEX($B$4:$O$33,MATCH($A69,$W$4:$W$33,0),COLUMN(B$1))} -> 0 | D69: {=INDEX($B$4:$O$33,MATCH($A69,$W$4:$W$33,0),COLUMN(C$1))} -> 0 | E69: {=INDEX($B$4:$O$33,MATCH($A69,$W$4:$W$33,0),COLUMN(D$1))} -> 0 | F69: {=INDEX($B$4:$O$33,MATCH($A69,$W$4:$W$33,0),COLUMN(E$1))} -> 0 | G69: =SUM(C69:F69) -> 0 | H69: =G69/4 -> 0 | I69: =IF(B69="","",IFERROR(INDEX('회원명단 및 기준에버'!D:G,MATCH(B69,'회원명단 및 기준에버'!$C:$C,0),CHOOSE(INT((MONTH($N$2)-1)/3)+1,1,2,3,4)),"")) | J69: =IFERROR(C69+-I69,0) -> 0 | K69: =IFERROR(D69+-I69,0) -> 0 | L69: =IFERROR(E69+-I69,0) -> 0 | M69: =IFERROR(F69+-I69,0) -> 0 | N69: =SUM(J69:M69) -> 0 | O69: =IFERROR(H69+-I69,0) -> 0
A70: 8 | B70: {=INDEX($B$4:$O$33,MATCH($A70,$W$4:$W$33,0),COLUMN(A$1))} -> 0 | C70: {=INDEX($B$4:$O$33,MATCH($A70,$W$4:$W$33,0),COLUMN(B$1))} -> 0 | D70: {=INDEX($B$4:$O$33,MATCH($A70,$W$4:$W$33,0),COLUMN(C$1))} -> 0 | E70: {=INDEX($B$4:$O$33,MATCH($A70,$W$4:$W$33,0),COLUMN(D$1))} -> 0 | F70: {=INDEX($B$4:$O$33,MATCH($A70,$W$4:$W$33,0),COLUMN(E$1))} -> 0 | G70: =SUM(C70:F70) -> 0 | H70: =G70/4 -> 0 | I70: =IF(B70="","",IFERROR(INDEX('회원명단 및 기준에버'!D:G,MATCH(B70,'회원명단 및 기준에버'!$C:$C,0),CHOOSE(INT((MONTH($N$2)-1)/3)+1,1,2,3,4)),"")) | J70: =IFERROR(C70+-I70,0) -> 0 | K70: =IFERROR(D70+-I70,0) -> 0 | L70: =IFERROR(E70+-I70,0) -> 0 | M70: =IFERROR(F70+-I70,0) -> 0 | N70: =SUM(J70:M70) -> 0 | O70: =IFERROR(H70+-I70,0) -> 0
A71: 9 | B71: {=INDEX($B$4:$O$33,MATCH($A71,$W$4:$W$33,0),COLUMN(A$1))} -> 0 | C71: {=INDEX($B$4:$O$33,MATCH($A71,$W$4:$W$33,0),COLUMN(B$1))} -> 0 | D71: {=INDEX($B$4:$O$33,MATCH($A71,$W$4:$W$33,0),COLUMN(C$1))} -> 0 | E71: {=INDEX($B$4:$O$33,MATCH($A71,$W$4:$W$33,0),COLUMN(D$1))} -> 0 | F71: {=INDEX($B$4:$O$33,MATCH($A71,$W$4:$W$33,0),COLUMN(E$1))} -> 0 | G71: =SUM(C71:F71) -> 0 | H71: =G71/4 -> 0 | I71: =IF(B71="","",IFERROR(INDEX('회원명단 및 기준에버'!D:G,MATCH(B71,'회원명단 및 기준에버'!$C:$C,0),CHOOSE(INT((MONTH($N$2)-1)/3)+1,1,2,3,4)),"")) | J71: =IFERROR(C71+-I71,0) -> 0 | K71: =IFERROR(D71+-I71,0) -> 0 | L71: =IFERROR(E71+-I71,0) -> 0 | M71: =IFERROR(F71+-I71,0) -> 0 | N71: =SUM(J71:M71) -> 0 | O71: =IFERROR(H71+-I71,0) -> 0
A72: 10 | B72: {=INDEX($B$4:$O$33,MATCH($A72,$W$4:$W$33,0),COLUMN(A$1))} -> 0 | C72: {=INDEX($B$4:$O$33,MATCH($A72,$W$4:$W$33,0),COLUMN(B$1))} -> 0 | D72: {=INDEX($B$4:$O$33,MATCH($A72,$W$4:$W$33,0),COLUMN(C$1))} -> 0 | E72: {=INDEX($B$4:$O$33,MATCH($A72,$W$4:$W$33,0),COLUMN(D$1))} -> 0 | F72: {=INDEX($B$4:$O$33,MATCH($A72,$W$4:$W$33,0),COLUMN(E$1))} -> 0 | G72: =SUM(C72:F72) -> 0 | H72: =G72/4 -> 0 | I72: =IF(B72="","",IFERROR(INDEX('회원명단 및 기준에버'!D:G,MATCH(B72,'회원명단 및 기준에버'!$C:$C,0),CHOOSE(INT((MONTH($N$2)-1)/3)+1,1,2,3,4)),"")) | J72: =IFERROR(C72+-I72,0) -> 0 | K72: =IFERROR(D72+-I72,0) -> 0 | L72: =IFERROR(E72+-I72,0) -> 0 | M72: =IFERROR(F72+-I72,0) -> 0 | N72: =SUM(J72:M72) -> 0 | O72: =IFERROR(H72+-I72,0) -> 0
A73: 11 | B73: {=INDEX($B$4:$O$33,MATCH($A73,$W$4:$W$33,0),COLUMN(A$1))} -> 0 | C73: {=INDEX($B$4:$O$33,MATCH($A73,$W$4:$W$33,0),COLUMN(B$1))} -> 0 | D73: {=INDEX($B$4:$O$33,MATCH($A73,$W$4:$W$33,0),COLUMN(C$1))} -> 0 | E73: {=INDEX($B$4:$O$33,MATCH($A73,$W$4:$W$33,0),COLUMN(D$1))} -> 0 | F73: {=INDEX($B$4:$O$33,MATCH($A73,$W$4:$W$33,0),COLUMN(E$1))} -> 0 | G73: =SUM(C73:F73) -> 0 | H73: =G73/4 -> 0 | I73: =IF(B73="","",IFERROR(INDEX('회원명단 및 기준에버'!D:G,MATCH(B73,'회원명단 및 기준에버'!$C:$C,0),CHOOSE(INT((MONTH($N$2)-1)/3)+1,1,2,3,4)),"")) | J73: =IFERROR(C73+-I73,0) -> 0 | K73: =IFERROR(D73+-I73,0) -> 0 | L73: =IFERROR(E73+-I73,0) -> 0 | M73: =IFERROR(F73+-I73,0) -> 0 | N73: =SUM(J73:M73) -> 0 | O73: =IFERROR(H73+-I73,0) -> 0
A74: 12 | B74: {=INDEX($B$4:$O$33,MATCH($A74,$W$4:$W$33,0),COLUMN(A$1))} -> 0 | C74: {=INDEX($B$4:$O$33,MATCH($A74,$W$4:$W$33,0),COLUMN(B$1))} -> 0 | D74: {=INDEX($B$4:$O$33,MATCH($A74,$W$4:$W$33,0),COLUMN(C$1))} -> 0 | E74: {=INDEX($B$4:$O$33,MATCH($A74,$W$4:$W$33,0),COLUMN(D$1))} -> 0 | F74: {=INDEX($B$4:$O$33,MATCH($A74,$W$4:$W$33,0),COLUMN(E$1))} -> 0 | G74: =SUM(C74:F74) -> 0 | H74: =G74/4 -> 0 | I74: =IF(B74="","",IFERROR(INDEX('회원명단 및 기준에버'!D:G,MATCH(B74,'회원명단 및 기준에버'!$C:$C,0),CHOOSE(INT((MONTH($N$2)-1)/3)+1,1,2,3,4)),"")) | J74: =IFERROR(C74+-I74,0) -> 0 | K74: =IFERROR(D74+-I74,0) -> 0 | L74: =IFERROR(E74+-I74,0) -> 0 | M74: =IFERROR(F74+-I74,0) -> 0 | N74: =SUM(J74:M74) -> 0 | O74: =IFERROR(H74+-I74,0) -> 0
... A92: 30 | B92: {=INDEX($B$4:$O$33,MATCH($A92,$W$4:$W$33,0),COLUMN(A$1))} -> 0 | C92: {=INDEX($B$4:$O$33,MATCH($A92,$W$4:$W$33,0),COLUMN(B$1))} -> 0 | D92: {=INDEX($B$4:$O$33,MATCH($A92,$W$4:$W$33,0),COLUMN(C$1))} -> 0 | E92: {=INDEX($B$4:$O$33,MATCH($A92,$W$4:$W$33,0),COLUMN(D$1))} -> 0 | F92: {=INDEX($B$4:$O$33,MATCH($A92,$W$4:$W$33,0),COLUMN(E$1))} -> 0 | G92: =SUM(C92:F92) -> 0 | H92: =G92/4 -> 0 | I92: =IF(B92="","",IFERROR(INDEX('회원명단 및 기준에버'!D:G,MATCH(B92,'회원명단 및 기준에버'!$C:$C,0),CHOOSE(INT((MONTH($N$2)-1)/3)+1,1,2,3,4)),"")) | J92: =IFERROR(C92+-I92,0) -> 0 | K92: =IFERROR(D92+-I92,0) -> 0 | L92: =IFERROR(E92+-I92,0) -> 0 | M92: =IFERROR(F92+-I92,0) -> 0 | N92: =SUM(J92:M92) -> 0 | O92: =IFERROR(H92+-I92,0) -> 0
B93: 팀 전
B94: =IF(B35="","",B35) -> 0 | C94: =IF(C35="","",C35) -> 0 | D94: =IF(D35="","",D35) -> 0 | E94: =IF(E35="","",E35) -> 0 | F94: =IF(F35="","",F35) -> 0 | G94: =IF(G35="","",G35) -> 0 | I94: =IF(I35="","",I35) -> 0 | J94: =IF(J35="","",J35) -> 0 | K94: =IF(K35="","",K35) -> 0 | L94: =IF(L35="","",L35) -> 0 | M94: =IF(M35="","",M35) -> 0 | N94: =IF(N35="","",N35) -> 0
B95: =IF(B36="","",B36) -> 0 | C95: =IF(C36="","",C36) -> 0 | D95: =IF(D36="","",D36) -> 0 | E95: =IF(E36="","",E36) -> 0 | F95: =IF(F36="","",F36) -> 0 | G95: =IF(G36="","",G36) | I95: =IF(I36="","",I36) -> 0 | J95: =IF(J36="","",J36) -> 0 | K95: =IF(K36="","",K36) -> 0 | L95: =IF(L36="","",L36) -> 0 | M95: =IF(M36="","",M36) -> 0 | N95: =IF(N36="","",N36)
B96: =IF(B37="","",B37) -> 0 | C96: =IF(C37="","",C37) -> 0 | D96: =IF(D37="","",D37) -> 0 | E96: =IF(E37="","",E37) -> 0 | F96: =IF(F37="","",F37) -> 0 | G96: =IF(G37="","",G37) | I96: =IF(I37="","",I37) -> 0 | J96: =IF(J37="","",J37) -> 0 | K96: =IF(K37="","",K37) -> 0 | L96: =IF(L37="","",L37) -> 0 | M96: =IF(M37="","",M37) -> 0 | N96: =IF(N37="","",N37)
B97: =IF(B38="","",B38) -> 0 | C97: =IF(C38="","",C38) -> 0 | D97: =IF(D38="","",D38) -> 0 | E97: =IF(E38="","",E38) -> 0 | F97: =IF(F38="","",F38) -> 0 | G97: =IF(G38="","",G38) | I97: =IF(I38="","",I38) -> 0 | J97: =IF(J38="","",J38) -> 0 | K97: =IF(K38="","",K38) -> 0 | L97: =IF(L38="","",L38) -> 0 | M97: =IF(M38="","",M38) -> 0 | N97: =IF(N38="","",N38)
B98: =IF(B39="","",B39) -> 0 | C98: =IF(C39="","",C39) -> 0 | D98: =IF(D39="","",D39) -> 0 | E98: =IF(E39="","",E39) -> 0 | F98: =IF(F39="","",F39) -> 0 | G98: =IF(G39="","",G39) | I98: =IF(I39="","",I39) -> 0 | J98: =IF(J39="","",J39) -> 0 | K98: =IF(K39="","",K39) -> 0 | L98: =IF(L39="","",L39) -> 0 | M98: =IF(M39="","",M39) -> 0 | N98: =IF(N39="","",N39)
B99: =IF(B40="","",B40) -> 0 | C99: =IF(C40="","",C40) -> 0 | D99: =IF(D40="","",D40) -> 0 | E99: =IF(E40="","",E40) -> 0 | F99: =IF(F40="","",F40) -> 0 | G99: =IF(G40="","",G40) | I99: =IF(I40="","",I40) -> 0 | J99: =IF(J40="","",J40) -> 0 | K99: =IF(K40="","",K40) -> 0 | L99: =IF(L40="","",L40) -> 0 | M99: =IF(M40="","",M40) -> 0 | N99: =IF(N40="","",N40)
B100: =IF(B41="","",B41) | C100: =IF(C41="","",C41) -> 0 | D100: =IF(D41="","",D41) -> 0 | E100: =IF(E41="","",E41) -> 0 | F100: =IF(F41="","",F41) -> 0 | G100: =IF(G41="","",G41) | I100: =IF(I41="","",I41) | J100: =IF(J41="","",J41) -> 0 | K100: =IF(K41="","",K41) -> 0 | L100: =IF(L41="","",L41) -> 0 | M100: =IF(M41="","",M41) -> 0 | N100: =IF(N41="","",N41)
B102: =IF(B43="","",B43) -> 0 | C102: =IF(C43="","",C43) -> 0 | D102: =IF(D43="","",D43) -> 0 | E102: =IF(E43="","",E43) -> 0 | F102: =IF(F43="","",F43) -> 0 | G102: =IF(G43="","",G43) -> 0 | H102: =IF(H43="","",H43) | I102: =IF(I43="","",I43) -> 0 | ... O102: =IF(O43="","",O43)
B103: =IF(B44="","",B44) -> 0 | C103: =IF(C44="","",C44) -> 0 | D103: =IF(D44="","",D44) -> 0 | E103: =IF(E44="","",E44) -> 0 | F103: =IF(F44="","",F44) -> 0 | G103: =IF(G44="","",G44) | H103: =IF(H44="","",H44) | I103: =IF(I44="","",I44) -> 0 | ... O103: =IF(O44="","",O44)
B104: =IF(B45="","",B45) -> 0 | C104: =IF(C45="","",C45) -> 0 | D104: =IF(D45="","",D45) -> 0 | E104: =IF(E45="","",E45) -> 0 | F104: =IF(F45="","",F45) -> 0 | G104: =IF(G45="","",G45) | H104: =IF(H45="","",H45) | I104: =IF(I45="","",I45) -> 0 | ... O104: =IF(O45="","",O45)
B105: =IF(B46="","",B46) -> 0 | C105: =IF(C46="","",C46) -> 0 | D105: =IF(D46="","",D46) -> 0 | E105: =IF(E46="","",E46) -> 0 | F105: =IF(F46="","",F46) -> 0 | G105: =IF(G46="","",G46) | H105: =IF(H46="","",H46) | I105: =IF(I46="","",I46) -> 0 | ... O105: =IF(O46="","",O46)
B106: =IF(B47="","",B47) -> 0 | C106: =IF(C47="","",C47) -> 0 | D106: =IF(D47="","",D47) -> 0 | E106: =IF(E47="","",E47) -> 0 | F106: =IF(F47="","",F47) -> 0 | G106: =IF(G47="","",G47) | H106: =IF(H47="","",H47) | I106: =IF(I47="","",I47) -> 0 | ... O106: =IF(O47="","",O47)
B107: =IF(B48="","",B48) -> 0 | C107: =IF(C48="","",C48) -> 0 | D107: =IF(D48="","",D48) -> 0 | E107: =IF(E48="","",E48) -> 0 | F107: =IF(F48="","",F48) -> 0 | G107: =IF(G48="","",G48) | H107: =IF(H48="","",H48) | I107: =IF(I48="","",I48) -> 0 | ... O107: =IF(O48="","",O48)
B108: =IF(B49="","",B49) | C108: =IF(C49="","",C49) -> 0 | D108: =IF(D49="","",D49) -> 0 | E108: =IF(E49="","",E49) -> 0 | F108: =IF(F49="","",F49) -> 0 | G108: =IF(G49="","",G49) | H108: =IF(H49="","",H49) | I108: =IF(I49="","",I49) | ... O108: =IF(O49="","",O49)
B110: =IF(B51="","",B51) -> 0 | C110: =IF(C51="","",C51) -> 0 | D110: =IF(D51="","",D51) -> 0 | E110: =IF(E51="","",E51) -> 0 | F110: =IF(F51="","",F51) -> 0 | G110: =IF(G51="","",G51) -> 0 | H110: =IF(H51="","",H51)
B111: =IF(B52="","",B52) -> 0 | C111: =IF(C52="","",C52) -> 0 | D111: =IF(D52="","",D52) -> 0 | E111: =IF(E52="","",E52) -> 0 | F111: =IF(F52="","",F52) -> 0 | G111: =IF(G52="","",G52) | H111: =IF(H52="","",H52)
B112: =IF(B53="","",B53) -> 0 | C112: =IF(C53="","",C53) -> 0 | D112: =IF(D53="","",D53) -> 0 | E112: =IF(E53="","",E53) -> 0 | F112: =IF(F53="","",F53) -> 0 | G112: =IF(G53="","",G53) | H112: =IF(H53="","",H53)
B113: =IF(B54="","",B54) -> 0 | C113: =IF(C54="","",C54) -> 0 | D113: =IF(D54="","",D54) -> 0 | E113: =IF(E54="","",E54) -> 0 | F113: =IF(F54="","",F54) -> 0 | G113: =IF(G54="","",G54) | H113: =IF(H54="","",H54)
B114: =IF(B55="","",B55) -> 0 | C114: =IF(C55="","",C55) -> 0 | D114: =IF(D55="","",D55) -> 0 | E114: =IF(E55="","",E55) -> 0 | F114: =IF(F55="","",F55) -> 0 | G114: =IF(G55="","",G55) | H114: =IF(H55="","",H55)
B115: =IF(B56="","",B56) -> 0 | C115: =IF(C56="","",C56) -> 0 | D115: =IF(D56="","",D56) -> 0 | E115: =IF(E56="","",E56) -> 0 | F115: =IF(F56="","",F56) -> 0 | G115: =IF(G56="","",G56) | H115: =IF(H56="","",H56)
B116: =IF(B57="","",B57) | C116: =IF(C57="","",C57) -> 0 | D116: =IF(D57="","",D57) -> 0 | E116: =IF(E57="","",E57) -> 0 | F116: =IF(F57="","",F57) -> 0 | G116: =IF(G57="","",G57) | H116: =IF(H57="","",H57)

Sheet 00회번개 5인팀
A1: 2026 아르케 존 00회 번개 모임 점수
L2: 날짜 | N2: 46113 | U2: 팀전에버기준 | V2: 0 | W2: 순위에버오차기준 | X2: 0
B3: 이 름 | C3: 1 G | D3: 2 G | E3: 3 G | F3: 4G | G3: 합 계 | H3: 에 버 | I3: 기본에버 | J3: 1 G | K3: 2 G | L3: 3 G | M3: 4G | N3: 합 계 | O3: 오 차 | U3: 수식입력부분 삭제하지마세요~
A4: 1 | G4: =F4+E4+D4+C4 -> 0 | H4: =G4/4 -> 0 | I4: =IF(B4="","",IFERROR(INDEX('회원명단 및 기준에버'!D:G,MATCH(B4,'회원명단 및 기준에버'!$C:$C,0),CHOOSE(INT((MONTH($N$2)-1)/3)+1,1,2,3,4)),"")) | J4: =IFERROR(C4+-I4,0) -> 0 | K4: =IFERROR(D4+-I4,0) -> 0 | L4: =IFERROR(E4+-I4,0) -> 0 | M4: =IFERROR(F4+-I4,0) -> 0 | N4: =SUM(J4:M4) -> 0 | O4: =IFERROR(H4+-I4,0) -> 0 | U4: =MAX(C4:F4)-MIN(C4:F4) -> 0 | V4: =IF($X$2=0,(G4*1000000+U4*1000+A4),(O4*1000000+U4*1000+A4)) -> 1 | W4: =_xlfn.RANK.EQ(V4,$V$4:$V$33,0) -> 30
A5: 2 | G5: =F5+E5+D5+C5 -> 0 | H5: =G5/4 -> 0 | I5: =IF(B5="","",IFERROR(INDEX('회원명단 및 기준에버'!D:G,MATCH(B5,'회원명단 및 기준에버'!$C:$C,0),CHOOSE(INT((MONTH($N$2)-1)/3)+1,1,2,3,4)),"")) | J5: =IFERROR(C5+-I5,0) -> 0 | K5: =IFERROR(D5+-I5,0) -> 0 | L5: =IFERROR(E5+-I5,0) -> 0 | M5: =IFERROR(F5+-I5,0) -> 0 | N5: =SUM(J5:M5) -> 0 | O5: =IFERROR(H5+-I5,0) -> 0 | U5: =MAX(C5:F5)-MIN(C5:F5) -> 0 | V5: =IF($X$2=0,(G5*1000000+U5*1000+A5),(O5*1000000+U5*1000+A5)) -> 2 | W5: =_xlfn.RANK.EQ(V5,$V$4:$V$33,0) -> 29
A6: 3 | G6: =F6+E6+D6+C6 -> 0 | H6: =G6/4 -> 0 | I6: =IF(B6="","",IFERROR(INDEX('회원명단 및 기준에버'!D:G,MATCH(B6,'회원명단 및 기준에버'!$C:$C,0),CHOOSE(INT((MONTH($N$2)-1)/3)+1,1,2,3,4)),"")) | J6: =IFERROR(C6+-I6,0) -> 0 | K6: =IFERROR(D6+-I6,0) -> 0 | L6: =IFERROR(E6+-I6,0) -> 0 | M6: =IFERROR(F6+-I6,0) -> 0 | N6: =SUM(J6:M6) -> 0 | O6: =IFERROR(H6+-I6,0) -> 0 | U6: =MAX(C6:F6)-MIN(C6:F6) -> 0 | V6: =IF($X$2=0,(G6*1000000+U6*1000+A6),(O6*1000000+U6*1000+A6)) -> 3 | W6: =_xlfn.RANK.EQ(V6,$V$4:$V$33,0) -> 28
A7: 4 | G7: =F7+E7+D7+C7 -> 0 | H7: =G7/4 -> 0 | I7: =IF(B7="","",IFERROR(INDEX('회원명단 및 기준에버'!D:G,MATCH(B7,'회원명단 및 기준에버'!$C:$C,0),CHOOSE(INT((MONTH($N$2)-1)/3)+1,1,2,3,4)),"")) | J7: =IFERROR(C7+-I7,0) -> 0 | K7: =IFERROR(D7+-I7,0) -> 0 | L7: =IFERROR(E7+-I7,0) -> 0 | M7: =IFERROR(F7+-I7,0) -> 0 | N7: =SUM(J7:M7) -> 0 | O7: =IFERROR(H7+-I7,0) -> 0 | U7: =MAX(C7:F7)-MIN(C7:F7) -> 0 | V7: =IF($X$2=0,(G7*1000000+U7*1000+A7),(O7*1000000+U7*1000+A7)) -> 4 | W7: =_xlfn.RANK.EQ(V7,$V$4:$V$33,0) -> 27
A8: 5 | G8: =F8+E8+D8+C8 -> 0 | H8: =G8/4 -> 0 | I8: =IF(B8="","",IFERROR(INDEX('회원명단 및 기준에버'!D:G,MATCH(B8,'회원명단 및 기준에버'!$C:$C,0),CHOOSE(INT((MONTH($N$2)-1)/3)+1,1,2,3,4)),"")) | J8: =IFERROR(C8+-I8,0) -> 0 | K8: =IFERROR(D8+-I8,0) -> 0 | L8: =IFERROR(E8+-I8,0) -> 0 | M8: =IFERROR(F8+-I8,0) -> 0 | N8: =SUM(J8:M8) -> 0 | O8: =IFERROR(H8+-I8,0) -> 0 | U8: =MAX(C8:F8)-MIN(C8:F8) -> 0 | V8: =IF($X$2=0,(G8*1000000+U8*1000+A8),(O8*1000000+U8*1000+A8)) -> 5 | W8: =_xlfn.RANK.EQ(V8,$V$4:$V$33,0) -> 26
A9: 6 | G9: =F9+E9+D9+C9 -> 0 | H9: =G9/4 -> 0 | I9: =IF(B9="","",IFERROR(INDEX('회원명단 및 기준에버'!D:G,MATCH(B9,'회원명단 및 기준에버'!$C:$C,0),CHOOSE(INT((MONTH($N$2)-1)/3)+1,1,2,3,4)),"")) | J9: =IFERROR(C9+-I9,0) -> 0 | K9: =IFERROR(D9+-I9,0) -> 0 | L9: =IFERROR(E9+-I9,0) -> 0 | M9: =IFERROR(F9+-I9,0) -> 0 | N9: =SUM(J9:M9) -> 0 | O9: =IFERROR(H9+-I9,0) -> 0 | U9: =MAX(C9:F9)-MIN(C9:F9) -> 0 | V9: =IF($X$2=0,(G9*1000000+U9*1000+A9),(O9*1000000+U9*1000+A9)) -> 6 | W9: =_xlfn.RANK.EQ(V9,$V$4:$V$33,0) -> 25
A10: 7 | G10: =F10+E10+D10+C10 -> 0 | H10: =G10/4 -> 0 | I10: =IF(B10="","",IFERROR(INDEX('회원명단 및 기준에버'!D:G,MATCH(B10,'회원명단 및 기준에버'!$C:$C,0),CHOOSE(INT((MONTH($N$2)-1)/3)+1,1,2,3,4)),"")) | J10: =IFERROR(C10+-I10,0) -> 0 | K10: =IFERROR(D10+-I10,0) -> 0 | L10: =IFERROR(E10+-I10,0) -> 0 | M10: =IFERROR(F10+-I10,0) -> 0 | N10: =SUM(J10:M10) -> 0 | O10: =IFERROR(H10+-I10,0) -> 0 | U10: =MAX(C10:F10)-MIN(C10:F10) -> 0 | V10: =IF($X$2=0,(G10*1000000+U10*1000+A10),(O10*1000000+U10*1000+A10)) -> 7 | W10: =_xlfn.RANK.EQ(V10,$V$4:$V$33,0) -> 24
A11: 8 | G11: =F11+E11+D11+C11 -> 0 | H11: =G11/4 -> 0 | I11: =IF(B11="","",IFERROR(INDEX('회원명단 및 기준에버'!D:G,MATCH(B11,'회원명단 및 기준에버'!$C:$C,0),CHOOSE(INT((MONTH($N$2)-1)/3)+1,1,2,3,4)),"")) | J11: =IFERROR(C11+-I11,0) -> 0 | K11: =IFERROR(D11+-I11,0) -> 0 | L11: =IFERROR(E11+-I11,0) -> 0 | M11: =IFERROR(F11+-I11,0) -> 0 | N11: =SUM(J11:M11) -> 0 | O11: =IFERROR(H11+-I11,0) -> 0 | U11: =MAX(C11:F11)-MIN(C11:F11) -> 0 | V11: =IF($X$2=0,(G11*1000000+U11*1000+A11),(O11*1000000+U11*1000+A11)) -> 8 | W11: =_xlfn.RANK.EQ(V11,$V$4:$V$33,0) -> 23
A12: 9 | G12: =F12+E12+D12+C12 -> 0 | H12: =G12/4 -> 0 | I12: =IF(B12="","",IFERROR(INDEX('회원명단 및 기준에버'!D:G,MATCH(B12,'회원명단 및 기준에버'!$C:$C,0),CHOOSE(INT((MONTH($N$2)-1)/3)+1,1,2,3,4)),"")) | J12: =IFERROR(C12+-I12,0) -> 0 | K12: =IFERROR(D12+-I12,0) -> 0 | L12: =IFERROR(E12+-I12,0) -> 0 | M12: =IFERROR(F12+-I12,0) -> 0 | N12: =SUM(J12:M12) -> 0 | O12: =IFERROR(H12+-I12,0) -> 0 | U12: =MAX(C12:F12)-MIN(C12:F12) -> 0 | V12: =IF($X$2=0,(G12*1000000+U12*1000+A12),(O12*1000000+U12*1000+A12)) -> 9 | W12: =_xlfn.RANK.EQ(V12,$V$4:$V$33,0) -> 22
A13: 10 | G13: =F13+E13+D13+C13 -> 0 | H13: =G13/4 -> 0 | I13: =IF(B13="","",IFERROR(INDEX('회원명단 및 기준에버'!D:G,MATCH(B13,'회원명단 및 기준에버'!$C:$C,0),CHOOSE(INT((MONTH($N$2)-1)/3)+1,1,2,3,4)),"")) | J13: =IFERROR(C13+-I13,0) -> 0 | K13: =IFERROR(D13+-I13,0) -> 0 | L13: =IFERROR(E13+-I13,0) -> 0 | M13: =IFERROR(F13+-I13,0) -> 0 | N13: =SUM(J13:M13) -> 0 | O13: =IFERROR(H13+-I13,0) -> 0 | U13: =MAX(C13:F13)-MIN(C13:F13) -> 0 | V13: =IF($X$2=0,(G13*1000000+U13*1000+A13),(O13*1000000+U13*1000+A13)) -> 10 | W13: =_xlfn.RANK.EQ(V13,$V$4:$V$33,0) -> 21
A14: 11 | G14: =F14+E14+D14+C14 -> 0 | H14: =G14/4 -> 0 | I14: =IF(B14="","",IFERROR(INDEX('회원명단 및 기준에버'!D:G,MATCH(B14,'회원명단 및 기준에버'!$C:$C,0),CHOOSE(INT((MONTH($N$2)-1)/3)+1,1,2,3,4)),"")) | J14: =IFERROR(C14+-I14,0) -> 0 | K14: =IFERROR(D14+-I14,0) -> 0 | L14: =IFERROR(E14+-I14,0) -> 0 | M14: =IFERROR(F14+-I14,0) -> 0 | N14: =SUM(J14:M14) -> 0 | O14: =IFERROR(H14+-I14,0) -> 0 | U14: =MAX(C14:F14)-MIN(C14:F14) -> 0 | V14: =IF($X$2=0,(G14*1000000+U14*1000+A14),(O14*1000000+U14*1000+A14)) -> 11 | W14: =_xlfn.RANK.EQ(V14,$V$4:$V$33,0) -> 20
A15: 12 | G15: =F15+E15+D15+C15 -> 0 | H15: =G15/4 -> 0 | I15: =IF(B15="","",IFERROR(INDEX('회원명단 및 기준에버'!D:G,MATCH(B15,'회원명단 및 기준에버'!$C:$C,0),CHOOSE(INT((MONTH($N$2)-1)/3)+1,1,2,3,4)),"")) | J15: =IFERROR(C15+-I15,0) -> 0 | K15: =IFERROR(D15+-I15,0) -> 0 | L15: =IFERROR(E15+-I15,0) -> 0 | M15: =IFERROR(F15+-I15,0) -> 0 | N15: =SUM(J15:M15) -> 0 | O15: =IFERROR(H15+-I15,0) -> 0 | U15: =MAX(C15:F15)-MIN(C15:F15) -> 0 | V15: =IF($X$2=0,(G15*1000000+U15*1000+A15),(O15*1000000+U15*1000+A15)) -> 12 | W15: =_xlfn.RANK.EQ(V15,$V$4:$V$33,0) -> 19
... A33: 30 | G33: =F33+E33+D33+C33 -> 0 | H33: =G33/4 -> 0 | I33: =IF(B33="","",IFERROR(INDEX('회원명단 및 기준에버'!D:G,MATCH(B33,'회원명단 및 기준에버'!$C:$C,0),CHOOSE(INT((MONTH($N$2)-1)/3)+1,1,2,3,4)),"")) | J33: =IFERROR(C33+-I33,0) -> 0 | K33: =IFERROR(D33+-I33,0) -> 0 | L33: =IFERROR(E33+-I33,0) -> 0 | M33: =IFERROR(F33+-I33,0) -> 0 | N33: =SUM(J33:M33) -> 0 | O33: =IFERROR(H33+-I33,0) -> 0 | U33: =MAX(C33:F33)-MIN(C33:F33) -> 0 | V33: =IF($X$2=0,(G33*1000000+U33*1000+A33),(O33*1000000+U33*1000+A33)) -> 30 | W33: =_xlfn.RANK.EQ(V33,$V$4:$V$33,0) -> 1
B34: 팀 전
B35: =$B4 -> 0 | C35: =IF($V$2=0,$C4,$J4) -> 0 | D35: =IF($V$2=0,$D4,$K4) -> 0 | E35: =IF($V$2=0,$E4,$L4) -> 0 | F35: =IF($V$2=0,$F4,$M4) -> 0 | G35: =E40+D40+C40+F40 -> 0 | I35: =$B9 -> 0 | J35: =IF($V$2=0,$C9,$J9) -> 0 | K35: =IF($V$2=0,$D9,$K9) -> 0 | L35: =IF($V$2=0,$E9,$L9) -> 0 | M35: =IF($V$2=0,$F9,$M9) -> 0 | N35: =L40+K40+J40+M40 -> 0
B36: =$B5 -> 0 | C36: =IF($V$2=0,$C5,$J5) -> 0 | D36: =IF($V$2=0,$D5,$K5) -> 0 | E36: =IF($V$2=0,$E5,$L5) -> 0 | F36: =IF($V$2=0,$F5,$M5) -> 0 | I36: =$B10 -> 0 | J36: =IF($V$2=0,$C10,$J10) -> 0 | K36: =IF($V$2=0,$D10,$K10) -> 0 | L36: =IF($V$2=0,$E10,$L10) -> 0 | M36: =IF($V$2=0,$F10,$M10) -> 0
B37: =$B6 -> 0 | C37: =IF($V$2=0,$C6,$J6) -> 0 | D37: =IF($V$2=0,$D6,$K6) -> 0 | E37: =IF($V$2=0,$E6,$L6) -> 0 | F37: =IF($V$2=0,$F6,$M6) -> 0 | I37: =$B11 -> 0 | J37: =IF($V$2=0,$C11,$J11) -> 0 | K37: =IF($V$2=0,$D11,$K11) -> 0 | L37: =IF($V$2=0,$E11,$L11) -> 0 | M37: =IF($V$2=0,$F11,$M11) -> 0
B38: =$B7 -> 0 | C38: =IF($V$2=0,$C7,$J7) -> 0 | D38: =IF($V$2=0,$D7,$K7) -> 0 | E38: =IF($V$2=0,$E7,$L7) -> 0 | F38: =IF($V$2=0,$F7,$M7) -> 0 | I38: =$B12 -> 0 | J38: =IF($V$2=0,$C12,$J12) -> 0 | K38: =IF($V$2=0,$D12,$K12) -> 0 | L38: =IF($V$2=0,$E12,$L12) -> 0 | M38: =IF($V$2=0,$F12,$M12) -> 0
B39: =$B8 -> 0 | C39: =IF($V$2=0,$C8,$J8) -> 0 | D39: =IF($V$2=0,$D8,$K8) -> 0 | E39: =IF($V$2=0,$E8,$L8) -> 0 | F39: =IF($V$2=0,$F8,$M8) -> 0 | I39: =$B13 -> 0 | J39: =IF($V$2=0,$C13,$J13) -> 0 | K39: =IF($V$2=0,$D13,$K13) -> 0 | L39: =IF($V$2=0,$E13,$L13) -> 0 | M39: =IF($V$2=0,$F13,$M13) -> 0
C40: =SUM(C35:C39) -> 0 | D40: =SUM(D35:D39) -> 0 | E40: =SUM(E35:E39) -> 0 | F40: =SUM(F35:F39) -> 0 | J40: =SUM(J35:J39) -> 0 | K40: =SUM(K35:K39) -> 0 | L40: =SUM(L35:L39) -> 0 | M40: =SUM(M35:M39) -> 0
B42: =$B14 -> 0 | C42: =IF($V$2=0,$C14,$J14) -> 0 | D42: =IF($V$2=0,$D14,$K14) -> 0 | E42: =IF($V$2=0,$E14,$L14) -> 0 | F42: =IF($V$2=0,$F14,$M14) -> 0 | G42: =E47+D47+C47+F47 -> 0 | I42: =$B19 -> 0 | J42: =IF($V$2=0,$C19,$J19) -> 0 | K42: =IF($V$2=0,$D19,$K19) -> 0 | L42: =IF($V$2=0,$E19,$L19) -> 0 | M42: =IF($V$2=0,$F19,$M19) -> 0 | N42: =L47+K47+J47+M47 -> 0
B43: =$B15 -> 0 | C43: =IF($V$2=0,$C15,$J15) -> 0 | D43: =IF($V$2=0,$D15,$K15) -> 0 | E43: =IF($V$2=0,$E15,$L15) -> 0 | F43: =IF($V$2=0,$F15,$M15) -> 0 | I43: =$B20 -> 0 | J43: =IF($V$2=0,$C20,$J20) -> 0 | K43: =IF($V$2=0,$D20,$K20) -> 0 | L43: =IF($V$2=0,$E20,$L20) -> 0 | M43: =IF($V$2=0,$F20,$M20) -> 0
B44: =$B16 -> 0 | C44: =IF($V$2=0,$C16,$J16) -> 0 | D44: =IF($V$2=0,$D16,$K16) -> 0 | E44: =IF($V$2=0,$E16,$L16) -> 0 | F44: =IF($V$2=0,$F16,$M16) -> 0 | I44: =$B21 -> 0 | J44: =IF($V$2=0,$C21,$J21) -> 0 | K44: =IF($V$2=0,$D21,$K21) -> 0 | L44: =IF($V$2=0,$E21,$L21) -> 0 | M44: =IF($V$2=0,$F21,$M21) -> 0
B45: =$B17 -> 0 | C45: =IF($V$2=0,$C17,$J17) -> 0 | D45: =IF($V$2=0,$D17,$K17) -> 0 | E45: =IF($V$2=0,$E17,$L17) -> 0 | F45: =IF($V$2=0,$F17,$M17) -> 0 | I45: =$B22 -> 0 | J45: =IF($V$2=0,$C22,$J22) -> 0 | K45: =IF($V$2=0,$D22,$K22) -> 0 | L45: =IF($V$2=0,$E22,$L22) -> 0 | M45: =IF($V$2=0,$F22,$M22) -> 0
B46: =$B18 -> 0 | C46: =IF($V$2=0,$C18,$J18) -> 0 | D46: =IF($V$2=0,$D18,$K18) -> 0 | E46: =IF($V$2=0,$E18,$L18) -> 0 | F46: =IF($V$2=0,$F18,$M18) -> 0 | I46: =$B23 -> 0 | J46: =IF($V$2=0,$C23,$J23) -> 0 | K46: =IF($V$2=0,$D23,$K23) -> 0 | L46: =IF($V$2=0,$E23,$L23) -> 0 | M46: =IF($V$2=0,$F23,$M23) -> 0
C47: =SUM(C42:C46) -> 0 | D47: =SUM(D42:D46) -> 0 | E47: =SUM(E42:E46) -> 0 | F47: =SUM(F42:F46) -> 0 | J47: =SUM(J42:J46) -> 0 | K47: =SUM(K42:K46) -> 0 | L47: =SUM(L42:L46) -> 0 | M47: =SUM(M42:M46) -> 0
B49: =$B24 -> 0 | C49: =IF($V$2=0,$C24,$J24) -> 0 | D49: =IF($V$2=0,$D24,$K24) -> 0 | E49: =IF($V$2=0,$E24,$L24) -> 0 | F49: =IF($V$2=0,$F24,$M24) -> 0 | G49: =E54+D54+C54+F54 -> 0
B50: =$B25 -> 0 | C50: =IF($V$2=0,$C25,$J25) -> 0 | D50: =IF($V$2=0,$D25,$K25) -> 0 | E50: =IF($V$2=0,$E25,$L25) -> 0 | F50: =IF($V$2=0,$F25,$M25) -> 0
B51: =$B26 -> 0 | C51: =IF($V$2=0,$C26,$J26) -> 0 | D51: =IF($V$2=0,$D26,$K26) -> 0 | E51: =IF($V$2=0,$E26,$L26) -> 0 | F51: =IF($V$2=0,$F26,$M26) -> 0
B52: =$B27 -> 0 | C52: =IF($V$2=0,$C27,$J27) -> 0 | D52: =IF($V$2=0,$D27,$K27) -> 0 | E52: =IF($V$2=0,$E27,$L27) -> 0 | F52: =IF($V$2=0,$F27,$M27) -> 0
B53: =$B28 -> 0 | C53: =IF($V$2=0,$C28,$J28) -> 0 | D53: =IF($V$2=0,$D28,$K28) -> 0 | E53: =IF($V$2=0,$E28,$L28) -> 0 | F53: =IF($V$2=0,$F28,$M28) -> 0
C54: =SUM(C49:C53) -> 0 | D54: =SUM(D49:D53) -> 0 | E54: =SUM(E49:E53) -> 0 | F54: =SUM(F49:F53) -> 0
A58: =A1 -> 2026 아르케 존 00회 번개 모임 점수
L59: 날짜 | N59: =N2 -> 46113
B60: 이 름 | C60: 1 G | D60: 2 G | E60: 3 G | F60: 4G | G60: 합 계 | H60: 에 버 | I60: 기본에버 | J60: 1 G | K60: 2 G | L60: 3 G | M60: 4G | N60: 합 계 | O60: 오 차
A61: 1 | B61: {=INDEX($B$4:$O$33,MATCH($A61,$W$4:$W$33,0),COLUMN(A$1))} -> 0 | C61: {=INDEX($B$4:$O$33,MATCH($A61,$W$4:$W$33,0),COLUMN(B$1))} -> 0 | D61: {=INDEX($B$4:$O$33,MATCH($A61,$W$4:$W$33,0),COLUMN(C$1))} -> 0 | E61: {=INDEX($B$4:$O$33,MATCH($A61,$W$4:$W$33,0),COLUMN(D$1))} -> 0 | F61: {=INDEX($B$4:$O$33,MATCH($A61,$W$4:$W$33,0),COLUMN(E$1))} -> 0 | G61: =SUM(C61:F61) -> 0 | H61: =G61/4 -> 0 | I61: =IF(B61="","",IFERROR(INDEX('회원명단 및 기준에버'!D:G,MATCH(B61,'회원명단 및 기준에버'!$C:$C,0),CHOOSE(INT((MONTH($N$2)-1)/3)+1,1,2,3,4)),"")) | J61: =IFERROR(C61+-I61,0) -> 0 | K61: =IFERROR(D61+-I61,0) -> 0 | L61: =IFERROR(E61+-I61,0) -> 0 | M61: =IFERROR(F61+-I61,0) -> 0 | N61: =SUM(J61:M61) -> 0 | O61: =IFERROR(H61+-I61,0) -> 0
A62: 2 | B62: {=INDEX($B$4:$O$33,MATCH($A62,$W$4:$W$33,0),COLUMN(A$1))} -> 0 | C62: {=INDEX($B$4:$O$33,MATCH($A62,$W$4:$W$33,0),COLUMN(B$1))} -> 0 | D62: {=INDEX($B$4:$O$33,MATCH($A62,$W$4:$W$33,0),COLUMN(C$1))} -> 0 | E62: {=INDEX($B$4:$O$33,MATCH($A62,$W$4:$W$33,0),COLUMN(D$1))} -> 0 | F62: {=INDEX($B$4:$O$33,MATCH($A62,$W$4:$W$33,0),COLUMN(E$1))} -> 0 | G62: =SUM(C62:F62) -> 0 | H62: =G62/4 -> 0 | I62: =IF(B62="","",IFERROR(INDEX('회원명단 및 기준에버'!D:G,MATCH(B62,'회원명단 및 기준에버'!$C:$C,0),CHOOSE(INT((MONTH($N$2)-1)/3)+1,1,2,3,4)),"")) | J62: =IFERROR(C62+-I62,0) -> 0 | K62: =IFERROR(D62+-I62,0) -> 0 | L62: =IFERROR(E62+-I62,0) -> 0 | M62: =IFERROR(F62+-I62,0) -> 0 | N62: =SUM(J62:M62) -> 0 | O62: =IFERROR(H62+-I62,0) -> 0
A63: 3 | B63: {=INDEX($B$4:$O$33,MATCH($A63,$W$4:$W$33,0),COLUMN(A$1))} -> 0 | C63: {=INDEX($B$4:$O$33,MATCH($A63,$W$4:$W$33,0),COLUMN(B$1))} -> 0 | D63: {=INDEX($B$4:$O$33,MATCH($A63,$W$4:$W$33,0),COLUMN(C$1))} -> 0 | E63: {=INDEX($B$4:$O$33,MATCH($A63,$W$4:$W$33,0),COLUMN(D$1))} -> 0 | F63: {=INDEX($B$4:$O$33,MATCH($A63,$W$4:$W$33,0),COLUMN(E$1))} -> 0 | G63: =SUM(C63:F63) -> 0 | H63: =G63/4 -> 0 | I63: =IF(B63="","",IFERROR(INDEX('회원명단 및 기준에버'!D:G,MATCH(B63,'회원명단 및 기준에버'!$C:$C,0),CHOOSE(INT((MONTH($N$2)-1)/3)+1,1,2,3,4)),"")) | J63: =IFERROR(C63+-I63,0) -> 0 | K63: =IFERROR(D63+-I63,0) -> 0 | L63: =IFERROR(E63+-I63,0) -> 0 | M63: =IFERROR(F63+-I63,0) -> 0 | N63: =SUM(J63:M63) -> 0 | O63: =IFERROR(H63+-I63,0) -> 0
A64: 4 | B64: {=INDEX($B$4:$O$33,MATCH($A64,$W$4:$W$33,0),COLUMN(A$1))} -> 0 | C64: {=INDEX($B$4:$O$33,MATCH($A64,$W$4:$W$33,0),COLUMN(B$1))} -> 0 | D64: {=INDEX($B$4:$O$33,MATCH($A64,$W$4:$W$33,0),COLUMN(C$1))} -> 0 | E64: {=INDEX($B$4:$O$33,MATCH($A64,$W$4:$W$33,0),COLUMN(D$1))} -> 0 | F64: {=INDEX($B$4:$O$33,MATCH($A64,$W$4:$W$33,0),COLUMN(E$1))} -> 0 | G64: =SUM(C64:F64) -> 0 | H64: =G64/4 -> 0 | I64: =IF(B64="","",IFERROR(INDEX('회원명단 및 기준에버'!D:G,MATCH(B64,'회원명단 및 기준에버'!$C:$C,0),CHOOSE(INT((MONTH($N$2)-1)/3)+1,1,2,3,4)),"")) | J64: =IFERROR(C64+-I64,0) -> 0 | K64: =IFERROR(D64+-I64,0) -> 0 | L64: =IFERROR(E64+-I64,0) -> 0 | M64: =IFERROR(F64+-I64,0) -> 0 | N64: =SUM(J64:M64) -> 0 | O64: =IFERROR(H64+-I64,0) -> 0
A65: 5 | B65: {=INDEX($B$4:$O$33,MATCH($A65,$W$4:$W$33,0),COLUMN(A$1))} -> 0 | C65: {=INDEX($B$4:$O$33,MATCH($A65,$W$4:$W$33,0),COLUMN(B$1))} -> 0 | D65: {=INDEX($B$4:$O$33,MATCH($A65,$W$4:$W$33,0),COLUMN(C$1))} -> 0 | E65: {=INDEX($B$4:$O$33,MATCH($A65,$W$4:$W$33,0),COLUMN(D$1))} -> 0 | F65: {=INDEX($B$4:$O$33,MATCH($A65,$W$4:$W$33,0),COLUMN(E$1))} -> 0 | G65: =SUM(C65:F65) -> 0 | H65: =G65/4 -> 0 | I65: =IF(B65="","",IFERROR(INDEX('회원명단 및 기준에버'!D:G,MATCH(B65,'회원명단 및 기준에버'!$C:$C,0),CHOOSE(INT((MONTH($N$2)-1)/3)+1,1,2,3,4)),"")) | J65: =IFERROR(C65+-I65,0) -> 0 | K65: =IFERROR(D65+-I65,0) -> 0 | L65: =IFERROR(E65+-I65,0) -> 0 | M65: =IFERROR(F65+-I65,0) -> 0 | N65: =SUM(J65:M65) -> 0 | O65: =IFERROR(H65+-I65,0) -> 0
A66: 6 | B66: {=INDEX($B$4:$O$33,MATCH($A66,$W$4:$W$33,0),COLUMN(A$1))} -> 0 | C66: {=INDEX($B$4:$O$33,MATCH($A66,$W$4:$W$33,0),COLUMN(B$1))} -> 0 | D66: {=INDEX($B$4:$O$33,MATCH($A66,$W$4:$W$33,0),COLUMN(C$1))} -> 0 | E66: {=INDEX($B$4:$O$33,MATCH($A66,$W$4:$W$33,0),COLUMN(D$1))} -> 0 | F66: {=INDEX($B$4:$O$33,MATCH($A66,$W$4:$W$33,0),COLUMN(E$1))} -> 0 | G66: =SUM(C66:F66) -> 0 | H66: =G66/4 -> 0 | I66: =IF(B66="","",IFERROR(INDEX('회원명단 및 기준에버'!D:G,MATCH(B66,'회원명단 및 기준에버'!$C:$C,0),CHOOSE(INT((MONTH($N$2)-1)/3)+1,1,2,3,4)),"")) | J66: =IFERROR(C66+-I66,0) -> 0 | K66: =IFERROR(D66+-I66,0) -> 0 | L66: =IFERROR(E66+-I66,0) -> 0 | M66: =IFERROR(F66+-I66,0) -> 0 | N66: =SUM(J66:M66) -> 0 | O66: =IFERROR(H66+-I66,0) -> 0
A67: 7 | B67: {=INDEX($B$4:$O$33,MATCH($A67,$W$4:$W$33,0),COLUMN(A$1))} -> 0 | C67: {=INDEX($B$4:$O$33,MATCH($A67,$W$4:$W$33,0),COLUMN(B$1))} -> 0 | D67: {=INDEX($B$4:$O$33,MATCH($A67,$W$4:$W$33,0),COLUMN(C$1))} -> 0 | E67: {=INDEX($B$4:$O$33,MATCH($A67,$W$4:$W$33,0),COLUMN(D$1))} -> 0 | F67: {=INDEX($B$4:$O$33,MATCH($A67,$W$4:$W$33,0),COLUMN(E$1))} -> 0 | G67: =SUM(C67:F67) -> 0 | H67: =G67/4 -> 0 | I67: =IF(B67="","",IFERROR(INDEX('회원명단 및 기준에버'!D:G,MATCH(B67,'회원명단 및 기준에버'!$C:$C,0),CHOOSE(INT((MONTH($N$2)-1)/3)+1,1,2,3,4)),"")) | J67: =IFERROR(C67+-I67,0) -> 0 | K67: =IFERROR(D67+-I67,0) -> 0 | L67: =IFERROR(E67+-I67,0) -> 0 | M67: =IFERROR(F67+-I67,0) -> 0 | N67: =SUM(J67:M67) -> 0 | O67: =IFERROR(H67+-I67,0) -> 0
A68: 8 | B68: {=INDEX($B$4:$O$33,MATCH($A68,$W$4:$W$33,0),COLUMN(A$1))} -> 0 | C68: {=INDEX($B$4:$O$33,MATCH($A68,$W$4:$W$33,0),COLUMN(B$1))} -> 0 | D68: {=INDEX($B$4:$O$33,MATCH($A68,$W$4:$W$33,0),COLUMN(C$1))} -> 0 | E68: {=INDEX($B$4:$O$33,MATCH($A68,$W$4:$W$33,0),COLUMN(D$1))} -> 0 | F68: {=INDEX($B$4:$O$33,MATCH($A68,$W$4:$W$33,0),COLUMN(E$1))} -> 0 | G68: =SUM(C68:F68) -> 0 | H68: =G68/4 -> 0 | I68: =IF(B68="","",IFERROR(INDEX('회원명단 및 기준에버'!D:G,MATCH(B68,'회원명단 및 기준에버'!$C:$C,0),CHOOSE(INT((MONTH($N$2)-1)/3)+1,1,2,3,4)),"")) | J68: =IFERROR(C68+-I68,0) -> 0 | K68: =IFERROR(D68+-I68,0) -> 0 | L68: =IFERROR(E68+-I68,0) -> 0 | M68: =IFERROR(F68+-I68,0) -> 0 | N68: =SUM(J68:M68) -> 0 | O68: =IFERROR(H68+-I68,0) -> 0
A69: 9 | B69: {=INDEX($B$4:$O$33,MATCH($A69,$W$4:$W$33,0),COLUMN(A$1))} -> 0 | C69: {=INDEX($B$4:$O$33,MATCH($A69,$W$4:$W$33,0),COLUMN(B$1))} -> 0 | D69: {=INDEX($B$4:$O$33,MATCH($A69,$W$4:$W$33,0),COLUMN(C$1))} -> 0 | E69: {=INDEX($B$4:$O$33,MATCH($A69,$W$4:$W$33,0),COLUMN(D$1))} -> 0 | F69: {=INDEX($B$4:$O$33,MATCH($A69,$W$4:$W$33,0),COLUMN(E$1))} -> 0 | G69: =SUM(C69:F69) -> 0 | H69: =G69/4 -> 0 | I69: =IF(B69="","",IFERROR(INDEX('회원명단 및 기준에버'!D:G,MATCH(B69,'회원명단 및 기준에버'!$C:$C,0),CHOOSE(INT((MONTH($N$2)-1)/3)+1,1,2,3,4)),"")) | J69: =IFERROR(C69+-I69,0) -> 0 | K69: =IFERROR(D69+-I69,0) -> 0 | L69: =IFERROR(E69+-I69,0) -> 0 | M69: =IFERROR(F69+-I69,0) -> 0 | N69: =SUM(J69:M69) -> 0 | O69: =IFERROR(H69+-I69,0) -> 0
A70: 10 | B70: {=INDEX($B$4:$O$33,MATCH($A70,$W$4:$W$33,0),COLUMN(A$1))} -> 0 | C70: {=INDEX($B$4:$O$33,MATCH($A70,$W$4:$W$33,0),COLUMN(B$1))} -> 0 | D70: {=INDEX($B$4:$O$33,MATCH($A70,$W$4:$W$33,0),COLUMN(C$1))} -> 0 | E70: {=INDEX($B$4:$O$33,MATCH($A70,$W$4:$W$33,0),COLUMN(D$1))} -> 0 | F70: {=INDEX($B$4:$O$33,MATCH($A70,$W$4:$W$33,0),COLUMN(E$1))} -> 0 | G70: =SUM(C70:F70) -> 0 | H70: =G70/4 -> 0 | I70: =IF(B70="","",IFERROR(INDEX('회원명단 및 기준에버'!D:G,MATCH(B70,'회원명단 및 기준에버'!$C:$C,0),CHOOSE(INT((MONTH($N$2)-1)/3)+1,1,2,3,4)),"")) | J70: =IFERROR(C70+-I70,0) -> 0 | K70: =IFERROR(D70+-I70,0) -> 0 | L70: =IFERROR(E70+-I70,0) -> 0 | M70: =IFERROR(F70+-I70,0) -> 0 | N70: =SUM(J70:M70) -> 0 | O70: =IFERROR(H70+-I70,0) -> 0
A71: 11 | B71: {=INDEX($B$4:$O$33,MATCH($A71,$W$4:$W$33,0),COLUMN(A$1))} -> 0 | C71: {=INDEX($B$4:$O$33,MATCH($A71,$W$4:$W$33,0),COLUMN(B$1))} -> 0 | D71: {=INDEX($B$4:$O$33,MATCH($A71,$W$4:$W$33,0),COLUMN(C$1))} -> 0 | E71: {=INDEX($B$4:$O$33,MATCH($A71,$W$4:$W$33,0),COLUMN(D$1))} -> 0 | F71: {=INDEX($B$4:$O$33,MATCH($A71,$W$4:$W$33,0),COLUMN(E$1))} -> 0 | G71: =SUM(C71:F71) -> 0 | H71: =G71/4 -> 0 | I71: =IF(B71="","",IFERROR(INDEX('회원명단 및 기준에버'!D:G,MATCH(B71,'회원명단 및 기준에버'!$C:$C,0),CHOOSE(INT((MONTH($N$2)-1)/3)+1,1,2,3,4)),"")) | J71: =IFERROR(C71+-I71,0) -> 0 | K71: =IFERROR(D71+-I71,0) -> 0 | L71: =IFERROR(E71+-I71,0) -> 0 | M71: =IFERROR(F71+-I71,0) -> 0 | N71: =SUM(J71:M71) -> 0 | O71: =IFERROR(H71+-I71,0) -> 0
A72: 12 | B72: {=INDEX($B$4:$O$33,MATCH($A72,$W$4:$W$33,0),COLUMN(A$1))} -> 0 | C72: {=INDEX($B$4:$O$33,MATCH($A72,$W$4:$W$33,0),COLUMN(B$1))} -> 0 | D72: {=INDEX($B$4:$O$33,MATCH($A72,$W$4:$W$33,0),COLUMN(C$1))} -> 0 | E72: {=INDEX($B$4:$O$33,MATCH($A72,$W$4:$W$33,0),COLUMN(D$1))} -> 0 | F72: {=INDEX($B$4:$O$33,MATCH($A72,$W$4:$W$33,0),COLUMN(E$1))} -> 0 | G72: =SUM(C72:F72) -> 0 | H72: =G72/4 -> 0 | I72: =IF(B72="","",IFERROR(INDEX('회원명단 및 기준에버'!D:G,MATCH(B72,'회원명단 및 기준에버'!$C:$C,0),CHOOSE(INT((MONTH($N$2)-1)/3)+1,1,2,3,4)),"")) | J72: =IFERROR(C72+-I72,0) -> 0 | K72: =IFERROR(D72+-I72,0) -> 0 | L72: =IFERROR(E72+-I72,0) -> 0 | M72: =IFERROR(F72+-I72,0) -> 0 | N72: =SUM(J72:M72) -> 0 | O72: =IFERROR(H72+-I72,0) -> 0
... A90: 30 | B90: {=INDEX($B$4:$O$33,MATCH($A90,$W$4:$W$33,0),COLUMN(A$1))} -> 0 | C90: {=INDEX($B$4:$O$33,MATCH($A90,$W$4:$W$33,0),COLUMN(B$1))} -> 0 | D90: {=INDEX($B$4:$O$33,MATCH($A90,$W$4:$W$33,0),COLUMN(C$1))} -> 0 | E90: {=INDEX($B$4:$O$33,MATCH($A90,$W$4:$W$33,0),COLUMN(D$1))} -> 0 | F90: {=INDEX($B$4:$O$33,MATCH($A90,$W$4:$W$33,0),COLUMN(E$1))} -> 0 | G90: =SUM(C90:F90) -> 0 | H90: =G90/4 -> 0 | I90: =IF(B90="","",IFERROR(INDEX('회원명단 및 기준에버'!D:G,MATCH(B90,'회원명단 및 기준에버'!$C:$C,0),CHOOSE(INT((MONTH($N$2)-1)/3)+1,1,2,3,4)),"")) | J90: =IFERROR(C90+-I90,0) -> 0 | K90: =IFERROR(D90+-I90,0) -> 0 | L90: =IFERROR(E90+-I90,0) -> 0 | M90: =IFERROR(F90+-I90,0) -> 0 | N90: =SUM(J90:M90) -> 0 | O90: =IFERROR(H90+-I90,0) -> 0
B91: 팀 전
B92: =IF(B35="","",B35) -> 0 | C92: =IF(C35="","",C35) -> 0 | D92: =IF(D35="","",D35) -> 0 | E92: =IF(E35="","",E35) -> 0 | F92: =IF(F35="","",F35) -> 0 | G92: =IF(G35="","",G35) -> 0 | I92: =IF(I35="","",I35) -> 0 | J92: =IF(J35="","",J35) -> 0 | K92: =IF(K35="","",K35) -> 0 | L92: =IF(L35="","",L35) -> 0 | M92: =IF(M35="","",M35) -> 0 | N92: =IF(N35="","",N35) -> 0
B93: =IF(B36="","",B36) -> 0 | C93: =IF(C36="","",C36) -> 0 | D93: =IF(D36="","",D36) -> 0 | E93: =IF(E36="","",E36) -> 0 | F93: =IF(F36="","",F36) -> 0 | G93: =IF(G36="","",G36) | I93: =IF(I36="","",I36) -> 0 | J93: =IF(J36="","",J36) -> 0 | K93: =IF(K36="","",K36) -> 0 | L93: =IF(L36="","",L36) -> 0 | M93: =IF(M36="","",M36) -> 0 | N93: =IF(N36="","",N36)
B94: =IF(B37="","",B37) -> 0 | C94: =IF(C37="","",C37) -> 0 | D94: =IF(D37="","",D37) -> 0 | E94: =IF(E37="","",E37) -> 0 | F94: =IF(F37="","",F37) -> 0 | G94: =IF(G37="","",G37) | I94: =IF(I37="","",I37) -> 0 | J94: =IF(J37="","",J37) -> 0 | K94: =IF(K37="","",K37) -> 0 | L94: =IF(L37="","",L37) -> 0 | M94: =IF(M37="","",M37) -> 0 | N94: =IF(N37="","",N37)
B95: =IF(B38="","",B38) -> 0 | C95: =IF(C38="","",C38) -> 0 | D95: =IF(D38="","",D38) -> 0 | E95: =IF(E38="","",E38) -> 0 | F95: =IF(F38="","",F38) -> 0 | G95: =IF(G38="","",G38) | I95: =IF(I38="","",I38) -> 0 | J95: =IF(J38="","",J38) -> 0 | K95: =IF(K38="","",K38) -> 0 | L95: =IF(L38="","",L38) -> 0 | M95: =IF(M38="","",M38) -> 0 | N95: =IF(N38="","",N38)
B96: =IF(B39="","",B39) -> 0 | C96: =IF(C39="","",C39) -> 0 | D96: =IF(D39="","",D39) -> 0 | E96: =IF(E39="","",E39) -> 0 | F96: =IF(F39="","",F39) -> 0 | G96: =IF(G39="","",G39) | I96: =IF(I39="","",I39) -> 0 | J96: =IF(J39="","",J39) -> 0 | K96: =IF(K39="","",K39) -> 0 | L96: =IF(L39="","",L39) -> 0 | M96: =IF(M39="","",M39) -> 0 | N96: =IF(N39="","",N39)
B97: =IF(B40="","",B40) | C97: =IF(C40="","",C40) -> 0 | D97: =IF(D40="","",D40) -> 0 | E97: =IF(E40="","",E40) -> 0 | F97: =IF(F40="","",F40) -> 0 | G97: =IF(G40="","",G40) | I97: =IF(I40="","",I40) | J97: =IF(J40="","",J40) -> 0 | K97: =IF(K40="","",K40) -> 0 | L97: =IF(L40="","",L40) -> 0 | M97: =IF(M40="","",M40) -> 0 | N97: =IF(N40="","",N40)
B99: =IF(B42="","",B42) -> 0 | C99: =IF(C42="","",C42) -> 0 | D99: =IF(D42="","",D42) -> 0 | E99: =IF(E42="","",E42) -> 0 | F99: =IF(F42="","",F42) -> 0 | G99: =IF(G42="","",G42) -> 0 | H99: =IF(H42="","",H42) | I99: =IF(I42="","",I42) -> 0 | ... O99: =IF(O42="","",O42)
B100: =IF(B43="","",B43) -> 0 | C100: =IF(C43="","",C43) -> 0 | D100: =IF(D43="","",D43) -> 0 | E100: =IF(E43="","",E43) -> 0 | F100: =IF(F43="","",F43) -> 0 | G100: =IF(G43="","",G43) | H100: =IF(H43="","",H43) | I100: =IF(I43="","",I43) -> 0 | ... O100: =IF(O43="","",O43)
B101: =IF(B44="","",B44) -> 0 | C101: =IF(C44="","",C44) -> 0 | D101: =IF(D44="","",D44) -> 0 | E101: =IF(E44="","",E44) -> 0 | F101: =IF(F44="","",F44) -> 0 | G101: =IF(G44="","",G44) | H101: =IF(H44="","",H44) | I101: =IF(I44="","",I44) -> 0 | ... O101: =IF(O44="","",O44)
B102: =IF(B45="","",B45) -> 0 | C102: =IF(C45="","",C45) -> 0 | D102: =IF(D45="","",D45) -> 0 | E102: =IF(E45="","",E45) -> 0 | F102: =IF(F45="","",F45) -> 0 | G102: =IF(G45="","",G45) | H102: =IF(H45="","",H45) | I102: =IF(I45="","",I45) -> 0 | ... O102: =IF(O45="","",O45)
B103: =IF(B46="","",B46) -> 0 | C103: =IF(C46="","",C46) -> 0 | D103: =IF(D46="","",D46) -> 0 | E103: =IF(E46="","",E46) -> 0 | F103: =IF(F46="","",F46) -> 0 | G103: =IF(G46="","",G46) | H103: =IF(H46="","",H46) | I103: =IF(I46="","",I46) -> 0 | ... O103: =IF(O46="","",O46)
B104: =IF(B47="","",B47) | C104: =IF(C47="","",C47) -> 0 | D104: =IF(D47="","",D47) -> 0 | E104: =IF(E47="","",E47) -> 0 | F104: =IF(F47="","",F47) -> 0 | G104: =IF(G47="","",G47) | H104: =IF(H47="","",H47) | I104: =IF(I47="","",I47) | ... O104: =IF(O47="","",O47)
B106: =IF(B49="","",B49) -> 0 | C106: =IF(C49="","",C49) -> 0 | D106: =IF(D49="","",D49) -> 0 | E106: =IF(E49="","",E49) -> 0 | F106: =IF(F49="","",F49) -> 0 | G106: =IF(G49="","",G49) -> 0 | H106: =IF(H49="","",H49)
B107: =IF(B50="","",B50) -> 0 | C107: =IF(C50="","",C50) -> 0 | D107: =IF(D50="","",D50) -> 0 | E107: =IF(E50="","",E50) -> 0 | F107: =IF(F50="","",F50) -> 0 | G107: =IF(G50="","",G50) | H107: =IF(H50="","",H50)
B108: =IF(B51="","",B51) -> 0 | C108: =IF(C51="","",C51) -> 0 | D108: =IF(D51="","",D51) -> 0 | E108: =IF(E51="","",E51) -> 0 | F108: =IF(F51="","",F51) -> 0 | G108: =IF(G51="","",G51) | H108: =IF(H51="","",H51)
B109: =IF(B52="","",B52) -> 0 | C109: =IF(C52="","",C52) -> 0 | D109: =IF(D52="","",D52) -> 0 | E109: =IF(E52="","",E52) -> 0 | F109: =IF(F52="","",F52) -> 0 | G109: =IF(G52="","",G52) | H109: =IF(H52="","",H52)
B110: =IF(B53="","",B53) -> 0 | C110: =IF(C53="","",C53) -> 0 | D110: =IF(D53="","",D53) -> 0 | E110: =IF(E53="","",E53) -> 0 | F110: =IF(F53="","",F53) -> 0 | G110: =IF(G53="","",G53) | H110: =IF(H53="","",H53)
B111: =IF(B54="","",B54) | C111: =IF(C54="","",C54) -> 0 | D111: =IF(D54="","",D54) -> 0 | E111: =IF(E54="","",E54) -> 0 | F111: =IF(F54="","",F54) -> 0 | G111: =IF(G54="","",G54) | H111: =IF(H54="","",H54)

Sheet 00회번개 4인팀
A1: 2026 아르케 존 00회 정기 번개 점수
L2: 날짜 | N2: 46113 | U2: 팀전에버기준 | V2: 0 | W2: 순위에버오차기준 | X2: 0
B3: 이 름 | C3: 1 G | D3: 2 G | E3: 3 G | F3: 4G | G3: 합 계 | H3: 에 버 | I3: 기본에버 | J3: 1 G | K3: 2 G | L3: 3 G | M3: 4G | N3: 합 계 | O3: 오 차 | U3: 수식입력부분 삭제하지마세요~
A4: 1 | G4: =SUM(C4:F4) -> 0 | H4: =G4/4 -> 0 | I4: =IF(B4="","",IFERROR(INDEX('회원명단 및 기준에버'!D:G,MATCH(B4,'회원명단 및 기준에버'!$C:$C,0),CHOOSE(INT((MONTH($N$2)-1)/3)+1,1,2,3,4)),"")) | J4: =IFERROR(C4+-I4,0) -> 0 | K4: =IFERROR(D4+-I4,0) -> 0 | L4: =IFERROR(E4+-I4,0) -> 0 | M4: =IFERROR(F4+-I4,0) -> 0 | N4: =SUM(J4:M4) -> 0 | O4: =IFERROR(H4+-I4,0) -> 0 | U4: =MAX(C4:F4)-MIN(C4:F4) -> 0 | V4: =IF($X$2=0,(G4*1000000+U4*1000+A4),(O4*1000000+U4*1000+A4)) -> 1 | W4: =_xlfn.RANK.EQ(V4,$V$4:$V$27,0) -> 24
A5: 2 | G5: =SUM(C5:F5) -> 0 | H5: =G5/4 -> 0 | I5: =IF(B5="","",IFERROR(INDEX('회원명단 및 기준에버'!D:G,MATCH(B5,'회원명단 및 기준에버'!$C:$C,0),CHOOSE(INT((MONTH($N$2)-1)/3)+1,1,2,3,4)),"")) | J5: =IFERROR(C5+-I5,0) -> 0 | K5: =IFERROR(D5+-I5,0) -> 0 | L5: =IFERROR(E5+-I5,0) -> 0 | M5: =IFERROR(F5+-I5,0) -> 0 | N5: =SUM(J5:M5) -> 0 | O5: =IFERROR(H5+-I5,0) -> 0 | U5: =MAX(C5:F5)-MIN(C5:F5) -> 0 | V5: =IF($X$2=0,(G5*1000000+U5*1000+A5),(O5*1000000+U5*1000+A5)) -> 2 | W5: =_xlfn.RANK.EQ(V5,$V$4:$V$27,0) -> 23
A6: 3 | G6: =SUM(C6:F6) -> 0 | H6: =G6/4 -> 0 | I6: =IF(B6="","",IFERROR(INDEX('회원명단 및 기준에버'!D:G,MATCH(B6,'회원명단 및 기준에버'!$C:$C,0),CHOOSE(INT((MONTH($N$2)-1)/3)+1,1,2,3,4)),"")) | J6: =IFERROR(C6+-I6,0) -> 0 | K6: =IFERROR(D6+-I6,0) -> 0 | L6: =IFERROR(E6+-I6,0) -> 0 | M6: =IFERROR(F6+-I6,0) -> 0 | N6: =SUM(J6:M6) -> 0 | O6: =IFERROR(H6+-I6,0) -> 0 | U6: =MAX(C6:F6)-MIN(C6:F6) -> 0 | V6: =IF($X$2=0,(G6*1000000+U6*1000+A6),(O6*1000000+U6*1000+A6)) -> 3 | W6: =_xlfn.RANK.EQ(V6,$V$4:$V$27,0) -> 22
A7: 4 | G7: =SUM(C7:F7) -> 0 | H7: =G7/4 -> 0 | I7: =IF(B7="","",IFERROR(INDEX('회원명단 및 기준에버'!D:G,MATCH(B7,'회원명단 및 기준에버'!$C:$C,0),CHOOSE(INT((MONTH($N$2)-1)/3)+1,1,2,3,4)),"")) | J7: =IFERROR(C7+-I7,0) -> 0 | K7: =IFERROR(D7+-I7,0) -> 0 | L7: =IFERROR(E7+-I7,0) -> 0 | M7: =IFERROR(F7+-I7,0) -> 0 | N7: =SUM(J7:M7) -> 0 | O7: =IFERROR(H7+-I7,0) -> 0 | U7: =MAX(C7:F7)-MIN(C7:F7) -> 0 | V7: =IF($X$2=0,(G7*1000000+U7*1000+A7),(O7*1000000+U7*1000+A7)) -> 4 | W7: =_xlfn.RANK.EQ(V7,$V$4:$V$27,0) -> 21
A8: 5 | G8: =SUM(C8:E8) -> 0 | H8: =G8/4 -> 0 | I8: =IF(B8="","",IFERROR(INDEX('회원명단 및 기준에버'!D:G,MATCH(B8,'회원명단 및 기준에버'!$C:$C,0),CHOOSE(INT((MONTH($N$2)-1)/3)+1,1,2,3,4)),"")) | J8: =IFERROR(C8+-I8,0) -> 0 | K8: =IFERROR(D8+-I8,0) -> 0 | L8: =IFERROR(E8+-I8,0) -> 0 | M8: =IFERROR(F8+-I8,0) -> 0 | N8: =SUM(J8:M8) -> 0 | O8: =IFERROR(H8+-I8,0) -> 0 | U8: =MAX(C8:F8)-MIN(C8:F8) -> 0 | V8: =IF($X$2=0,(G8*1000000+U8*1000+A8),(O8*1000000+U8*1000+A8)) -> 5 | W8: =_xlfn.RANK.EQ(V8,$V$4:$V$27,0) -> 20
A9: 6 | G9: =SUM(C9:E9) -> 0 | H9: =G9/4 -> 0 | I9: =IF(B9="","",IFERROR(INDEX('회원명단 및 기준에버'!D:G,MATCH(B9,'회원명단 및 기준에버'!$C:$C,0),CHOOSE(INT((MONTH($N$2)-1)/3)+1,1,2,3,4)),"")) | J9: =IFERROR(C9+-I9,0) -> 0 | K9: =IFERROR(D9+-I9,0) -> 0 | L9: =IFERROR(E9+-I9,0) -> 0 | M9: =IFERROR(F9+-I9,0) -> 0 | N9: =SUM(J9:M9) -> 0 | O9: =IFERROR(H9+-I9,0) -> 0 | U9: =MAX(C9:F9)-MIN(C9:F9) -> 0 | V9: =IF($X$2=0,(G9*1000000+U9*1000+A9),(O9*1000000+U9*1000+A9)) -> 6 | W9: =_xlfn.RANK.EQ(V9,$V$4:$V$27,0) -> 19
A10: 7 | G10: =SUM(C10:E10) -> 0 | H10: =G10/4 -> 0 | I10: =IF(B10="","",IFERROR(INDEX('회원명단 및 기준에버'!D:G,MATCH(B10,'회원명단 및 기준에버'!$C:$C,0),CHOOSE(INT((MONTH($N$2)-1)/3)+1,1,2,3,4)),"")) | J10: =IFERROR(C10+-I10,0) -> 0 | K10: =IFERROR(D10+-I10,0) -> 0 | L10: =IFERROR(E10+-I10,0) -> 0 | M10: =IFERROR(F10+-I10,0) -> 0 | N10: =SUM(J10:M10) -> 0 | O10: =IFERROR(H10+-I10,0) -> 0 | U10: =MAX(C10:F10)-MIN(C10:F10) -> 0 | V10: =IF($X$2=0,(G10*1000000+U10*1000+A10),(O10*1000000+U10*1000+A10)) -> 7 | W10: =_xlfn.RANK.EQ(V10,$V$4:$V$27,0) -> 18
A11: 8 | G11: =SUM(C11:E11) -> 0 | H11: =G11/4 -> 0 | I11: =IF(B11="","",IFERROR(INDEX('회원명단 및 기준에버'!D:G,MATCH(B11,'회원명단 및 기준에버'!$C:$C,0),CHOOSE(INT((MONTH($N$2)-1)/3)+1,1,2,3,4)),"")) | J11: =IFERROR(C11+-I11,0) -> 0 | K11: =IFERROR(D11+-I11,0) -> 0 | L11: =IFERROR(E11+-I11,0) -> 0 | M11: =IFERROR(F11+-I11,0) -> 0 | N11: =SUM(J11:M11) -> 0 | O11: =IFERROR(H11+-I11,0) -> 0 | U11: =MAX(C11:F11)-MIN(C11:F11) -> 0 | V11: =IF($X$2=0,(G11*1000000+U11*1000+A11),(O11*1000000+U11*1000+A11)) -> 8 | W11: =_xlfn.RANK.EQ(V11,$V$4:$V$27,0) -> 17
A12: 9 | G12: =SUM(C12:E12) -> 0 | H12: =G12/4 -> 0 | I12: =IF(B12="","",IFERROR(INDEX('회원명단 및 기준에버'!D:G,MATCH(B12,'회원명단 및 기준에버'!$C:$C,0),CHOOSE(INT((MONTH($N$2)-1)/3)+1,1,2,3,4)),"")) | J12: =IFERROR(C12+-I12,0) -> 0 | K12: =IFERROR(D12+-I12,0) -> 0 | L12: =IFERROR(E12+-I12,0) -> 0 | M12: =IFERROR(F12+-I12,0) -> 0 | N12: =SUM(J12:M12) -> 0 | O12: =IFERROR(H12+-I12,0) -> 0 | U12: =MAX(C12:F12)-MIN(C12:F12) -> 0 | V12: =IF($X$2=0,(G12*1000000+U12*1000+A12),(O12*1000000+U12*1000+A12)) -> 9 | W12: =_xlfn.RANK.EQ(V12,$V$4:$V$27,0) -> 16
A13: 10 | G13: =SUM(C13:E13) -> 0 | H13: =G13/4 -> 0 | I13: =IF(B13="","",IFERROR(INDEX('회원명단 및 기준에버'!D:G,MATCH(B13,'회원명단 및 기준에버'!$C:$C,0),CHOOSE(INT((MONTH($N$2)-1)/3)+1,1,2,3,4)),"")) | J13: =IFERROR(C13+-I13,0) -> 0 | K13: =IFERROR(D13+-I13,0) -> 0 | L13: =IFERROR(E13+-I13,0) -> 0 | M13: =IFERROR(F13+-I13,0) -> 0 | N13: =SUM(J13:M13) -> 0 | O13: =IFERROR(H13+-I13,0) -> 0 | U13: =MAX(C13:F13)-MIN(C13:F13) -> 0 | V13: =IF($X$2=0,(G13*1000000+U13*1000+A13),(O13*1000000+U13*1000+A13)) -> 10 | W13: =_xlfn.RANK.EQ(V13,$V$4:$V$27,0) -> 15
A14: 11 | G14: =SUM(C14:E14) -> 0 | H14: =G14/4 -> 0 | I14: =IF(B14="","",IFERROR(INDEX('회원명단 및 기준에버'!D:G,MATCH(B14,'회원명단 및 기준에버'!$C:$C,0),CHOOSE(INT((MONTH($N$2)-1)/3)+1,1,2,3,4)),"")) | J14: =IFERROR(C14+-I14,0) -> 0 | K14: =IFERROR(D14+-I14,0) -> 0 | L14: =IFERROR(E14+-I14,0) -> 0 | M14: =IFERROR(F14+-I14,0) -> 0 | N14: =SUM(J14:M14) -> 0 | O14: =IFERROR(H14+-I14,0) -> 0 | U14: =MAX(C14:F14)-MIN(C14:F14) -> 0 | V14: =IF($X$2=0,(G14*1000000+U14*1000+A14),(O14*1000000+U14*1000+A14)) -> 11 | W14: =_xlfn.RANK.EQ(V14,$V$4:$V$27,0) -> 14
A15: 12 | G15: =SUM(C15:E15) -> 0 | H15: =G15/4 -> 0 | I15: =IF(B15="","",IFERROR(INDEX('회원명단 및 기준에버'!D:G,MATCH(B15,'회원명단 및 기준에버'!$C:$C,0),CHOOSE(INT((MONTH($N$2)-1)/3)+1,1,2,3,4)),"")) | J15: =IFERROR(C15+-I15,0) -> 0 | K15: =IFERROR(D15+-I15,0) -> 0 | L15: =IFERROR(E15+-I15,0) -> 0 | M15: =IFERROR(F15+-I15,0) -> 0 | N15: =SUM(J15:M15) -> 0 | O15: =IFERROR(H15+-I15,0) -> 0 | U15: =MAX(C15:F15)-MIN(C15:F15) -> 0 | V15: =IF($X$2=0,(G15*1000000+U15*1000+A15),(O15*1000000+U15*1000+A15)) -> 12 | W15: =_xlfn.RANK.EQ(V15,$V$4:$V$27,0) -> 13
A16: 13 | G16: =SUM(C16:E16) -> 0 | H16: =G16/4 -> 0 | I16: =IF(B16="","",IFERROR(INDEX('회원명단 및 기준에버'!D:G,MATCH(B16,'회원명단 및 기준에버'!$C:$C,0),CHOOSE(INT((MONTH($N$2)-1)/3)+1,1,2,3,4)),"")) | J16: =IFERROR(C16+-I16,0) -> 0 | K16: =IFERROR(D16+-I16,0) -> 0 | L16: =IFERROR(E16+-I16,0) -> 0 | M16: =IFERROR(F16+-I16,0) -> 0 | N16: =SUM(J16:M16) -> 0 | O16: =IFERROR(H16+-I16,0) -> 0 | U16: =MAX(C16:F16)-MIN(C16:F16) -> 0 | V16: =IF($X$2=0,(G16*1000000+U16*1000+A16),(O16*1000000+U16*1000+A16)) -> 13 | W16: =_xlfn.RANK.EQ(V16,$V$4:$V$27,0) -> 12
A17: 14 | G17: =SUM(C17:E17) -> 0 | H17: =G17/4 -> 0 | I17: =IF(B17="","",IFERROR(INDEX('회원명단 및 기준에버'!D:G,MATCH(B17,'회원명단 및 기준에버'!$C:$C,0),CHOOSE(INT((MONTH($N$2)-1)/3)+1,1,2,3,4)),"")) | J17: =IFERROR(C17+-I17,0) -> 0 | K17: =IFERROR(D17+-I17,0) -> 0 | L17: =IFERROR(E17+-I17,0) -> 0 | M17: =IFERROR(F17+-I17,0) -> 0 | N17: =SUM(J17:M17) -> 0 | O17: =IFERROR(H17+-I17,0) -> 0 | U17: =MAX(C17:F17)-MIN(C17:F17) -> 0 | V17: =IF($X$2=0,(G17*1000000+U17*1000+A17),(O17*1000000+U17*1000+A17)) -> 14 | W17: =_xlfn.RANK.EQ(V17,$V$4:$V$27,0) -> 11
A18: 15 | G18: =SUM(C18:E18) -> 0 | H18: =G18/4 -> 0 | I18: =IF(B18="","",IFERROR(INDEX('회원명단 및 기준에버'!D:G,MATCH(B18,'회원명단 및 기준에버'!$C:$C,0),CHOOSE(INT((MONTH($N$2)-1)/3)+1,1,2,3,4)),"")) | J18: =IFERROR(C18+-I18,0) -> 0 | K18: =IFERROR(D18+-I18,0) -> 0 | L18: =IFERROR(E18+-I18,0) -> 0 | M18: =IFERROR(F18+-I18,0) -> 0 | N18: =SUM(J18:M18) -> 0 | O18: =IFERROR(H18+-I18,0) -> 0 | U18: =MAX(C18:F18)-MIN(C18:F18) -> 0 | V18: =IF($X$2=0,(G18*1000000+U18*1000+A18),(O18*1000000+U18*1000+A18)) -> 15 | W18: =_xlfn.RANK.EQ(V18,$V$4:$V$27,0) -> 10
A19: 16 | G19: =SUM(C19:E19) -> 0 | H19: =G19/4 -> 0 | I19: =IF(B19="","",IFERROR(INDEX('회원명단 및 기준에버'!D:G,MATCH(B19,'회원명단 및 기준에버'!$C:$C,0),CHOOSE(INT((MONTH($N$2)-1)/3)+1,1,2,3,4)),"")) | J19: =IFERROR(C19+-I19,0) -> 0 | K19: =IFERROR(D19+-I19,0) -> 0 | L19: =IFERROR(E19+-I19,0) -> 0 | M19: =IFERROR(F19+-I19,0) -> 0 | N19: =SUM(J19:M19) -> 0 | O19: =IFERROR(H19+-I19,0) -> 0 | U19: =MAX(C19:F19)-MIN(C19:F19) -> 0 | V19: =IF($X$2=0,(G19*1000000+U19*1000+A19),(O19*1000000+U19*1000+A19)) -> 16 | W19: =_xlfn.RANK.EQ(V19,$V$4:$V$27,0) -> 9
... A27: 24 | G27: =SUM(C27:E27) -> 0 | H27: =G27/4 -> 0 | I27: =IF(B27="","",IFERROR(INDEX('회원명단 및 기준에버'!D:G,MATCH(B27,'회원명단 및 기준에버'!$C:$C,0),CHOOSE(INT((MONTH($N$2)-1)/3)+1,1,2,3,4)),"")) | J27: =IFERROR(C27+-I27,0) -> 0 | K27: =IFERROR(D27+-I27,0) -> 0 | L27: =IFERROR(E27+-I27,0) -> 0 | M27: =IFERROR(F27+-I27,0) -> 0 | N27: =SUM(J27:M27) -> 0 | O27: =IFERROR(H27+-I27,0) -> 0 | U27: =MAX(C27:F27)-MIN(C27:F27) -> 0 | V27: =IF($X$2=0,(G27*1000000+U27*1000+A27),(O27*1000000+U27*1000+A27)) -> 24 | W27: =_xlfn.RANK.EQ(V27,$V$4:$V$27,0) -> 1
B28: 팀 전
B29: =$B4 -> 0 | C29: =IF($V$2=0,$C4,$J4) -> 0 | D29: =IF($V$2=0,$D4,$K4) -> 0 | E29: =IF($V$2=0,$E4,$L4) -> 0 | F29: =IF($V$2=0,$F4,$M4) -> 0 | G29: =E33+D33+C33+F33 -> 0 | I29: =$B8 -> 0 | J29: =IF($V$2=0,$C8,$J8) -> 0 | K29: =IF($V$2=0,$D8,$K8) -> 0 | L29: =IF($V$2=0,$E8,$L8) -> 0 | M29: =IF($V$2=0,$F8,$M8) -> 0 | N29: =L33+K33+J33+M33 -> 0
B30: =$B5 -> 0 | C30: =IF($V$2=0,$C5,$J5) -> 0 | D30: =IF($V$2=0,$D5,$K5) -> 0 | E30: =IF($V$2=0,$E5,$L5) -> 0 | F30: =IF($V$2=0,$F5,$M5) -> 0 | I30: =$B9 -> 0 | J30: =IF($V$2=0,$C9,$J9) -> 0 | K30: =IF($V$2=0,$D9,$K9) -> 0 | L30: =IF($V$2=0,$E9,$L9) -> 0 | M30: =IF($V$2=0,$F9,$M9) -> 0
B31: =$B6 -> 0 | C31: =IF($V$2=0,$C6,$J6) -> 0 | D31: =IF($V$2=0,$D6,$K6) -> 0 | E31: =IF($V$2=0,$E6,$L6) -> 0 | F31: =IF($V$2=0,$F6,$M6) -> 0 | I31: =$B10 -> 0 | J31: =IF($V$2=0,$C10,$J10) -> 0 | K31: =IF($V$2=0,$D10,$K10) -> 0 | L31: =IF($V$2=0,$E10,$L10) -> 0 | M31: =IF($V$2=0,$F10,$M10) -> 0
B32: =$B7 -> 0 | C32: =IF($V$2=0,$C7,$J7) -> 0 | D32: =IF($V$2=0,$D7,$K7) -> 0 | E32: =IF($V$2=0,$E7,$L7) -> 0 | F32: =IF($V$2=0,$F7,$M7) -> 0 | I32: =$B11 -> 0 | J32: =IF($V$2=0,$C11,$J11) -> 0 | K32: =IF($V$2=0,$D11,$K11) -> 0 | L32: =IF($V$2=0,$E11,$L11) -> 0 | M32: =IF($V$2=0,$F11,$M11) -> 0
C33: =SUM(C29:C32) -> 0 | D33: =SUM(D29:D32) -> 0 | E33: =SUM(E29:E32) -> 0 | F33: =SUM(F29:F32) -> 0 | J33: =SUM(J29:J32) -> 0 | K33: =SUM(K29:K32) -> 0 | L33: =SUM(L29:L32) -> 0 | M33: =SUM(M29:M32) -> 0
B35: =$B12 -> 0 | C35: =IF($V$2=0,$C12,$J12) -> 0 | D35: =IF($V$2=0,$D12,$K12) -> 0 | E35: =IF($V$2=0,$E12,$L12) -> 0 | F35: =IF($V$2=0,$F12,$M12) -> 0 | G35: =E39+D39+C39+F39 -> 0 | I35: =$B16 -> 0 | J35: =IF($V$2=0,$C16,$J16) -> 0 | K35: =IF($V$2=0,$D16,$K16) -> 0 | L35: =IF($V$2=0,$E16,$L16) -> 0 | M35: =IF($V$2=0,$F16,$M16) -> 0 | N35: =L39+K39+J39+M39 -> 0
B36: =$B13 -> 0 | C36: =IF($V$2=0,$C13,$J13) -> 0 | D36: =IF($V$2=0,$D13,$K13) -> 0 | E36: =IF($V$2=0,$E13,$L13) -> 0 | F36: =IF($V$2=0,$F13,$M13) -> 0 | I36: =$B17 -> 0 | J36: =IF($V$2=0,$C17,$J17) -> 0 | K36: =IF($V$2=0,$D17,$K17) -> 0 | L36: =IF($V$2=0,$E17,$L17) -> 0 | M36: =IF($V$2=0,$F17,$M17) -> 0
B37: =$B14 -> 0 | C37: =IF($V$2=0,$C14,$J14) -> 0 | D37: =IF($V$2=0,$D14,$K14) -> 0 | E37: =IF($V$2=0,$E14,$L14) -> 0 | F37: =IF($V$2=0,$F14,$M14) -> 0 | I37: =$B18 -> 0 | J37: =IF($V$2=0,$C18,$J18) -> 0 | K37: =IF($V$2=0,$D18,$K18) -> 0 | L37: =IF($V$2=0,$E18,$L18) -> 0 | M37: =IF($V$2=0,$F18,$M18) -> 0
B38: =$B15 -> 0 | C38: =IF($V$2=0,$C15,$J15) -> 0 | D38: =IF($V$2=0,$D15,$K15) -> 0 | E38: =IF($V$2=0,$E15,$L15) -> 0 | F38: =IF($V$2=0,$F15,$M15) -> 0 | I38: =$B19 -> 0 | J38: =IF($V$2=0,$C19,$J19) -> 0 | K38: =IF($V$2=0,$D19,$K19) -> 0 | L38: =IF($V$2=0,$E19,$L19) -> 0 | M38: =IF($V$2=0,$F19,$M19) -> 0
C39: =SUM(C35:C38) -> 0 | D39: =SUM(D35:D38) -> 0 | E39: =SUM(E35:E38) -> 0 | F39: =SUM(F35:F38) -> 0 | J39: =SUM(J35:J38) -> 0 | K39: =SUM(K35:K38) -> 0 | L39: =SUM(L35:L38) -> 0 | M39: =SUM(M35:M38) -> 0
B41: =$B20 -> 0 | C41: =IF($V$2=0,$C20,$J20) -> 0 | D41: =IF($V$2=0,$D20,$K20) -> 0 | E41: =IF($V$2=0,$E20,$L20) -> 0 | F41: =IF($V$2=0,$F20,$M20) -> 0 | G41: =E45+D45+C45+F45 -> 0 | I41: =$B24 -> 0 | J41: =IF($V$2=0,$C24,$J24) -> 0 | K41: =IF($V$2=0,$D24,$K24) -> 0 | L41: =IF($V$2=0,$E24,$L24) -> 0 | M41: =IF($V$2=0,$F24,$M24) -> 0 | N41: =L45+K45+J45+M45 -> 0
B42: =$B21 -> 0 | C42: =IF($V$2=0,$C21,$J21) -> 0 | D42: =IF($V$2=0,$D21,$K21) -> 0 | E42: =IF($V$2=0,$E21,$L21) -> 0 | F42: =IF($V$2=0,$F21,$M21) -> 0 | I42: =$B25 -> 0 | J42: =IF($V$2=0,$C25,$J25) -> 0 | K42: =IF($V$2=0,$D25,$K25) -> 0 | L42: =IF($V$2=0,$E25,$L25) -> 0 | M42: =IF($V$2=0,$F25,$M25) -> 0
B43: =$B22 -> 0 | C43: =IF($V$2=0,$C22,$J22) -> 0 | D43: =IF($V$2=0,$D22,$K22) -> 0 | E43: =IF($V$2=0,$E22,$L22) -> 0 | F43: =IF($V$2=0,$F22,$M22) -> 0 | I43: =$B26 -> 0 | J43: =IF($V$2=0,$C26,$J26) -> 0 | K43: =IF($V$2=0,$D26,$K26) -> 0 | L43: =IF($V$2=0,$E26,$L26) -> 0 | M43: =IF($V$2=0,$F26,$M26) -> 0
B44: =$B23 -> 0 | C44: =IF($V$2=0,$C23,$J23) -> 0 | D44: =IF($V$2=0,$D23,$K23) -> 0 | E44: =IF($V$2=0,$E23,$L23) -> 0 | F44: =IF($V$2=0,$F23,$M23) -> 0 | I44: =$B27 -> 0 | J44: =IF($V$2=0,$C27,$J27) -> 0 | K44: =IF($V$2=0,$D27,$K27) -> 0 | L44: =IF($V$2=0,$E27,$L27) -> 0 | M44: =IF($V$2=0,$F27,$M27) -> 0
C45: =SUM(C41:C44) -> 0 | D45: =SUM(D41:D44) -> 0 | E45: =SUM(E41:E44) -> 0 | F45: =SUM(F41:F44) -> 0 | J45: =SUM(J41:J44) -> 0 | K45: =SUM(K41:K44) -> 0 | L45: =SUM(L41:L44) -> 0 | M45: =SUM(M41:M44) -> 0
A48: =A1 -> 2026 아르케 존 00회 정기 번개 점수
L49: 날짜 | N49: =N2 -> 46113
B50: 이 름 | C50: 1 G | D50: 2 G | E50: 3 G | F50: 4G | G50: 합 계 | H50: 에 버 | I50: 기본에버 | J50: 1 G | K50: 2 G | L50: 3 G | M50: 4G | N50: 합 계 | O50: 오 차
A51: 1 | B51: {=INDEX($B$4:$O$27,MATCH($A51,$W$4:$W$27,0),COLUMN(A$1))} -> 0 | C51: {=INDEX($B$4:$O$27,MATCH($A51,$W$4:$W$27,0),COLUMN(B$1))} -> 0 | D51: {=INDEX($B$4:$O$27,MATCH($A51,$W$4:$W$27,0),COLUMN(C$1))} -> 0 | E51: {=INDEX($B$4:$O$27,MATCH($A51,$W$4:$W$27,0),COLUMN(D$1))} -> 0 | F51: {=INDEX($B$4:$O$27,MATCH($A51,$W$4:$W$27,0),COLUMN(E$1))} -> 0 | G51: =SUM(C51:F51) -> 0 | H51: =G51/4 -> 0 | I51: =IF(B51="","",IFERROR(INDEX('회원명단 및 기준에버'!D:G,MATCH(B51,'회원명단 및 기준에버'!$C:$C,0),CHOOSE(INT((MONTH($N$2)-1)/3)+1,1,2,3,4)),"")) | J51: =IFERROR(C51+-I51,0) -> 0 | K51: =IFERROR(D51+-I51,0) -> 0 | L51: =IFERROR(E51+-I51,0) -> 0 | M51: =IFERROR(F51+-I51,0) -> 0 | N51: =SUM(J51:M51) -> 0 | O51: =IFERROR(H51+-I51,0) -> 0
A52: 2 | B52: {=INDEX($B$4:$O$27,MATCH($A52,$W$4:$W$27,0),COLUMN(A$1))} -> 0 | C52: {=INDEX($B$4:$O$27,MATCH($A52,$W$4:$W$27,0),COLUMN(B$1))} -> 0 | D52: {=INDEX($B$4:$O$27,MATCH($A52,$W$4:$W$27,0),COLUMN(C$1))} -> 0 | E52: {=INDEX($B$4:$O$27,MATCH($A52,$W$4:$W$27,0),COLUMN(D$1))} -> 0 | F52: {=INDEX($B$4:$O$27,MATCH($A52,$W$4:$W$27,0),COLUMN(E$1))} -> 0 | G52: =SUM(C52:F52) -> 0 | H52: =G52/4 -> 0 | I52: =IF(B52="","",IFERROR(INDEX('회원명단 및 기준에버'!D:G,MATCH(B52,'회원명단 및 기준에버'!$C:$C,0),CHOOSE(INT((MONTH($N$2)-1)/3)+1,1,2,3,4)),"")) | J52: =IFERROR(C52+-I52,0) -> 0 | K52: =IFERROR(D52+-I52,0) -> 0 | L52: =IFERROR(E52+-I52,0) -> 0 | M52: =IFERROR(F52+-I52,0) -> 0 | N52: =SUM(J52:M52) -> 0 | O52: =IFERROR(H52+-I52,0) -> 0
A53: 3 | B53: {=INDEX($B$4:$O$27,MATCH($A53,$W$4:$W$27,0),COLUMN(A$1))} -> 0 | C53: {=INDEX($B$4:$O$27,MATCH($A53,$W$4:$W$27,0),COLUMN(B$1))} -> 0 | D53: {=INDEX($B$4:$O$27,MATCH($A53,$W$4:$W$27,0),COLUMN(C$1))} -> 0 | E53: {=INDEX($B$4:$O$27,MATCH($A53,$W$4:$W$27,0),COLUMN(D$1))} -> 0 | F53: {=INDEX($B$4:$O$27,MATCH($A53,$W$4:$W$27,0),COLUMN(E$1))} -> 0 | G53: =SUM(C53:F53) -> 0 | H53: =G53/4 -> 0 | I53: =IF(B53="","",IFERROR(INDEX('회원명단 및 기준에버'!D:G,MATCH(B53,'회원명단 및 기준에버'!$C:$C,0),CHOOSE(INT((MONTH($N$2)-1)/3)+1,1,2,3,4)),"")) | J53: =IFERROR(C53+-I53,0) -> 0 | K53: =IFERROR(D53+-I53,0) -> 0 | L53: =IFERROR(E53+-I53,0) -> 0 | M53: =IFERROR(F53+-I53,0) -> 0 | N53: =SUM(J53:M53) -> 0 | O53: =IFERROR(H53+-I53,0) -> 0
A54: 4 | B54: {=INDEX($B$4:$O$27,MATCH($A54,$W$4:$W$27,0),COLUMN(A$1))} -> 0 | C54: {=INDEX($B$4:$O$27,MATCH($A54,$W$4:$W$27,0),COLUMN(B$1))} -> 0 | D54: {=INDEX($B$4:$O$27,MATCH($A54,$W$4:$W$27,0),COLUMN(C$1))} -> 0 | E54: {=INDEX($B$4:$O$27,MATCH($A54,$W$4:$W$27,0),COLUMN(D$1))} -> 0 | F54: {=INDEX($B$4:$O$27,MATCH($A54,$W$4:$W$27,0),COLUMN(E$1))} -> 0 | G54: =SUM(C54:F54) -> 0 | H54: =G54/4 -> 0 | I54: =IF(B54="","",IFERROR(INDEX('회원명단 및 기준에버'!D:G,MATCH(B54,'회원명단 및 기준에버'!$C:$C,0),CHOOSE(INT((MONTH($N$2)-1)/3)+1,1,2,3,4)),"")) | J54: =IFERROR(C54+-I54,0) -> 0 | K54: =IFERROR(D54+-I54,0) -> 0 | L54: =IFERROR(E54+-I54,0) -> 0 | M54: =IFERROR(F54+-I54,0) -> 0 | N54: =SUM(J54:M54) -> 0 | O54: =IFERROR(H54+-I54,0) -> 0
A55: 5 | B55: {=INDEX($B$4:$O$27,MATCH($A55,$W$4:$W$27,0),COLUMN(A$1))} -> 0 | C55: {=INDEX($B$4:$O$27,MATCH($A55,$W$4:$W$27,0),COLUMN(B$1))} -> 0 | D55: {=INDEX($B$4:$O$27,MATCH($A55,$W$4:$W$27,0),COLUMN(C$1))} -> 0 | E55: {=INDEX($B$4:$O$27,MATCH($A55,$W$4:$W$27,0),COLUMN(D$1))} -> 0 | F55: {=INDEX($B$4:$O$27,MATCH($A55,$W$4:$W$27,0),COLUMN(E$1))} -> 0 | G55: =SUM(C55:E55) -> 0 | H55: =G55/4 -> 0 | I55: =IF(B55="","",IFERROR(INDEX('회원명단 및 기준에버'!D:G,MATCH(B55,'회원명단 및 기준에버'!$C:$C,0),CHOOSE(INT((MONTH($N$2)-1)/3)+1,1,2,3,4)),"")) | J55: =IFERROR(C55+-I55,0) -> 0 | K55: =IFERROR(D55+-I55,0) -> 0 | L55: =IFERROR(E55+-I55,0) -> 0 | M55: =IFERROR(F55+-I55,0) -> 0 | N55: =SUM(J55:M55) -> 0 | O55: =IFERROR(H55+-I55,0) -> 0
A56: 6 | B56: {=INDEX($B$4:$O$27,MATCH($A56,$W$4:$W$27,0),COLUMN(A$1))} -> 0 | C56: {=INDEX($B$4:$O$27,MATCH($A56,$W$4:$W$27,0),COLUMN(B$1))} -> 0 | D56: {=INDEX($B$4:$O$27,MATCH($A56,$W$4:$W$27,0),COLUMN(C$1))} -> 0 | E56: {=INDEX($B$4:$O$27,MATCH($A56,$W$4:$W$27,0),COLUMN(D$1))} -> 0 | F56: {=INDEX($B$4:$O$27,MATCH($A56,$W$4:$W$27,0),COLUMN(E$1))} -> 0 | G56: =SUM(C56:E56) -> 0 | H56: =G56/4 -> 0 | I56: =IF(B56="","",IFERROR(INDEX('회원명단 및 기준에버'!D:G,MATCH(B56,'회원명단 및 기준에버'!$C:$C,0),CHOOSE(INT((MONTH($N$2)-1)/3)+1,1,2,3,4)),"")) | J56: =IFERROR(C56+-I56,0) -> 0 | K56: =IFERROR(D56+-I56,0) -> 0 | L56: =IFERROR(E56+-I56,0) -> 0 | M56: =IFERROR(F56+-I56,0) -> 0 | N56: =SUM(J56:M56) -> 0 | O56: =IFERROR(H56+-I56,0) -> 0
A57: 7 | B57: {=INDEX($B$4:$O$27,MATCH($A57,$W$4:$W$27,0),COLUMN(A$1))} -> 0 | C57: {=INDEX($B$4:$O$27,MATCH($A57,$W$4:$W$27,0),COLUMN(B$1))} -> 0 | D57: {=INDEX($B$4:$O$27,MATCH($A57,$W$4:$W$27,0),COLUMN(C$1))} -> 0 | E57: {=INDEX($B$4:$O$27,MATCH($A57,$W$4:$W$27,0),COLUMN(D$1))} -> 0 | F57: {=INDEX($B$4:$O$27,MATCH($A57,$W$4:$W$27,0),COLUMN(E$1))} -> 0 | G57: =SUM(C57:E57) -> 0 | H57: =G57/4 -> 0 | I57: =IF(B57="","",IFERROR(INDEX('회원명단 및 기준에버'!D:G,MATCH(B57,'회원명단 및 기준에버'!$C:$C,0),CHOOSE(INT((MONTH($N$2)-1)/3)+1,1,2,3,4)),"")) | J57: =IFERROR(C57+-I57,0) -> 0 | K57: =IFERROR(D57+-I57,0) -> 0 | L57: =IFERROR(E57+-I57,0) -> 0 | M57: =IFERROR(F57+-I57,0) -> 0 | N57: =SUM(J57:M57) -> 0 | O57: =IFERROR(H57+-I57,0) -> 0
A58: 8 | B58: {=INDEX($B$4:$O$27,MATCH($A58,$W$4:$W$27,0),COLUMN(A$1))} -> 0 | C58: {=INDEX($B$4:$O$27,MATCH($A58,$W$4:$W$27,0),COLUMN(B$1))} -> 0 | D58: {=INDEX($B$4:$O$27,MATCH($A58,$W$4:$W$27,0),COLUMN(C$1))} -> 0 | E58: {=INDEX($B$4:$O$27,MATCH($A58,$W$4:$W$27,0),COLUMN(D$1))} -> 0 | F58: {=INDEX($B$4:$O$27,MATCH($A58,$W$4:$W$27,0),COLUMN(E$1))} -> 0 | G58: =SUM(C58:E58) -> 0 | H58: =G58/4 -> 0 | I58: =IF(B58="","",IFERROR(INDEX('회원명단 및 기준에버'!D:G,MATCH(B58,'회원명단 및 기준에버'!$C:$C,0),CHOOSE(INT((MONTH($N$2)-1)/3)+1,1,2,3,4)),"")) | J58: =IFERROR(C58+-I58,0) -> 0 | K58: =IFERROR(D58+-I58,0) -> 0 | L58: =IFERROR(E58+-I58,0) -> 0 | M58: =IFERROR(F58+-I58,0) -> 0 | N58: =SUM(J58:M58) -> 0 | O58: =IFERROR(H58+-I58,0) -> 0
A59: 9 | B59: {=INDEX($B$4:$O$27,MATCH($A59,$W$4:$W$27,0),COLUMN(A$1))} -> 0 | C59: {=INDEX($B$4:$O$27,MATCH($A59,$W$4:$W$27,0),COLUMN(B$1))} -> 0 | D59: {=INDEX($B$4:$O$27,MATCH($A59,$W$4:$W$27,0),COLUMN(C$1))} -> 0 | E59: {=INDEX($B$4:$O$27,MATCH($A59,$W$4:$W$27,0),COLUMN(D$1))} -> 0 | F59: {=INDEX($B$4:$O$27,MATCH($A59,$W$4:$W$27,0),COLUMN(E$1))} -> 0 | G59: =SUM(C59:E59) -> 0 | H59: =G59/4 -> 0 | I59: =IF(B59="","",IFERROR(INDEX('회원명단 및 기준에버'!D:G,MATCH(B59,'회원명단 및 기준에버'!$C:$C,0),CHOOSE(INT((MONTH($N$2)-1)/3)+1,1,2,3,4)),"")) | J59: =IFERROR(C59+-I59,0) -> 0 | K59: =IFERROR(D59+-I59,0) -> 0 | L59: =IFERROR(E59+-I59,0) -> 0 | M59: =IFERROR(F59+-I59,0) -> 0 | N59: =SUM(J59:M59) -> 0 | O59: =IFERROR(H59+-I59,0) -> 0
A60: 10 | B60: {=INDEX($B$4:$O$27,MATCH($A60,$W$4:$W$27,0),COLUMN(A$1))} -> 0 | C60: {=INDEX($B$4:$O$27,MATCH($A60,$W$4:$W$27,0),COLUMN(B$1))} -> 0 | D60: {=INDEX($B$4:$O$27,MATCH($A60,$W$4:$W$27,0),COLUMN(C$1))} -> 0 | E60: {=INDEX($B$4:$O$27,MATCH($A60,$W$4:$W$27,0),COLUMN(D$1))} -> 0 | F60: {=INDEX($B$4:$O$27,MATCH($A60,$W$4:$W$27,0),COLUMN(E$1))} -> 0 | G60: =SUM(C60:E60) -> 0 | H60: =G60/4 -> 0 | I60: =IF(B60="","",IFERROR(INDEX('회원명단 및 기준에버'!D:G,MATCH(B60,'회원명단 및 기준에버'!$C:$C,0),CHOOSE(INT((MONTH($N$2)-1)/3)+1,1,2,3,4)),"")) | J60: =IFERROR(C60+-I60,0) -> 0 | K60: =IFERROR(D60+-I60,0) -> 0 | L60: =IFERROR(E60+-I60,0) -> 0 | M60: =IFERROR(F60+-I60,0) -> 0 | N60: =SUM(J60:M60) -> 0 | O60: =IFERROR(H60+-I60,0) -> 0
A61: 11 | B61: {=INDEX($B$4:$O$27,MATCH($A61,$W$4:$W$27,0),COLUMN(A$1))} -> 0 | C61: {=INDEX($B$4:$O$27,MATCH($A61,$W$4:$W$27,0),COLUMN(B$1))} -> 0 | D61: {=INDEX($B$4:$O$27,MATCH($A61,$W$4:$W$27,0),COLUMN(C$1))} -> 0 | E61: {=INDEX($B$4:$O$27,MATCH($A61,$W$4:$W$27,0),COLUMN(D$1))} -> 0 | F61: {=INDEX($B$4:$O$27,MATCH($A61,$W$4:$W$27,0),COLUMN(E$1))} -> 0 | G61: =SUM(C61:E61) -> 0 | H61: =G61/4 -> 0 | I61: =IF(B61="","",IFERROR(INDEX('회원명단 및 기준에버'!D:G,MATCH(B61,'회원명단 및 기준에버'!$C:$C,0),CHOOSE(INT((MONTH($N$2)-1)/3)+1,1,2,3,4)),"")) | J61: =IFERROR(C61+-I61,0) -> 0 | K61: =IFERROR(D61+-I61,0) -> 0 | L61: =IFERROR(E61+-I61,0) -> 0 | M61: =IFERROR(F61+-I61,0) -> 0 | N61: =SUM(J61:M61) -> 0 | O61: =IFERROR(H61+-I61,0) -> 0
A62: 12 | B62: {=INDEX($B$4:$O$27,MATCH($A62,$W$4:$W$27,0),COLUMN(A$1))} -> 0 | C62: {=INDEX($B$4:$O$27,MATCH($A62,$W$4:$W$27,0),COLUMN(B$1))} -> 0 | D62: {=INDEX($B$4:$O$27,MATCH($A62,$W$4:$W$27,0),COLUMN(C$1))} -> 0 | E62: {=INDEX($B$4:$O$27,MATCH($A62,$W$4:$W$27,0),COLUMN(D$1))} -> 0 | F62: {=INDEX($B$4:$O$27,MATCH($A62,$W$4:$W$27,0),COLUMN(E$1))} -> 0 | G62: =SUM(C62:E62) -> 0 | H62: =G62/4 -> 0 | I62: =IF(B62="","",IFERROR(INDEX('회원명단 및 기준에버'!D:G,MATCH(B62,'회원명단 및 기준에버'!$C:$C,0),CHOOSE(INT((MONTH($N$2)-1)/3)+1,1,2,3,4)),"")) | J62: =IFERROR(C62+-I62,0) -> 0 | K62: =IFERROR(D62+-I62,0) -> 0 | L62: =IFERROR(E62+-I62,0) -> 0 | M62: =IFERROR(F62+-I62,0) -> 0 | N62: =SUM(J62:M62) -> 0 | O62: =IFERROR(H62+-I62,0) -> 0
A63: 13 | B63: {=INDEX($B$4:$O$27,MATCH($A63,$W$4:$W$27,0),COLUMN(A$1))} -> 0 | C63: {=INDEX($B$4:$O$27,MATCH($A63,$W$4:$W$27,0),COLUMN(B$1))} -> 0 | D63: {=INDEX($B$4:$O$27,MATCH($A63,$W$4:$W$27,0),COLUMN(C$1))} -> 0 | E63: {=INDEX($B$4:$O$27,MATCH($A63,$W$4:$W$27,0),COLUMN(D$1))} -> 0 | F63: {=INDEX($B$4:$O$27,MATCH($A63,$W$4:$W$27,0),COLUMN(E$1))} -> 0 | G63: =SUM(C63:E63) -> 0 | H63: =G63/4 -> 0 | I63: =IF(B63="","",IFERROR(INDEX('회원명단 및 기준에버'!D:G,MATCH(B63,'회원명단 및 기준에버'!$C:$C,0),CHOOSE(INT((MONTH($N$2)-1)/3)+1,1,2,3,4)),"")) | J63: =IFERROR(C63+-I63,0) -> 0 | K63: =IFERROR(D63+-I63,0) -> 0 | L63: =IFERROR(E63+-I63,0) -> 0 | M63: =IFERROR(F63+-I63,0) -> 0 | N63: =SUM(J63:M63) -> 0 | O63: =IFERROR(H63+-I63,0) -> 0
A64: 14 | B64: {=INDEX($B$4:$O$27,MATCH($A64,$W$4:$W$27,0),COLUMN(A$1))} -> 0 | C64: {=INDEX($B$4:$O$27,MATCH($A64,$W$4:$W$27,0),COLUMN(B$1))} -> 0 | D64: {=INDEX($B$4:$O$27,MATCH($A64,$W$4:$W$27,0),COLUMN(C$1))} -> 0 | E64: {=INDEX($B$4:$O$27,MATCH($A64,$W$4:$W$27,0),COLUMN(D$1))} -> 0 | F64: {=INDEX($B$4:$O$27,MATCH($A64,$W$4:$W$27,0),COLUMN(E$1))} -> 0 | G64: =SUM(C64:E64) -> 0 | H64: =G64/4 -> 0 | I64: =IF(B64="","",IFERROR(INDEX('회원명단 및 기준에버'!D:G,MATCH(B64,'회원명단 및 기준에버'!$C:$C,0),CHOOSE(INT((MONTH($N$2)-1)/3)+1,1,2,3,4)),"")) | J64: =IFERROR(C64+-I64,0) -> 0 | K64: =IFERROR(D64+-I64,0) -> 0 | L64: =IFERROR(E64+-I64,0) -> 0 | M64: =IFERROR(F64+-I64,0) -> 0 | N64: =SUM(J64:M64) -> 0 | O64: =IFERROR(H64+-I64,0) -> 0
A65: 15 | B65: {=INDEX($B$4:$O$27,MATCH($A65,$W$4:$W$27,0),COLUMN(A$1))} -> 0 | C65: {=INDEX($B$4:$O$27,MATCH($A65,$W$4:$W$27,0),COLUMN(B$1))} -> 0 | D65: {=INDEX($B$4:$O$27,MATCH($A65,$W$4:$W$27,0),COLUMN(C$1))} -> 0 | E65: {=INDEX($B$4:$O$27,MATCH($A65,$W$4:$W$27,0),COLUMN(D$1))} -> 0 | F65: {=INDEX($B$4:$O$27,MATCH($A65,$W$4:$W$27,0),COLUMN(E$1))} -> 0 | G65: =SUM(C65:E65) -> 0 | H65: =G65/4 -> 0 | I65: =IF(B65="","",IFERROR(INDEX('회원명단 및 기준에버'!D:G,MATCH(B65,'회원명단 및 기준에버'!$C:$C,0),CHOOSE(INT((MONTH($N$2)-1)/3)+1,1,2,3,4)),"")) | J65: =IFERROR(C65+-I65,0) -> 0 | K65: =IFERROR(D65+-I65,0) -> 0 | L65: =IFERROR(E65+-I65,0) -> 0 | M65: =IFERROR(F65+-I65,0) -> 0 | N65: =SUM(J65:M65) -> 0 | O65: =IFERROR(H65+-I65,0) -> 0
A66: 16 | B66: {=INDEX($B$4:$O$27,MATCH($A66,$W$4:$W$27,0),COLUMN(A$1))} -> 0 | C66: {=INDEX($B$4:$O$27,MATCH($A66,$W$4:$W$27,0),COLUMN(B$1))} -> 0 | D66: {=INDEX($B$4:$O$27,MATCH($A66,$W$4:$W$27,0),COLUMN(C$1))} -> 0 | E66: {=INDEX($B$4:$O$27,MATCH($A66,$W$4:$W$27,0),COLUMN(D$1))} -> 0 | F66: {=INDEX($B$4:$O$27,MATCH($A66,$W$4:$W$27,0),COLUMN(E$1))} -> 0 | G66: =SUM(C66:E66) -> 0 | H66: =G66/4 -> 0 | I66: =IF(B66="","",IFERROR(INDEX('회원명단 및 기준에버'!D:G,MATCH(B66,'회원명단 및 기준에버'!$C:$C,0),CHOOSE(INT((MONTH($N$2)-1)/3)+1,1,2,3,4)),"")) | J66: =IFERROR(C66+-I66,0) -> 0 | K66: =IFERROR(D66+-I66,0) -> 0 | L66: =IFERROR(E66+-I66,0) -> 0 | M66: =IFERROR(F66+-I66,0) -> 0 | N66: =SUM(J66:M66) -> 0 | O66: =IFERROR(H66+-I66,0) -> 0
... A74: 24 | B74: {=INDEX($B$4:$O$27,MATCH($A74,$W$4:$W$27,0),COLUMN(A$1))} -> 0 | C74: {=INDEX($B$4:$O$27,MATCH($A74,$W$4:$W$27,0),COLUMN(B$1))} -> 0 | D74: {=INDEX($B$4:$O$27,MATCH($A74,$W$4:$W$27,0),COLUMN(C$1))} -> 0 | E74: {=INDEX($B$4:$O$27,MATCH($A74,$W$4:$W$27,0),COLUMN(D$1))} -> 0 | F74: {=INDEX($B$4:$O$27,MATCH($A74,$W$4:$W$27,0),COLUMN(E$1))} -> 0 | G74: =SUM(C74:E74) -> 0 | H74: =G74/4 -> 0 | I74: =IF(B74="","",IFERROR(INDEX('회원명단 및 기준에버'!D:G,MATCH(B74,'회원명단 및 기준에버'!$C:$C,0),CHOOSE(INT((MONTH($N$2)-1)/3)+1,1,2,3,4)),"")) | J74: =IFERROR(C74+-I74,0) -> 0 | K74: =IFERROR(D74+-I74,0) -> 0 | L74: =IFERROR(E74+-I74,0) -> 0 | M74: =IFERROR(F74+-I74,0) -> 0 | N74: =SUM(J74:M74) -> 0 | O74: =IFERROR(H74+-I74,0) -> 0
B75: 팀 전
B76: =IF(B29="","",B29) -> 0 | C76: =IF(C29="","",C29) -> 0 | D76: =IF(D29="","",D29) -> 0 | E76: =IF(E29="","",E29) -> 0 | G76: =IF(G29="","",G29) -> 0 | H76: =IF(H29="","",H29) | I76: =IF(I29="","",I29) -> 0 | J76: =IF(J29="","",J29) -> 0 | K76: =IF(K29="","",K29) -> 0 | L76: =IF(L29="","",L29) -> 0 | N76: =IF(N29="","",N29) -> 0 | O76: =IF(O29="","",O29)
B77: =IF(B30="","",B30) -> 0 | C77: =IF(C30="","",C30) -> 0 | D77: =IF(D30="","",D30) -> 0 | E77: =IF(E30="","",E30) -> 0 | G77: =IF(G30="","",G30) | H77: =IF(H30="","",H30) | I77: =IF(I30="","",I30) -> 0 | J77: =IF(J30="","",J30) -> 0 | K77: =IF(K30="","",K30) -> 0 | L77: =IF(L30="","",L30) -> 0 | N77: =IF(N30="","",N30) | O77: =IF(O30="","",O30)
B78: =IF(B31="","",B31) -> 0 | C78: =IF(C31="","",C31) -> 0 | D78: =IF(D31="","",D31) -> 0 | E78: =IF(E31="","",E31) -> 0 | G78: =IF(G31="","",G31) | H78: =IF(H31="","",H31) | I78: =IF(I31="","",I31) -> 0 | J78: =IF(J31="","",J31) -> 0 | K78: =IF(K31="","",K31) -> 0 | L78: =IF(L31="","",L31) -> 0 | N78: =IF(N31="","",N31) | O78: =IF(O31="","",O31)
B79: =IF(B32="","",B32) -> 0 | C79: =IF(C32="","",C32) -> 0 | D79: =IF(D32="","",D32) -> 0 | E79: =IF(E32="","",E32) -> 0 | G79: =IF(G32="","",G32) | H79: =IF(H32="","",H32) | I79: =IF(I32="","",I32) -> 0 | J79: =IF(J32="","",J32) -> 0 | K79: =IF(K32="","",K32) -> 0 | L79: =IF(L32="","",L32) -> 0 | N79: =IF(N32="","",N32) | O79: =IF(O32="","",O32)
B80: =IF(B33="","",B33) | C80: =IF(C33="","",C33) -> 0 | D80: =IF(D33="","",D33) -> 0 | E80: =IF(E33="","",E33) -> 0 | G80: =IF(G33="","",G33) | H80: =IF(H33="","",H33) | I80: =IF(I33="","",I33) | J80: =IF(J33="","",J33) -> 0 | K80: =IF(K33="","",K33) -> 0 | L80: =IF(L33="","",L33) -> 0 | N80: =IF(N33="","",N33) | O80: =IF(O33="","",O33)
B81: =IF(B34="","",B34) | C81: =IF(C34="","",C34) | D81: =IF(D34="","",D34) | E81: =IF(E34="","",E34) | G81: =IF(G34="","",G34) | H81: =IF(H34="","",H34) | I81: =IF(I34="","",I34) | J81: =IF(J34="","",J34) | K81: =IF(K34="","",K34) | L81: =IF(L34="","",L34) | N81: =IF(N34="","",N34) | O81: =IF(O34="","",O34)
B82: =IF(B35="","",B35) -> 0 | C82: =IF(C35="","",C35) -> 0 | D82: =IF(D35="","",D35) -> 0 | E82: =IF(E35="","",E35) -> 0 | G82: =IF(G35="","",G35) -> 0 | H82: =IF(H35="","",H35) | I82: =IF(I35="","",I35) -> 0 | J82: =IF(J35="","",J35) -> 0 | K82: =IF(K35="","",K35) -> 0 | L82: =IF(L35="","",L35) -> 0 | N82: =IF(N35="","",N35) -> 0 | O82: =IF(O35="","",O35)
B83: =IF(B36="","",B36) -> 0 | C83: =IF(C36="","",C36) -> 0 | D83: =IF(D36="","",D36) -> 0 | E83: =IF(E36="","",E36) -> 0 | G83: =IF(G36="","",G36) | H83: =IF(H36="","",H36) | I83: =IF(I36="","",I36) -> 0 | J83: =IF(J36="","",J36) -> 0 | K83: =IF(K36="","",K36) -> 0 | L83: =IF(L36="","",L36) -> 0 | N83: =IF(N36="","",N36) | O83: =IF(O36="","",O36)
B84: =IF(B37="","",B37) -> 0 | C84: =IF(C37="","",C37) -> 0 | D84: =IF(D37="","",D37) -> 0 | E84: =IF(E37="","",E37) -> 0 | G84: =IF(G37="","",G37) | H84: =IF(H37="","",H37) | I84: =IF(I37="","",I37) -> 0 | J84: =IF(J37="","",J37) -> 0 | K84: =IF(K37="","",K37) -> 0 | L84: =IF(L37="","",L37) -> 0 | N84: =IF(N37="","",N37) | O84: =IF(O37="","",O37)
B85: =IF(B38="","",B38) -> 0 | C85: =IF(C38="","",C38) -> 0 | D85: =IF(D38="","",D38) -> 0 | E85: =IF(E38="","",E38) -> 0 | G85: =IF(G38="","",G38) | H85: =IF(H38="","",H38) | I85: =IF(I38="","",I38) -> 0 | J85: =IF(J38="","",J38) -> 0 | K85: =IF(K38="","",K38) -> 0 | L85: =IF(L38="","",L38) -> 0 | N85: =IF(N38="","",N38) | O85: =IF(O38="","",O38)
B86: =IF(B39="","",B39) | C86: =IF(C39="","",C39) -> 0 | D86: =IF(D39="","",D39) -> 0 | E86: =IF(E39="","",E39) -> 0 | G86: =IF(G39="","",G39) | H86: =IF(H39="","",H39) | I86: =IF(I39="","",I39) | J86: =IF(J39="","",J39) -> 0 | K86: =IF(K39="","",K39) -> 0 | L86: =IF(L39="","",L39) -> 0 | N86: =IF(N39="","",N39) | O86: =IF(O39="","",O39)
B87: =IF(B40="","",B40) | C87: =IF(C40="","",C40) | D87: =IF(D40="","",D40) | E87: =IF(E40="","",E40) | G87: =IF(G40="","",G40) | H87: =IF(H40="","",H40) | I87: =IF(I40="","",I40) | J87: =IF(J40="","",J40) | K87: =IF(K40="","",K40) | L87: =IF(L40="","",L40) | N87: =IF(N40="","",N40) | O87: =IF(O40="","",O40)
... B92: =IF(B45="","",B45) | C92: =IF(C45="","",C45) -> 0 | D92: =IF(D45="","",D45) -> 0 | E92: =IF(E45="","",E45) -> 0 | G92: =IF(G45="","",G45) | H92: =IF(H45="","",H45) | I92: =IF(I45="","",I45) | J92: =IF(J45="","",J45) -> 0 | K92: =IF(K45="","",K45) -> 0 | L92: =IF(L45="","",L45) -> 0 | N92: =IF(N45="","",N45) | O92: =IF(O45="","",O45)

Sheet 07회번개
A1: 2026 아르케 존 07회 번개 모임 점수
L2: 날짜 | N2: 46121 | U2: 팀전에버기준 | V2: 1 | W2: 순위에버오차기준 | X2: 1
B3: 이 름 | C3: 1 G | D3: 2 G | E3: 3 G | F3: 4G | G3: 합 계 | H3: 에 버 | I3: 기본에버 | J3: 1 G | K3: 2 G | L3: 3 G | M3: 4G | N3: 합 계 | O3: 오 차 | U3: 수식입력부분 삭제하지마세요~
A4: 1 | B4: 장 영 민 | C4: 223 | D4: 149 | E4: 189 | F4: 225 | G4: =F4+E4+D4+C4 -> 786 | H4: =G4/4 -> 196.5 | I4: =IF(B4="","",IFERROR(INDEX('회원명단 및 기준에버'!D:G,MATCH(B4,'회원명단 및 기준에버'!$C:$C,0),CHOOSE(INT((MONTH($N$2)-1)/3)+1,1,2,3,4)),"")) -> 200 | J4: =IFERROR(C4+-I4,0) -> 23 | K4: =IFERROR(D4+-I4,0) -> -51 | L4: =IFERROR(E4+-I4,0) -> -11 | M4: =IFERROR(F4+-I4,0) -> 25 | N4: =SUM(J4:M4) -> -14 | O4: =IFERROR(H4+-I4,0) -> -3.5 | U4: =MAX(C4:F4)-MIN(C4:F4) -> 76 | V4: =IF($X$2=0,(G4*1000000+U4*1000+A4),(O4*1000000+U4*1000+A4)) -> -3423999 | W4: =_xlfn.RANK.EQ(V4,$V$4:$V$28,0) -> 12
A5: 2 | B5: 김 정 희 | C5: 199 | D5: 198 | E5: 202 | F5: 0 | G5: =F5+E5+D5+C5 -> 599 | H5: =G5/3 -> 199.66667 | I5: =IF(B5="","",IFERROR(INDEX('회원명단 및 기준에버'!D:G,MATCH(B5,'회원명단 및 기준에버'!$C:$C,0),CHOOSE(INT((MONTH($N$2)-1)/3)+1,1,2,3,4)),"")) -> 200 | J5: =IFERROR(C5+-I5,0) -> -1 | K5: =IFERROR(D5+-I5,0) -> -2 | L5: =IFERROR(E5+-I5,0) -> 2 | M5: 0 | N5: =SUM(J5:M5) -> -1 | O5: =IFERROR(H5+-I5,0) -> -0.33333333 | U5: =MAX(C5:F5)-MIN(C5:F5) -> 202 | V5: =IF($X$2=0,(G5*1000000+U5*1000+A5),(O5*1000000+U5*1000+A5)) -> -131331.33 | W5: =_xlfn.RANK.EQ(V5,$V$4:$V$28,0) -> 9
A6: 3 | B6: 황 인 교 | C6: 221 | D6: 190 | E6: 183 | F6: 199 | G6: =F6+E6+D6+C6 -> 793 | H6: =G6/4 -> 198.25 | I6: =IF(B6="","",IFERROR(INDEX('회원명단 및 기준에버'!D:G,MATCH(B6,'회원명단 및 기준에버'!$C:$C,0),CHOOSE(INT((MONTH($N$2)-1)/3)+1,1,2,3,4)),"")) -> 184 | J6: =IFERROR(C6+-I6,0) -> 37 | K6: =IFERROR(D6+-I6,0) -> 6 | L6: =IFERROR(E6+-I6,0) -> -1 | M6: =IFERROR(F6+-I6,0) -> 15 | N6: =SUM(J6:M6) -> 57 | O6: =IFERROR(H6+-I6,0) -> 14.25 | U6: =MAX(C6:F6)-MIN(C6:F6) -> 38 | V6: =IF($X$2=0,(G6*1000000+U6*1000+A6),(O6*1000000+U6*1000+A6)) -> 14288003 | W6: =_xlfn.RANK.EQ(V6,$V$4:$V$28,0) -> 3
A7: 4 | B7: 천 성 일 | C7: 190 | D7: 197 | E7: 217 | F7: 212 | G7: =F7+E7+D7+C7 -> 816 | H7: =G7/4 -> 204 | I7: =IF(B7="","",IFERROR(INDEX('회원명단 및 기준에버'!D:G,MATCH(B7,'회원명단 및 기준에버'!$C:$C,0),CHOOSE(INT((MONTH($N$2)-1)/3)+1,1,2,3,4)),"")) -> 191 | J7: =IFERROR(C7+-I7,0) -> -1 | K7: =IFERROR(D7+-I7,0) -> 6 | L7: =IFERROR(E7+-I7,0) -> 26 | M7: =IFERROR(F7+-I7,0) -> 21 | N7: =SUM(J7:M7) -> 52 | O7: =IFERROR(H7+-I7,0) -> 13 | U7: =MAX(C7:F7)-MIN(C7:F7) -> 27 | V7: =IF($X$2=0,(G7*1000000+U7*1000+A7),(O7*1000000+U7*1000+A7)) -> 13027004 | W7: =_xlfn.RANK.EQ(V7,$V$4:$V$28,0) -> 4
A8: 5 | B8: 김 미 란 | C8: 180 | D8: 156 | E8: 223 | F8: 159 | G8: =F8+E8+D8+C8 -> 718 | H8: =G8/4 -> 179.5 | I8: =IF(B8="","",IFERROR(INDEX('회원명단 및 기준에버'!D:G,MATCH(B8,'회원명단 및 기준에버'!$C:$C,0),CHOOSE(INT((MONTH($N$2)-1)/3)+1,1,2,3,4)),"")) -> 183 | J8: =IFERROR(C8+-I8,0) -> -3 | K8: =IFERROR(D8+-I8,0) -> -27 | L8: =IFERROR(E8+-I8,0) -> 40 | M8: =IFERROR(F8+-I8,0) -> -24 | N8: =SUM(J8:M8) -> -14 | O8: =IFERROR(H8+-I8,0) -> -3.5 | U8: =MAX(C8:F8)-MIN(C8:F8) -> 67 | V8: =IF($X$2=0,(G8*1000000+U8*1000+A8),(O8*1000000+U8*1000+A8)) -> -3432995 | W8: =_xlfn.RANK.EQ(V8,$V$4:$V$28,0) -> 14
A9: 6 | B9: 최 현 수 | C9: 256 | D9: 226 | E9: 192 | F9: 211 | G9: =F9+E9+D9+C9 -> 885 | H9: =G9/4 -> 221.25 | I9: =IF(B9="","",IFERROR(INDEX('회원명단 및 기준에버'!D:G,MATCH(B9,'회원명단 및 기준에버'!$C:$C,0),CHOOSE(INT((MONTH($N$2)-1)/3)+1,1,2,3,4)),"")) -> 200 | J9: =IFERROR(C9+-I9,0) -> 56 | K9: =IFERROR(D9+-I9,0) -> 26 | L9: =IFERROR(E9+-I9,0) -> -8 | M9: =IFERROR(F9+-I9,0) -> 11 | N9: =SUM(J9:M9) -> 85 | O9: =IFERROR(H9+-I9,0) -> 21.25 | U9: =MAX(C9:F9)-MIN(C9:F9) -> 64 | V9: =IF($X$2=0,(G9*1000000+U9*1000+A9),(O9*1000000+U9*1000+A9)) -> 21314006 | W9: =_xlfn.RANK.EQ(V9,$V$4:$V$28,0) -> 2
A10: 7 | B10: 이 승 미 | C10: 167 | D10: 163 | E10: 182 | F10: 160 | G10: =F10+E10+D10+C10 -> 672 | H10: =G10/4 -> 168 | I10: =IF(B10="","",IFERROR(INDEX('회원명단 및 기준에버'!D:G,MATCH(B10,'회원명단 및 기준에버'!$C:$C,0),CHOOSE(INT((MONTH($N$2)-1)/3)+1,1,2,3,4)),"")) -> 165 | J10: =IFERROR(C10+-I10,0) -> 2 | K10: =IFERROR(D10+-I10,0) -> -2 | L10: =IFERROR(E10+-I10,0) -> 17 | M10: =IFERROR(F10+-I10,0) -> -5 | N10: =SUM(J10:M10) -> 12 | O10: =IFERROR(H10+-I10,0) -> 3 | U10: =MAX(C10:F10)-MIN(C10:F10) -> 22 | V10: =IF($X$2=0,(G10*1000000+U10*1000+A10),(O10*1000000+U10*1000+A10)) -> 3022007 | W10: =_xlfn.RANK.EQ(V10,$V$4:$V$28,0) -> 8
A11: 8 | B11: 박 성 현 | C11: 155 | D11: 257 | E11: 204 | F11: 178 | G11: =F11+E11+D11+C11 -> 794 | H11: =G11/4 -> 198.5 | I11: =IF(B11="","",IFERROR(INDEX('회원명단 및 기준에버'!D:G,MATCH(B11,'회원명단 및 기준에버'!$C:$C,0),CHOOSE(INT((MONTH($N$2)-1)/3)+1,1,2,3,4)),"")) -> 191 | J11: =IFERROR(C11+-I11,0) -> -36 | K11: =IFERROR(D11+-I11,0) -> 66 | L11: =IFERROR(E11+-I11,0) -> 13 | M11: =IFERROR(F11+-I11,0) -> -13 | N11: =SUM(J11:M11) -> 30 | O11: =IFERROR(H11+-I11,0) -> 7.5 | U11: =MAX(C11:F11)-MIN(C11:F11) -> 102 | V11: =IF($X$2=0,(G11*1000000+U11*1000+A11),(O11*1000000+U11*1000+A11)) -> 7602008 | W11: =_xlfn.RANK.EQ(V11,$V$4:$V$28,0) -> 5
A12: 9 | B12: 고 경 훈 | C12: 209 | D12: 192 | E12: 182 | F12: 192 | G12: =F12+E12+D12+C12 -> 775 | H12: =G12/4 -> 193.75 | I12: =IF(B12="","",IFERROR(INDEX('회원명단 및 기준에버'!D:G,MATCH(B12,'회원명단 및 기준에버'!$C:$C,0),CHOOSE(INT((MONTH($N$2)-1)/3)+1,1,2,3,4)),"")) -> 196 | J12: =IFERROR(C12+-I12,0) -> 13 | K12: =IFERROR(D12+-I12,0) -> -4 | L12: =IFERROR(E12+-I12,0) -> -14 | M12: =IFERROR(F12+-I12,0) -> -4 | N12: =SUM(J12:M12) -> -9 | O12: =IFERROR(H12+-I12,0) -> -2.25 | U12: =MAX(C12:F12)-MIN(C12:F12) -> 27 | V12: =IF($X$2=0,(G12*1000000+U12*1000+A12),(O12*1000000+U12*1000+A12)) -> -2222991 | W12: =_xlfn.RANK.EQ(V12,$V$4:$V$28,0) -> 11
A13: 10 | B13: 임 연 진 | C13: 203 | D13: 269 | E13: 226 | F13: 211 | G13: =F13+E13+D13+C13 -> 909 | H13: =G13/4 -> 227.25 | I13: =IF(B13="","",IFERROR(INDEX('회원명단 및 기준에버'!D:G,MATCH(B13,'회원명단 및 기준에버'!$C:$C,0),CHOOSE(INT((MONTH($N$2)-1)/3)+1,1,2,3,4)),"")) -> 200 | J13: =IFERROR(C13+-I13,0) -> 3 | K13: =IFERROR(D13+-I13,0) -> 69 | L13: =IFERROR(E13+-I13,0) -> 26 | M13: =IFERROR(F13+-I13,0) -> 11 | N13: =SUM(J13:M13) -> 109 | O13: =IFERROR(H13+-I13,0) -> 27.25 | U13: =MAX(C13:F13)-MIN(C13:F13) -> 66 | V13: =IF($X$2=0,(G13*1000000+U13*1000+A13),(O13*1000000+U13*1000+A13)) -> 27316010 | W13: =_xlfn.RANK.EQ(V13,$V$4:$V$28,0) -> 1
A14: 11 | B14: 이 대 용 | C14: 205 | D14: 253 | E14: 188 | F14: 168 | G14: =F14+E14+D14+C14 -> 814 | H14: =G14/4 -> 203.5 | I14: =IF(B14="","",IFERROR(INDEX('회원명단 및 기준에버'!D:G,MATCH(B14,'회원명단 및 기준에버'!$C:$C,0),CHOOSE(INT((MONTH($N$2)-1)/3)+1,1,2,3,4)),"")) -> 200 | J14: =IFERROR(C14+-I14,0) -> 5 | K14: =IFERROR(D14+-I14,0) -> 53 | L14: =IFERROR(E14+-I14,0) -> -12 | M14: =IFERROR(F14+-I14,0) -> -32 | N14: =SUM(J14:M14) -> 14 | O14: =IFERROR(H14+-I14,0) -> 3.5 | U14: =MAX(C14:F14)-MIN(C14:F14) -> 85 | V14: =IF($X$2=0,(G14*1000000+U14*1000+A14),(O14*1000000+U14*1000+A14)) -> 3585011 | W14: =_xlfn.RANK.EQ(V14,$V$4:$V$28,0) -> 7
A15: 12 | B15: 지 옥 명 | C15: 166 | D15: 143 | E15: 184 | F15: 131 | G15: =F15+E15+D15+C15 -> 624 | H15: =G15/4 -> 156 | I15: =IF(B15="","",IFERROR(INDEX('회원명단 및 기준에버'!D:G,MATCH(B15,'회원명단 및 기준에버'!$C:$C,0),CHOOSE(INT((MONTH($N$2)-1)/3)+1,1,2,3,4)),"")) -> 177 | J15: =IFERROR(C15+-I15,0) -> -11 | K15: =IFERROR(D15+-I15,0) -> -34 | L15: =IFERROR(E15+-I15,0) -> 7 | M15: =IFERROR(F15+-I15,0) -> -46 | N15: =SUM(J15:M15) -> -84 | O15: =IFERROR(H15+-I15,0) -> -21 | U15: =MAX(C15:F15)-MIN(C15:F15) -> 53 | V15: =IF($X$2=0,(G15*1000000+U15*1000+A15),(O15*1000000+U15*1000+A15)) -> -20946988 | W15: =_xlfn.RANK.EQ(V15,$V$4:$V$28,0) -> 22
A16: 13 | B16: 정 영 우 | C16: 181 | D16: 191 | E16: 192 | F16: 169 | G16: =F16+E16+D16+C16 -> 733 | H16: =G16/4 -> 183.25 | I16: =IF(B16="","",IFERROR(INDEX('회원명단 및 기준에버'!D:G,MATCH(B16,'회원명단 및 기준에버'!$C:$C,0),CHOOSE(INT((MONTH($N$2)-1)/3)+1,1,2,3,4)),"")) -> 194 | J16: =IFERROR(C16+-I16,0) -> -13 | K16: =IFERROR(D16+-I16,0) -> -3 | L16: =IFERROR(E16+-I16,0) -> -2 | M16: =IFERROR(F16+-I16,0) -> -25 | N16: =SUM(J16:M16) -> -43 | O16: =IFERROR(H16+-I16,0) -> -10.75 | U16: =MAX(C16:F16)-MIN(C16:F16) -> 23 | V16: =IF($X$2=0,(G16*1000000+U16*1000+A16),(O16*1000000+U16*1000+A16)) -> -10726987 | W16: =_xlfn.RANK.EQ(V16,$V$4:$V$28,0) -> 16
A17: 14 | B17: 이 우 석 | C17: 187 | D17: 159 | E17: 191 | F17: 166 | G17: =F17+E17+D17+C17 -> 703 | H17: =G17/4 -> 175.75 | I17: =IF(B17="","",IFERROR(INDEX('회원명단 및 기준에버'!D:G,MATCH(B17,'회원명단 및 기준에버'!$C:$C,0),CHOOSE(INT((MONTH($N$2)-1)/3)+1,1,2,3,4)),"")) -> 199 | J17: =IFERROR(C17+-I17,0) -> -12 | K17: =IFERROR(D17+-I17,0) -> -40 | L17: =IFERROR(E17+-I17,0) -> -8 | M17: =IFERROR(F17+-I17,0) -> -33 | N17: =SUM(J17:M17) -> -93 | O17: =IFERROR(H17+-I17,0) -> -23.25 | U17: =MAX(C17:F17)-MIN(C17:F17) -> 32 | V17: =IF($X$2=0,(G17*1000000+U17*1000+A17),(O17*1000000+U17*1000+A17)) -> -23217986 | W17: =_xlfn.RANK.EQ(V17,$V$4:$V$28,0) -> 24
... A28: 25 | B28: 송 정 현 | C28: 144 | D28: 144 | E28: 215 | F28: 226 | G28: =F28+E28+D28+C28 -> 729 | H28: =G28/4 -> 182.25 | I28: =IF(B28="","",IFERROR(INDEX('회원명단 및 기준에버'!D:G,MATCH(B28,'회원명단 및 기준에버'!$C:$C,0),CHOOSE(INT((MONTH($N$2)-1)/3)+1,1,2,3,4)),"")) -> 200 | J28: =IFERROR(C28+-I28,0) -> -56 | K28: =IFERROR(D28+-I28,0) -> -56 | L28: =IFERROR(E28+-I28,0) -> 15 | M28: =IFERROR(F28+-I28,0) -> 26 | N28: =SUM(J28:M28) -> -71 | O28: =IFERROR(H28+-I28,0) -> -17.75 | U28: =MAX(C28:F28)-MIN(C28:F28) -> 82 | V28: =IF($X$2=0,(G28*1000000+U28*1000+A28),(O28*1000000+U28*1000+A28)) -> -17667975 | W28: =_xlfn.RANK.EQ(V28,$V$4:$V$28,0) -> 19
B29: 팀 전
B30: =$B4 -> 장 영 민 | C30: =IF($V$2=0,$C4,$J4) -> 23 | D30: =IF($V$2=0,$D4,$K4) -> -51 | E30: =IF($V$2=0,$E4,$L4) -> -11 | F30: =IF($V$2=0,$F4,$M4) -> 25 | G30: =E35+D35+C35+F35 -> 80 | H30: 2 | I30: =$B9 -> 최 현 수 | J30: =IF($V$2=0,$C9,$J9) -> 56 | K30: =IF($V$2=0,$D9,$K9) -> 26 | L30: =IF($V$2=0,$E9,$L9) -> -8 | M30: =IF($V$2=0,$F9,$M9) -> 11 | N30: =L35+K35+J35+M35 -> 227 | O30: 1
B31: =$B5 -> 김 정 희 | C31: =IF($V$2=0,$C5,$J5) -> -1 | D31: =IF($V$2=0,$D5,$K5) -> -2 | E31: =IF($V$2=0,$E5,$L5) -> 2 | F31: =IF($V$2=0,$F5,$M5) -> 0 | I31: =$B10 -> 이 승 미 | J31: =IF($V$2=0,$C10,$J10) -> 2 | K31: =IF($V$2=0,$D10,$K10) -> -2 | L31: =IF($V$2=0,$E10,$L10) -> 17 | M31: =IF($V$2=0,$F10,$M10) -> -5
B32: =$B6 -> 황 인 교 | C32: =IF($V$2=0,$C6,$J6) -> 37 | D32: =IF($V$2=0,$D6,$K6) -> 6 | E32: =IF($V$2=0,$E6,$L6) -> -1 | F32: =IF($V$2=0,$F6,$M6) -> 15 | I32: =$B11 -> 박 성 현 | J32: =IF($V$2=0,$C11,$J11) -> -36 | K32: =IF($V$2=0,$D11,$K11) -> 66 | L32: =IF($V$2=0,$E11,$L11) -> 13 | M32: =IF($V$2=0,$F11,$M11) -> -13
B33: =$B7 -> 천 성 일 | C33: =IF($V$2=0,$C7,$J7) -> -1 | D33: =IF($V$2=0,$D7,$K7) -> 6 | E33: =IF($V$2=0,$E7,$L7) -> 26 | F33: =IF($V$2=0,$F7,$M7) -> 21 | I33: =$B12 -> 고 경 훈 | J33: =IF($V$2=0,$C12,$J12) -> 13 | K33: =IF($V$2=0,$D12,$K12) -> -4 | L33: =IF($V$2=0,$E12,$L12) -> -14 | M33: =IF($V$2=0,$F12,$M12) -> -4
B34: =$B8 -> 김 미 란 | C34: =IF($V$2=0,$C8,$J8) -> -3 | D34: =IF($V$2=0,$D8,$K8) -> -27 | E34: =IF($V$2=0,$E8,$L8) -> 40 | F34: =IF($V$2=0,$F8,$M8) -> -24 | I34: =$B13 -> 임 연 진 | J34: =IF($V$2=0,$C13,$J13) -> 3 | K34: =IF($V$2=0,$D13,$K13) -> 69 | L34: =IF($V$2=0,$E13,$L13) -> 26 | M34: =IF($V$2=0,$F13,$M13) -> 11
C35: =SUM(C30:C34) -> 55 | D35: =SUM(D30:D34) -> -68 | E35: =SUM(E30:E34) -> 56 | F35: =SUM(F30:F34) -> 37 | J35: =SUM(J30:J34) -> 38 | K35: =SUM(K30:K34) -> 155 | L35: =SUM(L30:L34) -> 34 | M35: =SUM(M30:M34) -> 0
B37: =$B14 -> 이 대 용 | C37: =IF($V$2=0,$C14,$J14) -> 5 | D37: =IF($V$2=0,$D14,$K14) -> 53 | E37: =IF($V$2=0,$E14,$L14) -> -12 | F37: =IF($V$2=0,$F14,$M14) -> -32 | G37: =E42+D42+C42+F42 -> -280 | H37: 4 | I37: =$B19 -> 임 승 기 | J37: =IF($V$2=0,$C19,$J19) -> -2 | K37: =IF($V$2=0,$D19,$K19) -> 11 | L37: =IF($V$2=0,$E19,$L19) -> -26 | M37: =IF($V$2=0,$F19,$M19) -> 3 | N37: =L42+K42+J42+M42 -> -222 | O37: 3
B38: =$B15 -> 지 옥 명 | C38: =IF($V$2=0,$C15,$J15) -> -11 | D38: =IF($V$2=0,$D15,$K15) -> -34 | E38: =IF($V$2=0,$E15,$L15) -> 7 | F38: =IF($V$2=0,$F15,$M15) -> -46 | I38: =$B20 -> 김 규 희 | J38: =IF($V$2=0,$C20,$J20) -> 20 | K38: =IF($V$2=0,$D20,$K20) -> -20 | L38: =IF($V$2=0,$E20,$L20) -> -34 | M38: =IF($V$2=0,$F20,$M20) -> -47
B39: =$B16 -> 정 영 우 | C39: =IF($V$2=0,$C16,$J16) -> -13 | D39: =IF($V$2=0,$D16,$K16) -> -3 | E39: =IF($V$2=0,$E16,$L16) -> -2 | F39: =IF($V$2=0,$F16,$M16) -> -25 | I39: =$B21 -> 이 상 현 | J39: =IF($V$2=0,$C21,$J21) -> -12 | K39: =IF($V$2=0,$D21,$K21) -> -55 | L39: =IF($V$2=0,$E21,$L21) -> 2 | M39: =IF($V$2=0,$F21,$M21) -> -26
B40: =$B17 -> 이 우 석 | C40: =IF($V$2=0,$C17,$J17) -> -12 | D40: =IF($V$2=0,$D17,$K17) -> -40 | E40: =IF($V$2=0,$E17,$L17) -> -8 | F40: =IF($V$2=0,$F17,$M17) -> -33 | I40: =$B22 -> 이 범 수 | J40: =IF($V$2=0,$C22,$J22) -> -18 | K40: =IF($V$2=0,$D22,$K22) -> -20 | L40: =IF($V$2=0,$E22,$L22) -> 7 | M40: =IF($V$2=0,$F22,$M22) -> -21
B41: =$B18 -> 나 경 주 | C41: =IF($V$2=0,$C18,$J18) -> -1 | D41: =IF($V$2=0,$D18,$K18) -> -28 | E41: =IF($V$2=0,$E18,$L18) -> -29 | F41: =IF($V$2=0,$F18,$M18) -> -16 | I41: =$B23 -> 손 은 주 | J41: =IF($V$2=0,$C23,$J23) -> 29 | K41: =IF($V$2=0,$D23,$K23) -> -2 | L41: =IF($V$2=0,$E23,$L23) -> -23 | M41: =IF($V$2=0,$F23,$M23) -> 12
C42: =SUM(C37:C41) -> -32 | D42: =SUM(D37:D41) -> -52 | E42: =SUM(E37:E41) -> -44 | F42: =SUM(F37:F41) -> -152 | J42: =SUM(J37:J41) -> 17 | K42: =SUM(K37:K41) -> -86 | L42: =SUM(L37:L41) -> -74 | M42: =SUM(M37:M41) -> -79
B44: =$B24 -> 변 상 필 | C44: =IF($V$2=0,$C24,$J24) -> -22 | D44: =IF($V$2=0,$D24,$K24) -> -38 | E44: =IF($V$2=0,$E24,$L24) -> 37 | F44: =IF($V$2=0,$F24,$M24) -> 9 | G44: =E49+D49+C49+F49 -> -250 | H44: 5
B45: =$B25 -> 진 명 옥 | C45: =IF($V$2=0,$C25,$J25) -> -22 | D45: =IF($V$2=0,$D25,$K25) -> -34 | E45: =IF($V$2=0,$E25,$L25) -> 17 | F45: =IF($V$2=0,$F25,$M25) -> -25
B46: =$B26 -> 이 정 석 | C46: =IF($V$2=0,$C26,$J26) -> -21 | D46: =IF($V$2=0,$D26,$K26) -> 4 | E46: =IF($V$2=0,$E26,$L26) -> 1 | F46: =IF($V$2=0,$F26,$M26) -> 12
B47: =$B27 -> 김 태 환 | C47: =IF($V$2=0,$C27,$J27) -> -38 | D47: =IF($V$2=0,$D27,$K27) -> -26 | E47: =IF($V$2=0,$E27,$L27) -> -5 | F47: =IF($V$2=0,$F27,$M27) -> -28
B48: =$B28 -> 송 정 현 | C48: =IF($V$2=0,$C28,$J28) -> -56 | D48: =IF($V$2=0,$D28,$K28) -> -56 | E48: =IF($V$2=0,$E28,$L28) -> 15 | F48: =IF($V$2=0,$F28,$M28) -> 26
C49: =SUM(C44:C48) -> -159 | D49: =SUM(D44:D48) -> -150 | E49: =SUM(E44:E48) -> 65 | F49: =SUM(F44:F48) -> -6
A53: =A1 -> 2026 아르케 존 07회 번개 모임 점수
L54: 날짜 | N54: =N2 -> 46121
B55: 이 름 | C55: 1 G | D55: 2 G | E55: 3 G | F55: 4G | G55: 합 계 | H55: 에 버 | I55: 기본에버 | J55: 1 G | K55: 2 G | L55: 3 G | M55: 4G | N55: 합 계 | O55: 오 차
A56: 1 | B56: {=INDEX($B$4:$O$28,MATCH($A56,$W$4:$W$28,0),COLUMN(A$1))} -> 임 연 진 | C56: {=INDEX($B$4:$O$28,MATCH($A56,$W$4:$W$28,0),COLUMN(B$1))} -> 203 | D56: {=INDEX($B$4:$O$28,MATCH($A56,$W$4:$W$28,0),COLUMN(C$1))} -> 269 | E56: {=INDEX($B$4:$O$28,MATCH($A56,$W$4:$W$28,0),COLUMN(D$1))} -> 226 | F56: {=INDEX($B$4:$O$28,MATCH($A56,$W$4:$W$28,0),COLUMN(E$1))} -> 211 | G56: =SUM(C56:F56) -> 909 | H56: =G56/4 -> 227.25 | I56: =IF(B56="","",IFERROR(INDEX('회원명단 및 기준에버'!D:G,MATCH(B56,'회원명단 및 기준에버'!$C:$C,0),CHOOSE(INT((MONTH($N$2)-1)/3)+1,1,2,3,4)),"")) -> 200 | J56: =IFERROR(C56+-I56,0) -> 3 | K56: =IFERROR(D56+-I56,0) -> 69 | L56: =IFERROR(E56+-I56,0) -> 26 | M56: =IFERROR(F56+-I56,0) -> 11 | N56: =SUM(J56:M56) -> 109 | O56: =IFERROR(H56+-I56,0) -> 27.25
A57: 2 | B57: {=INDEX($B$4:$O$28,MATCH($A57,$W$4:$W$28,0),COLUMN(A$1))} -> 최 현 수 | C57: {=INDEX($B$4:$O$28,MATCH($A57,$W$4:$W$28,0),COLUMN(B$1))} -> 256 | D57: {=INDEX($B$4:$O$28,MATCH($A57,$W$4:$W$28,0),COLUMN(C$1))} -> 226 | E57: {=INDEX($B$4:$O$28,MATCH($A57,$W$4:$W$28,0),COLUMN(D$1))} -> 192 | F57: {=INDEX($B$4:$O$28,MATCH($A57,$W$4:$W$28,0),COLUMN(E$1))} -> 211 | G57: =SUM(C57:F57) -> 885 | H57: =G57/4 -> 221.25 | I57: =IF(B57="","",IFERROR(INDEX('회원명단 및 기준에버'!D:G,MATCH(B57,'회원명단 및 기준에버'!$C:$C,0),CHOOSE(INT((MONTH($N$2)-1)/3)+1,1,2,3,4)),"")) -> 200 | J57: =IFERROR(C57+-I57,0) -> 56 | K57: =IFERROR(D57+-I57,0) -> 26 | L57: =IFERROR(E57+-I57,0) -> -8 | M57: =IFERROR(F57+-I57,0) -> 11 | N57: =SUM(J57:M57) -> 85 | O57: =IFERROR(H57+-I57,0) -> 21.25
A58: 3 | B58: {=INDEX($B$4:$O$28,MATCH($A58,$W$4:$W$28,0),COLUMN(A$1))} -> 황 인 교 | C58: {=INDEX($B$4:$O$28,MATCH($A58,$W$4:$W$28,0),COLUMN(B$1))} -> 221 | D58: {=INDEX($B$4:$O$28,MATCH($A58,$W$4:$W$28,0),COLUMN(C$1))} -> 190 | E58: {=INDEX($B$4:$O$28,MATCH($A58,$W$4:$W$28,0),COLUMN(D$1))} -> 183 | F58: {=INDEX($B$4:$O$28,MATCH($A58,$W$4:$W$28,0),COLUMN(E$1))} -> 199 | G58: =SUM(C58:F58) -> 793 | H58: =G58/4 -> 198.25 | I58: =IF(B58="","",IFERROR(INDEX('회원명단 및 기준에버'!D:G,MATCH(B58,'회원명단 및 기준에버'!$C:$C,0),CHOOSE(INT((MONTH($N$2)-1)/3)+1,1,2,3,4)),"")) -> 184 | J58: =IFERROR(C58+-I58,0) -> 37 | K58: =IFERROR(D58+-I58,0) -> 6 | L58: =IFERROR(E58+-I58,0) -> -1 | M58: =IFERROR(F58+-I58,0) -> 15 | N58: =SUM(J58:M58) -> 57 | O58: =IFERROR(H58+-I58,0) -> 14.25
A59: 4 | B59: {=INDEX($B$4:$O$28,MATCH($A59,$W$4:$W$28,0),COLUMN(A$1))} -> 천 성 일 | C59: {=INDEX($B$4:$O$28,MATCH($A59,$W$4:$W$28,0),COLUMN(B$1))} -> 190 | D59: {=INDEX($B$4:$O$28,MATCH($A59,$W$4:$W$28,0),COLUMN(C$1))} -> 197 | E59: {=INDEX($B$4:$O$28,MATCH($A59,$W$4:$W$28,0),COLUMN(D$1))} -> 217 | F59: {=INDEX($B$4:$O$28,MATCH($A59,$W$4:$W$28,0),COLUMN(E$1))} -> 212 | G59: =SUM(C59:F59) -> 816 | H59: =G59/4 -> 204 | I59: =IF(B59="","",IFERROR(INDEX('회원명단 및 기준에버'!D:G,MATCH(B59,'회원명단 및 기준에버'!$C:$C,0),CHOOSE(INT((MONTH($N$2)-1)/3)+1,1,2,3,4)),"")) -> 191 | J59: =IFERROR(C59+-I59,0) -> -1 | K59: =IFERROR(D59+-I59,0) -> 6 | L59: =IFERROR(E59+-I59,0) -> 26 | M59: =IFERROR(F59+-I59,0) -> 21 | N59: =SUM(J59:M59) -> 52 | O59: =IFERROR(H59+-I59,0) -> 13
A60: 5 | B60: {=INDEX($B$4:$O$28,MATCH($A60,$W$4:$W$28,0),COLUMN(A$1))} -> 박 성 현 | C60: {=INDEX($B$4:$O$28,MATCH($A60,$W$4:$W$28,0),COLUMN(B$1))} -> 155 | D60: {=INDEX($B$4:$O$28,MATCH($A60,$W$4:$W$28,0),COLUMN(C$1))} -> 257 | E60: {=INDEX($B$4:$O$28,MATCH($A60,$W$4:$W$28,0),COLUMN(D$1))} -> 204 | F60: {=INDEX($B$4:$O$28,MATCH($A60,$W$4:$W$28,0),COLUMN(E$1))} -> 178 | G60: =SUM(C60:F60) -> 794 | H60: =G60/4 -> 198.5 | I60: =IF(B60="","",IFERROR(INDEX('회원명단 및 기준에버'!D:G,MATCH(B60,'회원명단 및 기준에버'!$C:$C,0),CHOOSE(INT((MONTH($N$2)-1)/3)+1,1,2,3,4)),"")) -> 191 | J60: =IFERROR(C60+-I60,0) -> -36 | K60: =IFERROR(D60+-I60,0) -> 66 | L60: =IFERROR(E60+-I60,0) -> 13 | M60: =IFERROR(F60+-I60,0) -> -13 | N60: =SUM(J60:M60) -> 30 | O60: =IFERROR(H60+-I60,0) -> 7.5
A61: 6 | B61: {=INDEX($B$4:$O$28,MATCH($A61,$W$4:$W$28,0),COLUMN(A$1))} -> 손 은 주 | C61: {=INDEX($B$4:$O$28,MATCH($A61,$W$4:$W$28,0),COLUMN(B$1))} -> 173 | D61: {=INDEX($B$4:$O$28,MATCH($A61,$W$4:$W$28,0),COLUMN(C$1))} -> 142 | E61: {=INDEX($B$4:$O$28,MATCH($A61,$W$4:$W$28,0),COLUMN(D$1))} -> 121 | F61: {=INDEX($B$4:$O$28,MATCH($A61,$W$4:$W$28,0),COLUMN(E$1))} -> 156 | G61: =SUM(C61:F61) -> 592 | H61: =G61/4 -> 148 | I61: =IF(B61="","",IFERROR(INDEX('회원명단 및 기준에버'!D:G,MATCH(B61,'회원명단 및 기준에버'!$C:$C,0),CHOOSE(INT((MONTH($N$2)-1)/3)+1,1,2,3,4)),"")) -> 144 | J61: =IFERROR(C61+-I61,0) -> 29 | K61: =IFERROR(D61+-I61,0) -> -2 | L61: =IFERROR(E61+-I61,0) -> -23 | M61: =IFERROR(F61+-I61,0) -> 12 | N61: =SUM(J61:M61) -> 16 | O61: =IFERROR(H61+-I61,0) -> 4
A62: 7 | B62: {=INDEX($B$4:$O$28,MATCH($A62,$W$4:$W$28,0),COLUMN(A$1))} -> 이 대 용 | C62: {=INDEX($B$4:$O$28,MATCH($A62,$W$4:$W$28,0),COLUMN(B$1))} -> 205 | D62: {=INDEX($B$4:$O$28,MATCH($A62,$W$4:$W$28,0),COLUMN(C$1))} -> 253 | E62: {=INDEX($B$4:$O$28,MATCH($A62,$W$4:$W$28,0),COLUMN(D$1))} -> 188 | F62: {=INDEX($B$4:$O$28,MATCH($A62,$W$4:$W$28,0),COLUMN(E$1))} -> 168 | G62: =SUM(C62:F62) -> 814 | H62: =G62/4 -> 203.5 | I62: =IF(B62="","",IFERROR(INDEX('회원명단 및 기준에버'!D:G,MATCH(B62,'회원명단 및 기준에버'!$C:$C,0),CHOOSE(INT((MONTH($N$2)-1)/3)+1,1,2,3,4)),"")) -> 200 | J62: =IFERROR(C62+-I62,0) -> 5 | K62: =IFERROR(D62+-I62,0) -> 53 | L62: =IFERROR(E62+-I62,0) -> -12 | M62: =IFERROR(F62+-I62,0) -> -32 | N62: =SUM(J62:M62) -> 14 | O62: =IFERROR(H62+-I62,0) -> 3.5
A63: 8 | B63: {=INDEX($B$4:$O$28,MATCH($A63,$W$4:$W$28,0),COLUMN(A$1))} -> 이 승 미 | C63: {=INDEX($B$4:$O$28,MATCH($A63,$W$4:$W$28,0),COLUMN(B$1))} -> 167 | D63: {=INDEX($B$4:$O$28,MATCH($A63,$W$4:$W$28,0),COLUMN(C$1))} -> 163 | E63: {=INDEX($B$4:$O$28,MATCH($A63,$W$4:$W$28,0),COLUMN(D$1))} -> 182 | F63: {=INDEX($B$4:$O$28,MATCH($A63,$W$4:$W$28,0),COLUMN(E$1))} -> 160 | G63: =SUM(C63:F63) -> 672 | H63: =G63/4 -> 168 | I63: =IF(B63="","",IFERROR(INDEX('회원명단 및 기준에버'!D:G,MATCH(B63,'회원명단 및 기준에버'!$C:$C,0),CHOOSE(INT((MONTH($N$2)-1)/3)+1,1,2,3,4)),"")) -> 165 | J63: =IFERROR(C63+-I63,0) -> 2 | K63: =IFERROR(D63+-I63,0) -> -2 | L63: =IFERROR(E63+-I63,0) -> 17 | M63: =IFERROR(F63+-I63,0) -> -5 | N63: =SUM(J63:M63) -> 12 | O63: =IFERROR(H63+-I63,0) -> 3
A64: 9 | B64: {=INDEX($B$4:$O$28,MATCH($A64,$W$4:$W$28,0),COLUMN(A$1))} -> 김 정 희 | C64: {=INDEX($B$4:$O$28,MATCH($A64,$W$4:$W$28,0),COLUMN(B$1))} -> 199 | D64: {=INDEX($B$4:$O$28,MATCH($A64,$W$4:$W$28,0),COLUMN(C$1))} -> 198 | E64: {=INDEX($B$4:$O$28,MATCH($A64,$W$4:$W$28,0),COLUMN(D$1))} -> 202 | F64: {=INDEX($B$4:$O$28,MATCH($A64,$W$4:$W$28,0),COLUMN(E$1))} -> 0 | G64: =SUM(C64:F64) -> 599 | H64: =G64/3 -> 199.66667 | I64: =IF(B64="","",IFERROR(INDEX('회원명단 및 기준에버'!D:G,MATCH(B64,'회원명단 및 기준에버'!$C:$C,0),CHOOSE(INT((MONTH($N$2)-1)/3)+1,1,2,3,4)),"")) -> 200 | J64: =IFERROR(C64+-I64,0) -> -1 | K64: =IFERROR(D64+-I64,0) -> -2 | L64: =IFERROR(E64+-I64,0) -> 2 | M64: 0 | N64: =SUM(J64:M64) -> -1 | O64: =IFERROR(H64+-I64,0) -> -0.33333333
A65: 10 | B65: {=INDEX($B$4:$O$28,MATCH($A65,$W$4:$W$28,0),COLUMN(A$1))} -> 이 정 석 | C65: {=INDEX($B$4:$O$28,MATCH($A65,$W$4:$W$28,0),COLUMN(B$1))} -> 179 | D65: {=INDEX($B$4:$O$28,MATCH($A65,$W$4:$W$28,0),COLUMN(C$1))} -> 204 | E65: {=INDEX($B$4:$O$28,MATCH($A65,$W$4:$W$28,0),COLUMN(D$1))} -> 201 | F65: {=INDEX($B$4:$O$28,MATCH($A65,$W$4:$W$28,0),COLUMN(E$1))} -> 212 | G65: =SUM(C65:F65) -> 796 | H65: =G65/4 -> 199 | I65: =IF(B65="","",IFERROR(INDEX('회원명단 및 기준에버'!D:G,MATCH(B65,'회원명단 및 기준에버'!$C:$C,0),CHOOSE(INT((MONTH($N$2)-1)/3)+1,1,2,3,4)),"")) -> 200 | J65: =IFERROR(C65+-I65,0) -> -21 | K65: =IFERROR(D65+-I65,0) -> 4 | L65: =IFERROR(E65+-I65,0) -> 1 | M65: =IFERROR(F65+-I65,0) -> 12 | N65: =SUM(J65:M65) -> -4 | O65: =IFERROR(H65+-I65,0) -> -1
A66: 11 | B66: {=INDEX($B$4:$O$28,MATCH($A66,$W$4:$W$28,0),COLUMN(A$1))} -> 고 경 훈 | C66: {=INDEX($B$4:$O$28,MATCH($A66,$W$4:$W$28,0),COLUMN(B$1))} -> 209 | D66: {=INDEX($B$4:$O$28,MATCH($A66,$W$4:$W$28,0),COLUMN(C$1))} -> 192 | E66: {=INDEX($B$4:$O$28,MATCH($A66,$W$4:$W$28,0),COLUMN(D$1))} -> 182 | F66: {=INDEX($B$4:$O$28,MATCH($A66,$W$4:$W$28,0),COLUMN(E$1))} -> 192 | G66: =SUM(C66:F66) -> 775 | H66: =G66/4 -> 193.75 | I66: =IF(B66="","",IFERROR(INDEX('회원명단 및 기준에버'!D:G,MATCH(B66,'회원명단 및 기준에버'!$C:$C,0),CHOOSE(INT((MONTH($N$2)-1)/3)+1,1,2,3,4)),"")) -> 196 | J66: =IFERROR(C66+-I66,0) -> 13 | K66: =IFERROR(D66+-I66,0) -> -4 | L66: =IFERROR(E66+-I66,0) -> -14 | M66: =IFERROR(F66+-I66,0) -> -4 | N66: =SUM(J66:M66) -> -9 | O66: =IFERROR(H66+-I66,0) -> -2.25
A67: 12 | B67: {=INDEX($B$4:$O$28,MATCH($A67,$W$4:$W$28,0),COLUMN(A$1))} -> 장 영 민 | C67: {=INDEX($B$4:$O$28,MATCH($A67,$W$4:$W$28,0),COLUMN(B$1))} -> 223 | D67: {=INDEX($B$4:$O$28,MATCH($A67,$W$4:$W$28,0),COLUMN(C$1))} -> 149 | E67: {=INDEX($B$4:$O$28,MATCH($A67,$W$4:$W$28,0),COLUMN(D$1))} -> 189 | F67: {=INDEX($B$4:$O$28,MATCH($A67,$W$4:$W$28,0),COLUMN(E$1))} -> 225 | G67: =SUM(C67:F67) -> 786 | H67: =G67/4 -> 196.5 | I67: =IF(B67="","",IFERROR(INDEX('회원명단 및 기준에버'!D:G,MATCH(B67,'회원명단 및 기준에버'!$C:$C,0),CHOOSE(INT((MONTH($N$2)-1)/3)+1,1,2,3,4)),"")) -> 200 | J67: =IFERROR(C67+-I67,0) -> 23 | K67: =IFERROR(D67+-I67,0) -> -51 | L67: =IFERROR(E67+-I67,0) -> -11 | M67: =IFERROR(F67+-I67,0) -> 25 | N67: =SUM(J67:M67) -> -14 | O67: =IFERROR(H67+-I67,0) -> -3.5
A68: 13 | B68: {=INDEX($B$4:$O$28,MATCH($A68,$W$4:$W$28,0),COLUMN(A$1))} -> 변 상 필 | C68: {=INDEX($B$4:$O$28,MATCH($A68,$W$4:$W$28,0),COLUMN(B$1))} -> 178 | D68: {=INDEX($B$4:$O$28,MATCH($A68,$W$4:$W$28,0),COLUMN(C$1))} -> 162 | E68: {=INDEX($B$4:$O$28,MATCH($A68,$W$4:$W$28,0),COLUMN(D$1))} -> 237 | F68: {=INDEX($B$4:$O$28,MATCH($A68,$W$4:$W$28,0),COLUMN(E$1))} -> 209 | G68: =SUM(C68:F68) -> 786 | H68: =G68/4 -> 196.5 | I68: =IF(B68="","",IFERROR(INDEX('회원명단 및 기준에버'!D:G,MATCH(B68,'회원명단 및 기준에버'!$C:$C,0),CHOOSE(INT((MONTH($N$2)-1)/3)+1,1,2,3,4)),"")) -> 200 | J68: =IFERROR(C68+-I68,0) -> -22 | K68: =IFERROR(D68+-I68,0) -> -38 | L68: =IFERROR(E68+-I68,0) -> 37 | M68: =IFERROR(F68+-I68,0) -> 9 | N68: =SUM(J68:M68) -> -14 | O68: =IFERROR(H68+-I68,0) -> -3.5
A69: 14 | B69: {=INDEX($B$4:$O$28,MATCH($A69,$W$4:$W$28,0),COLUMN(A$1))} -> 김 미 란 | C69: {=INDEX($B$4:$O$28,MATCH($A69,$W$4:$W$28,0),COLUMN(B$1))} -> 180 | D69: {=INDEX($B$4:$O$28,MATCH($A69,$W$4:$W$28,0),COLUMN(C$1))} -> 156 | E69: {=INDEX($B$4:$O$28,MATCH($A69,$W$4:$W$28,0),COLUMN(D$1))} -> 223 | F69: {=INDEX($B$4:$O$28,MATCH($A69,$W$4:$W$28,0),COLUMN(E$1))} -> 159 | G69: =SUM(C69:F69) -> 718 | H69: =G69/4 -> 179.5 | I69: =IF(B69="","",IFERROR(INDEX('회원명단 및 기준에버'!D:G,MATCH(B69,'회원명단 및 기준에버'!$C:$C,0),CHOOSE(INT((MONTH($N$2)-1)/3)+1,1,2,3,4)),"")) -> 183 | J69: =IFERROR(C69+-I69,0) -> -3 | K69: =IFERROR(D69+-I69,0) -> -27 | L69: =IFERROR(E69+-I69,0) -> 40 | M69: =IFERROR(F69+-I69,0) -> -24 | N69: =SUM(J69:M69) -> -14 | O69: =IFERROR(H69+-I69,0) -> -3.5
A70: 15 | B70: {=INDEX($B$4:$O$28,MATCH($A70,$W$4:$W$28,0),COLUMN(A$1))} -> 임 승 기 | C70: {=INDEX($B$4:$O$28,MATCH($A70,$W$4:$W$28,0),COLUMN(B$1))} -> 198 | D70: {=INDEX($B$4:$O$28,MATCH($A70,$W$4:$W$28,0),COLUMN(C$1))} -> 211 | E70: {=INDEX($B$4:$O$28,MATCH($A70,$W$4:$W$28,0),COLUMN(D$1))} -> 174 | F70: {=INDEX($B$4:$O$28,MATCH($A70,$W$4:$W$28,0),COLUMN(E$1))} -> 203 | G70: =SUM(C70:F70) -> 786 | H70: =G70/4 -> 196.5 | I70: =IF(B70="","",IFERROR(INDEX('회원명단 및 기준에버'!D:G,MATCH(B70,'회원명단 및 기준에버'!$C:$C,0),CHOOSE(INT((MONTH($N$2)-1)/3)+1,1,2,3,4)),"")) -> 200 | J70: =IFERROR(C70+-I70,0) -> -2 | K70: =IFERROR(D70+-I70,0) -> 11 | L70: =IFERROR(E70+-I70,0) -> -26 | M70: =IFERROR(F70+-I70,0) -> 3 | N70: =SUM(J70:M70) -> -14 | O70: =IFERROR(H70+-I70,0) -> -3.5
A71: 16 | B71: {=INDEX($B$4:$O$28,MATCH($A71,$W$4:$W$28,0),COLUMN(A$1))} -> 정 영 우 | C71: {=INDEX($B$4:$O$28,MATCH($A71,$W$4:$W$28,0),COLUMN(B$1))} -> 181 | D71: {=INDEX($B$4:$O$28,MATCH($A71,$W$4:$W$28,0),COLUMN(C$1))} -> 191 | E71: {=INDEX($B$4:$O$28,MATCH($A71,$W$4:$W$28,0),COLUMN(D$1))} -> 192 | F71: {=INDEX($B$4:$O$28,MATCH($A71,$W$4:$W$28,0),COLUMN(E$1))} -> 169 | G71: =SUM(C71:F71) -> 733 | H71: =G71/4 -> 183.25 | I71: =IF(B71="","",IFERROR(INDEX('회원명단 및 기준에버'!D:G,MATCH(B71,'회원명단 및 기준에버'!$C:$C,0),CHOOSE(INT((MONTH($N$2)-1)/3)+1,1,2,3,4)),"")) -> 194 | J71: =IFERROR(C71+-I71,0) -> -13 | K71: =IFERROR(D71+-I71,0) -> -3 | L71: =IFERROR(E71+-I71,0) -> -2 | M71: =IFERROR(F71+-I71,0) -> -25 | N71: =SUM(J71:M71) -> -43 | O71: =IFERROR(H71+-I71,0) -> -10.75
A72: 17 | B72: {=INDEX($B$4:$O$28,MATCH($A72,$W$4:$W$28,0),COLUMN(A$1))} -> 이 범 수 | C72: {=INDEX($B$4:$O$28,MATCH($A72,$W$4:$W$28,0),COLUMN(B$1))} -> 182 | D72: {=INDEX($B$4:$O$28,MATCH($A72,$W$4:$W$28,0),COLUMN(C$1))} -> 180 | E72: {=INDEX($B$4:$O$28,MATCH($A72,$W$4:$W$28,0),COLUMN(D$1))} -> 207 | F72: {=INDEX($B$4:$O$28,MATCH($A72,$W$4:$W$28,0),COLUMN(E$1))} -> 179 | G72: =SUM(C72:F72) -> 748 | H72: =G72/4 -> 187 | I72: =IF(B72="","",IFERROR(INDEX('회원명단 및 기준에버'!D:G,MATCH(B72,'회원명단 및 기준에버'!$C:$C,0),CHOOSE(INT((MONTH($N$2)-1)/3)+1,1,2,3,4)),"")) -> 200 | J72: =IFERROR(C72+-I72,0) -> -18 | K72: =IFERROR(D72+-I72,0) -> -20 | L72: =IFERROR(E72+-I72,0) -> 7 | M72: =IFERROR(F72+-I72,0) -> -21 | N72: =SUM(J72:M72) -> -52 | O72: =IFERROR(H72+-I72,0) -> -13
A73: 18 | B73: {=INDEX($B$4:$O$28,MATCH($A73,$W$4:$W$28,0),COLUMN(A$1))} -> 진 명 옥 | C73: {=INDEX($B$4:$O$28,MATCH($A73,$W$4:$W$28,0),COLUMN(B$1))} -> 157 | D73: {=INDEX($B$4:$O$28,MATCH($A73,$W$4:$W$28,0),COLUMN(C$1))} -> 145 | E73: {=INDEX($B$4:$O$28,MATCH($A73,$W$4:$W$28,0),COLUMN(D$1))} -> 196 | F73: {=INDEX($B$4:$O$28,MATCH($A73,$W$4:$W$28,0),COLUMN(E$1))} -> 154 | G73: =SUM(C73:F73) -> 652 | H73: =G73/4 -> 163 | I73: =IF(B73="","",IFERROR(INDEX('회원명단 및 기준에버'!D:G,MATCH(B73,'회원명단 및 기준에버'!$C:$C,0),CHOOSE(INT((MONTH($N$2)-1)/3)+1,1,2,3,4)),"")) -> 179 | J73: =IFERROR(C73+-I73,0) -> -22 | K73: =IFERROR(D73+-I73,0) -> -34 | L73: =IFERROR(E73+-I73,0) -> 17 | M73: =IFERROR(F73+-I73,0) -> -25 | N73: =SUM(J73:M73) -> -64 | O73: =IFERROR(H73+-I73,0) -> -16
A74: 19 | B74: {=INDEX($B$4:$O$28,MATCH($A74,$W$4:$W$28,0),COLUMN(A$1))} -> 송 정 현 | C74: {=INDEX($B$4:$O$28,MATCH($A74,$W$4:$W$28,0),COLUMN(B$1))} -> 144 | D74: {=INDEX($B$4:$O$28,MATCH($A74,$W$4:$W$28,0),COLUMN(C$1))} -> 144 | E74: {=INDEX($B$4:$O$28,MATCH($A74,$W$4:$W$28,0),COLUMN(D$1))} -> 215 | F74: {=INDEX($B$4:$O$28,MATCH($A74,$W$4:$W$28,0),COLUMN(E$1))} -> 226 | G74: =SUM(C74:F74) -> 729 | H74: =G74/4 -> 182.25 | I74: =IF(B74="","",IFERROR(INDEX('회원명단 및 기준에버'!D:G,MATCH(B74,'회원명단 및 기준에버'!$C:$C,0),CHOOSE(INT((MONTH($N$2)-1)/3)+1,1,2,3,4)),"")) -> 200 | J74: =IFERROR(C74+-I74,0) -> -56 | K74: =IFERROR(D74+-I74,0) -> -56 | L74: =IFERROR(E74+-I74,0) -> 15 | M74: =IFERROR(F74+-I74,0) -> 26 | N74: =SUM(J74:M74) -> -71 | O74: =IFERROR(H74+-I74,0) -> -17.75
A75: 20 | B75: {=INDEX($B$4:$O$28,MATCH($A75,$W$4:$W$28,0),COLUMN(A$1))} -> 나 경 주 | C75: {=INDEX($B$4:$O$28,MATCH($A75,$W$4:$W$28,0),COLUMN(B$1))} -> 194 | D75: {=INDEX($B$4:$O$28,MATCH($A75,$W$4:$W$28,0),COLUMN(C$1))} -> 167 | E75: {=INDEX($B$4:$O$28,MATCH($A75,$W$4:$W$28,0),COLUMN(D$1))} -> 166 | F75: {=INDEX($B$4:$O$28,MATCH($A75,$W$4:$W$28,0),COLUMN(E$1))} -> 179 | G75: =SUM(C75:F75) -> 706 | H75: =G75/4 -> 176.5 | I75: =IF(B75="","",IFERROR(INDEX('회원명단 및 기준에버'!D:G,MATCH(B75,'회원명단 및 기준에버'!$C:$C,0),CHOOSE(INT((MONTH($N$2)-1)/3)+1,1,2,3,4)),"")) -> 195 | J75: =IFERROR(C75+-I75,0) -> -1 | K75: =IFERROR(D75+-I75,0) -> -28 | L75: =IFERROR(E75+-I75,0) -> -29 | M75: =IFERROR(F75+-I75,0) -> -16 | N75: =SUM(J75:M75) -> -74 | O75: =IFERROR(H75+-I75,0) -> -18.5
A76: 21 | B76: {=INDEX($B$4:$O$28,MATCH($A76,$W$4:$W$28,0),COLUMN(A$1))} -> 김 규 희 | C76: {=INDEX($B$4:$O$28,MATCH($A76,$W$4:$W$28,0),COLUMN(B$1))} -> 202 | D76: {=INDEX($B$4:$O$28,MATCH($A76,$W$4:$W$28,0),COLUMN(C$1))} -> 162 | E76: {=INDEX($B$4:$O$28,MATCH($A76,$W$4:$W$28,0),COLUMN(D$1))} -> 148 | F76: {=INDEX($B$4:$O$28,MATCH($A76,$W$4:$W$28,0),COLUMN(E$1))} -> 135 | G76: =SUM(C76:F76) -> 647 | H76: =G76/4 -> 161.75 | I76: =IF(B76="","",IFERROR(INDEX('회원명단 및 기준에버'!D:G,MATCH(B76,'회원명단 및 기준에버'!$C:$C,0),CHOOSE(INT((MONTH($N$2)-1)/3)+1,1,2,3,4)),"")) -> 182 | J76: =IFERROR(C76+-I76,0) -> 20 | K76: =IFERROR(D76+-I76,0) -> -20 | L76: =IFERROR(E76+-I76,0) -> -34 | M76: =IFERROR(F76+-I76,0) -> -47 | N76: =SUM(J76:M76) -> -81 | O76: =IFERROR(H76+-I76,0) -> -20.25
... A80: 25 | B80: {=INDEX($B$4:$O$28,MATCH($A80,$W$4:$W$28,0),COLUMN(A$1))} -> 김 태 환 | C80: {=INDEX($B$4:$O$28,MATCH($A80,$W$4:$W$28,0),COLUMN(B$1))} -> 161 | D80: {=INDEX($B$4:$O$28,MATCH($A80,$W$4:$W$28,0),COLUMN(C$1))} -> 173 | E80: {=INDEX($B$4:$O$28,MATCH($A80,$W$4:$W$28,0),COLUMN(D$1))} -> 194 | F80: {=INDEX($B$4:$O$28,MATCH($A80,$W$4:$W$28,0),COLUMN(E$1))} -> 171 | G80: =SUM(C80:F80) -> 699 | H80: =G80/4 -> 174.75 | I80: =IF(B80="","",IFERROR(INDEX('회원명단 및 기준에버'!D:G,MATCH(B80,'회원명단 및 기준에버'!$C:$C,0),CHOOSE(INT((MONTH($N$2)-1)/3)+1,1,2,3,4)),"")) -> 199 | J80: =IFERROR(C80+-I80,0) -> -38 | K80: =IFERROR(D80+-I80,0) -> -26 | L80: =IFERROR(E80+-I80,0) -> -5 | M80: =IFERROR(F80+-I80,0) -> -28 | N80: =SUM(J80:M80) -> -97 | O80: =IFERROR(H80+-I80,0) -> -24.25
B81: 팀 전
B82: =IF(B30="","",B30) -> 장 영 민 | C82: =IF(C30="","",C30) -> 23 | D82: =IF(D30="","",D30) -> -51 | E82: =IF(E30="","",E30) -> -11 | F82: =IF(F30="","",F30) -> 25 | G82: =IF(G30="","",G30) -> 80 | I82: =IF(I30="","",I30) -> 최 현 수 | J82: =IF(J30="","",J30) -> 56 | K82: =IF(K30="","",K30) -> 26 | L82: =IF(L30="","",L30) -> -8 | M82: =IF(M30="","",M30) -> 11 | N82: =IF(N30="","",N30) -> 227
B83: =IF(B31="","",B31) -> 김 정 희 | C83: =IF(C31="","",C31) -> -1 | D83: =IF(D31="","",D31) -> -2 | E83: =IF(E31="","",E31) -> 2 | F83: =IF(F31="","",F31) -> 0 | G83: =IF(G31="","",G31) | I83: =IF(I31="","",I31) -> 이 승 미 | J83: =IF(J31="","",J31) -> 2 | K83: =IF(K31="","",K31) -> -2 | L83: =IF(L31="","",L31) -> 17 | M83: =IF(M31="","",M31) -> -5 | N83: =IF(N31="","",N31)
B84: =IF(B32="","",B32) -> 황 인 교 | C84: =IF(C32="","",C32) -> 37 | D84: =IF(D32="","",D32) -> 6 | E84: =IF(E32="","",E32) -> -1 | F84: =IF(F32="","",F32) -> 15 | G84: =IF(G32="","",G32) | I84: =IF(I32="","",I32) -> 박 성 현 | J84: =IF(J32="","",J32) -> -36 | K84: =IF(K32="","",K32) -> 66 | L84: =IF(L32="","",L32) -> 13 | M84: =IF(M32="","",M32) -> -13 | N84: =IF(N32="","",N32)
B85: =IF(B33="","",B33) -> 천 성 일 | C85: =IF(C33="","",C33) -> -1 | D85: =IF(D33="","",D33) -> 6 | E85: =IF(E33="","",E33) -> 26 | F85: =IF(F33="","",F33) -> 21 | G85: =IF(G33="","",G33) | I85: =IF(I33="","",I33) -> 고 경 훈 | J85: =IF(J33="","",J33) -> 13 | K85: =IF(K33="","",K33) -> -4 | L85: =IF(L33="","",L33) -> -14 | M85: =IF(M33="","",M33) -> -4 | N85: =IF(N33="","",N33)
B86: =IF(B34="","",B34) -> 김 미 란 | C86: =IF(C34="","",C34) -> -3 | D86: =IF(D34="","",D34) -> -27 | E86: =IF(E34="","",E34) -> 40 | F86: =IF(F34="","",F34) -> -24 | G86: =IF(G34="","",G34) | I86: =IF(I34="","",I34) -> 임 연 진 | J86: =IF(J34="","",J34) -> 3 | K86: =IF(K34="","",K34) -> 69 | L86: =IF(L34="","",L34) -> 26 | M86: =IF(M34="","",M34) -> 11 | N86: =IF(N34="","",N34)
B87: =IF(B35="","",B35) | C87: =IF(C35="","",C35) -> 55 | D87: =IF(D35="","",D35) -> -68 | E87: =IF(E35="","",E35) -> 56 | F87: =IF(F35="","",F35) -> 37 | G87: =IF(G35="","",G35) | I87: =IF(I35="","",I35) | J87: =IF(J35="","",J35) -> 38 | K87: =IF(K35="","",K35) -> 155 | L87: =IF(L35="","",L35) -> 34 | M87: =IF(M35="","",M35) -> 0 | N87: =IF(N35="","",N35)
B89: =IF(B37="","",B37) -> 이 대 용 | C89: =IF(C37="","",C37) -> 5 | D89: =IF(D37="","",D37) -> 53 | E89: =IF(E37="","",E37) -> -12 | F89: =IF(F37="","",F37) -> -32 | G89: =IF(G37="","",G37) -> -280 | H89: =IF(H37="","",H37) -> 4 | I89: =IF(I37="","",I37) -> 임 승 기 | ... O89: =IF(O37="","",O37) -> 3
B90: =IF(B38="","",B38) -> 지 옥 명 | C90: =IF(C38="","",C38) -> -11 | D90: =IF(D38="","",D38) -> -34 | E90: =IF(E38="","",E38) -> 7 | F90: =IF(F38="","",F38) -> -46 | G90: =IF(G38="","",G38) | H90: =IF(H38="","",H38) | I90: =IF(I38="","",I38) -> 김 규 희 | ... O90: =IF(O38="","",O38)
B91: =IF(B39="","",B39) -> 정 영 우 | C91: =IF(C39="","",C39) -> -13 | D91: =IF(D39="","",D39) -> -3 | E91: =IF(E39="","",E39) -> -2 | F91: =IF(F39="","",F39) -> -25 | G91: =IF(G39="","",G39) | H91: =IF(H39="","",H39) | I91: =IF(I39="","",I39) -> 이 상 현 | ... O91: =IF(O39="","",O39)
B92: =IF(B40="","",B40) -> 이 우 석 | C92: =IF(C40="","",C40) -> -12 | D92: =IF(D40="","",D40) -> -40 | E92: =IF(E40="","",E40) -> -8 | F92: =IF(F40="","",F40) -> -33 | G92: =IF(G40="","",G40) | H92: =IF(H40="","",H40) | I92: =IF(I40="","",I40) -> 이 범 수 | ... O92: =IF(O40="","",O40)
B93: =IF(B41="","",B41) -> 나 경 주 | C93: =IF(C41="","",C41) -> -1 | D93: =IF(D41="","",D41) -> -28 | E93: =IF(E41="","",E41) -> -29 | F93: =IF(F41="","",F41) -> -16 | G93: =IF(G41="","",G41) | H93: =IF(H41="","",H41) | I93: =IF(I41="","",I41) -> 손 은 주 | ... O93: =IF(O41="","",O41)
B94: =IF(B42="","",B42) | C94: =IF(C42="","",C42) -> -32 | D94: =IF(D42="","",D42) -> -52 | E94: =IF(E42="","",E42) -> -44 | F94: =IF(F42="","",F42) -> -152 | G94: =IF(G42="","",G42) | H94: =IF(H42="","",H42) | I94: =IF(I42="","",I42) | ... O94: =IF(O42="","",O42)
B96: =IF(B44="","",B44) -> 변 상 필 | C96: =IF(C44="","",C44) -> -22 | D96: =IF(D44="","",D44) -> -38 | E96: =IF(E44="","",E44) -> 37 | F96: =IF(F44="","",F44) -> 9 | G96: =IF(G44="","",G44) -> -250 | H96: =IF(H44="","",H44) -> 5
B97: =IF(B45="","",B45) -> 진 명 옥 | C97: =IF(C45="","",C45) -> -22 | D97: =IF(D45="","",D45) -> -34 | E97: =IF(E45="","",E45) -> 17 | F97: =IF(F45="","",F45) -> -25 | G97: =IF(G45="","",G45) | H97: =IF(H45="","",H45)
B98: =IF(B46="","",B46) -> 이 정 석 | C98: =IF(C46="","",C46) -> -21 | D98: =IF(D46="","",D46) -> 4 | E98: =IF(E46="","",E46) -> 1 | F98: =IF(F46="","",F46) -> 12 | G98: =IF(G46="","",G46) | H98: =IF(H46="","",H46)
B99: =IF(B47="","",B47) -> 김 태 환 | C99: =IF(C47="","",C47) -> -38 | D99: =IF(D47="","",D47) -> -26 | E99: =IF(E47="","",E47) -> -5 | F99: =IF(F47="","",F47) -> -28 | G99: =IF(G47="","",G47) | H99: =IF(H47="","",H47)
B100: =IF(B48="","",B48) -> 송 정 현 | C100: =IF(C48="","",C48) -> -56 | D100: =IF(D48="","",D48) -> -56 | E100: =IF(E48="","",E48) -> 15 | F100: =IF(F48="","",F48) -> 26 | G100: =IF(G48="","",G48) | H100: =IF(H48="","",H48)
B101: =IF(B49="","",B49) | C101: =IF(C49="","",C49) -> -159 | D101: =IF(D49="","",D49) -> -150 | E101: =IF(E49="","",E49) -> 65 | F101: =IF(F49="","",F49) -> -6 | G101: =IF(G49="","",G49) | H101: =IF(H49="","",H49)

Sheet 06회번개
A1: 2026 아르케 존 06회 번개 모임 점수
L2: 날짜 | N2: 46107 | U2: 팀전에버기준 | V2: 0 | W2: 순위에버오차기준 | X2: 1
B3: 이 름 | C3: 1 G | D3: 2 G | E3: 3 G | F3: 4G | G3: 합 계 | H3: 에 버 | I3: 기본에버 | J3: 1 G | K3: 2 G | L3: 3 G | M3: 4G | N3: 합 계 | O3: 오 차 | U3: 수식입력부분 삭제하지마세요~
A4: 1 | B4: 장 영 민 | C4: 147 | D4: 141 | E4: 201 | F4: 192 | G4: =F4+E4+D4+C4 -> 681 | H4: =G4/4 -> 170.25 | I4: =IF(B4="","",IFERROR(INDEX('회원명단 및 기준에버'!D:G,MATCH(B4,'회원명단 및 기준에버'!$C:$C,0),CHOOSE(INT((MONTH($N$2)-1)/3)+1,1,2,3,4)),"")) -> 200 | J4: =IFERROR(C4+-I4,0) -> -53 | K4: =IFERROR(D4+-I4,0) -> -59 | L4: =IFERROR(E4+-I4,0) -> 1 | M4: =IFERROR(F4+-I4,0) -> -8 | N4: =SUM(J4:M4) -> -119 | O4: =IFERROR(H4+-I4,0) -> -29.75 | U4: =MAX(C4:F4)-MIN(C4:F4) -> 60 | V4: =IF($X$2=0,(G4*1000000+U4*1000+A4),(O4*1000000+U4*1000+A4)) -> -29689999 | W4: =_xlfn.RANK.EQ(V4,$V$4:$V$28,0) -> 25
A5: 2 | B5: 김 정 희 | C5: 236 | D5: 202 | E5: 199 | F5: 151 | G5: =F5+E5+D5+C5 -> 788 | H5: =G5/4 -> 197 | I5: =IF(B5="","",IFERROR(INDEX('회원명단 및 기준에버'!D:G,MATCH(B5,'회원명단 및 기준에버'!$C:$C,0),CHOOSE(INT((MONTH($N$2)-1)/3)+1,1,2,3,4)),"")) -> 200 | J5: =IFERROR(C5+-I5,0) -> 36 | K5: =IFERROR(D5+-I5,0) -> 2 | L5: =IFERROR(E5+-I5,0) -> -1 | M5: =IFERROR(F5+-I5,0) -> -49 | N5: =SUM(J5:M5) -> -12 | O5: =IFERROR(H5+-I5,0) -> -3 | U5: =MAX(C5:F5)-MIN(C5:F5) -> 85 | V5: =IF($X$2=0,(G5*1000000+U5*1000+A5),(O5*1000000+U5*1000+A5)) -> -2914998 | W5: =_xlfn.RANK.EQ(V5,$V$4:$V$28,0) -> 16
A6: 3 | B6: 이 재 용 | C6: 251 | D6: 200 | E6: 211 | F6: 171 | G6: =F6+E6+D6+C6 -> 833 | H6: =G6/4 -> 208.25 | I6: 190 | J6: =IFERROR(C6+-I6,0) -> 61 | K6: =IFERROR(D6+-I6,0) -> 10 | L6: =IFERROR(E6+-I6,0) -> 21 | M6: =IFERROR(F6+-I6,0) -> -19 | N6: =SUM(J6:M6) -> 73 | O6: =IFERROR(H6+-I6,0) -> 18.25 | U6: =MAX(C6:F6)-MIN(C6:F6) -> 80 | V6: =IF($X$2=0,(G6*1000000+U6*1000+A6),(O6*1000000+U6*1000+A6)) -> 18330003 | W6: =_xlfn.RANK.EQ(V6,$V$4:$V$28,0) -> 3
A7: 4 | B7: 천 성 일 | C7: 192 | D7: 162 | E7: 188 | F7: 181 | G7: =F7+E7+D7+C7 -> 723 | H7: =G7/4 -> 180.75 | I7: =IF(B7="","",IFERROR(INDEX('회원명단 및 기준에버'!D:G,MATCH(B7,'회원명단 및 기준에버'!$C:$C,0),CHOOSE(INT((MONTH($N$2)-1)/3)+1,1,2,3,4)),"")) -> 191 | J7: =IFERROR(C7+-I7,0) -> 1 | K7: =IFERROR(D7+-I7,0) -> -29 | L7: =IFERROR(E7+-I7,0) -> -3 | M7: =IFERROR(F7+-I7,0) -> -10 | N7: =SUM(J7:M7) -> -41 | O7: =IFERROR(H7+-I7,0) -> -10.25 | U7: =MAX(C7:F7)-MIN(C7:F7) -> 30 | V7: =IF($X$2=0,(G7*1000000+U7*1000+A7),(O7*1000000+U7*1000+A7)) -> -10219996 | W7: =_xlfn.RANK.EQ(V7,$V$4:$V$28,0) -> 18
A8: 5 | B8: 윤 주 | C8: 159 | D8: 151 | E8: 178 | F8: 149 | G8: =F8+E8+D8+C8 -> 637 | H8: =G8/4 -> 159.25 | I8: =IF(B8="","",IFERROR(INDEX('회원명단 및 기준에버'!D:G,MATCH(B8,'회원명단 및 기준에버'!$C:$C,0),CHOOSE(INT((MONTH($N$2)-1)/3)+1,1,2,3,4)),"")) | J8: =IFERROR(C8+-I8,0) -> 0 | K8: =IFERROR(D8+-I8,0) -> 0 | L8: =IFERROR(E8+-I8,0) -> 0 | M8: =IFERROR(F8+-I8,0) -> 0 | N8: =SUM(J8:M8) -> 0 | O8: =IFERROR(H8+-I8,0) -> 0 | U8: =MAX(C8:F8)-MIN(C8:F8) -> 29 | V8: =IF($X$2=0,(G8*1000000+U8*1000+A8),(O8*1000000+U8*1000+A8)) -> 29005 | W8: =_xlfn.RANK.EQ(V8,$V$4:$V$28,0) -> 13
A9: 6 | B9: 이 우 석 | C9: 159 | D9: 251 | E9: 187 | F9: 195 | G9: =F9+E9+D9+C9 -> 792 | H9: =G9/4 -> 198 | I9: =IF(B9="","",IFERROR(INDEX('회원명단 및 기준에버'!D:G,MATCH(B9,'회원명단 및 기준에버'!$C:$C,0),CHOOSE(INT((MONTH($N$2)-1)/3)+1,1,2,3,4)),"")) -> 200 | J9: =IFERROR(C9+-I9,0) -> -41 | K9: =IFERROR(D9+-I9,0) -> 51 | L9: =IFERROR(E9+-I9,0) -> -13 | M9: =IFERROR(F9+-I9,0) -> -5 | N9: =SUM(J9:M9) -> -8 | O9: =IFERROR(H9+-I9,0) -> -2 | U9: =MAX(C9:F9)-MIN(C9:F9) -> 92 | V9: =IF($X$2=0,(G9*1000000+U9*1000+A9),(O9*1000000+U9*1000+A9)) -> -1907994 | W9: =_xlfn.RANK.EQ(V9,$V$4:$V$28,0) -> 14
A10: 7 | B10: 이 승 미 | C10: 172 | D10: 182 | E10: 176 | F10: 170 | G10: =F10+E10+D10+C10 -> 700 | H10: =G10/4 -> 175 | I10: =IF(B10="","",IFERROR(INDEX('회원명단 및 기준에버'!D:G,MATCH(B10,'회원명단 및 기준에버'!$C:$C,0),CHOOSE(INT((MONTH($N$2)-1)/3)+1,1,2,3,4)),"")) -> 165 | J10: =IFERROR(C10+-I10,0) -> 7 | K10: =IFERROR(D10+-I10,0) -> 17 | L10: =IFERROR(E10+-I10,0) -> 11 | M10: =IFERROR(F10+-I10,0) -> 5 | N10: =SUM(J10:M10) -> 40 | O10: =IFERROR(H10+-I10,0) -> 10 | U10: =MAX(C10:F10)-MIN(C10:F10) -> 12 | V10: =IF($X$2=0,(G10*1000000+U10*1000+A10),(O10*1000000+U10*1000+A10)) -> 10012007 | W10: =_xlfn.RANK.EQ(V10,$V$4:$V$28,0) -> 8
A11: 8 | B11: 김 태 환 | C11: 190 | D11: 203 | E11: 253 | F11: 237 | G11: =F11+E11+D11+C11 -> 883 | H11: =G11/4 -> 220.75 | I11: =IF(B11="","",IFERROR(INDEX('회원명단 및 기준에버'!D:G,MATCH(B11,'회원명단 및 기준에버'!$C:$C,0),CHOOSE(INT((MONTH($N$2)-1)/3)+1,1,2,3,4)),"")) -> 198 | J11: =IFERROR(C11+-I11,0) -> -8 | K11: =IFERROR(D11+-I11,0) -> 5 | L11: =IFERROR(E11+-I11,0) -> 55 | M11: =IFERROR(F11+-I11,0) -> 39 | N11: =SUM(J11:M11) -> 91 | O11: =IFERROR(H11+-I11,0) -> 22.75 | U11: =MAX(C11:F11)-MIN(C11:F11) -> 63 | V11: =IF($X$2=0,(G11*1000000+U11*1000+A11),(O11*1000000+U11*1000+A11)) -> 22813008 | W11: =_xlfn.RANK.EQ(V11,$V$4:$V$28,0) -> 1
A12: 9 | B12: 강 완 규 | C12: 194 | D12: 183 | E12: 227 | F12: 201 | G12: =F12+E12+D12+C12 -> 805 | H12: =G12/4 -> 201.25 | I12: =IF(B12="","",IFERROR(INDEX('회원명단 및 기준에버'!D:G,MATCH(B12,'회원명단 및 기준에버'!$C:$C,0),CHOOSE(INT((MONTH($N$2)-1)/3)+1,1,2,3,4)),"")) -> 194 | J12: =IFERROR(C12+-I12,0) -> 0 | K12: =IFERROR(D12+-I12,0) -> -11 | L12: =IFERROR(E12+-I12,0) -> 33 | M12: =IFERROR(F12+-I12,0) -> 7 | N12: =SUM(J12:M12) -> 29 | O12: =IFERROR(H12+-I12,0) -> 7.25 | U12: =MAX(C12:F12)-MIN(C12:F12) -> 44 | V12: =IF($X$2=0,(G12*1000000+U12*1000+A12),(O12*1000000+U12*1000+A12)) -> 7294009 | W12: =_xlfn.RANK.EQ(V12,$V$4:$V$28,0) -> 11
A13: 10 | B13: 박 성 현 | C13: 196 | D13: 150 | E13: 161 | F13: 170 | G13: =F13+E13+D13+C13 -> 677 | H13: =G13/4 -> 169.25 | I13: =IF(B13="","",IFERROR(INDEX('회원명단 및 기준에버'!D:G,MATCH(B13,'회원명단 및 기준에버'!$C:$C,0),CHOOSE(INT((MONTH($N$2)-1)/3)+1,1,2,3,4)),"")) -> 190 | J13: =IFERROR(C13+-I13,0) -> 6 | K13: =IFERROR(D13+-I13,0) -> -40 | L13: =IFERROR(E13+-I13,0) -> -29 | M13: =IFERROR(F13+-I13,0) -> -20 | N13: =SUM(J13:M13) -> -83 | O13: =IFERROR(H13+-I13,0) -> -20.75 | U13: =MAX(C13:F13)-MIN(C13:F13) -> 46 | V13: =IF($X$2=0,(G13*1000000+U13*1000+A13),(O13*1000000+U13*1000+A13)) -> -20703990 | W13: =_xlfn.RANK.EQ(V13,$V$4:$V$28,0) -> 23
A14: 11 | B14: 이 대 용 | C14: 174 | D14: 223 | E14: 178 | F14: 179 | G14: =F14+E14+D14+C14 -> 754 | H14: =G14/4 -> 188.5 | I14: =IF(B14="","",IFERROR(INDEX('회원명단 및 기준에버'!D:G,MATCH(B14,'회원명단 및 기준에버'!$C:$C,0),CHOOSE(INT((MONTH($N$2)-1)/3)+1,1,2,3,4)),"")) -> 200 | J14: =IFERROR(C14+-I14,0) -> -26 | K14: =IFERROR(D14+-I14,0) -> 23 | L14: =IFERROR(E14+-I14,0) -> -22 | M14: =IFERROR(F14+-I14,0) -> -21 | N14: =SUM(J14:M14) -> -46 | O14: =IFERROR(H14+-I14,0) -> -11.5 | U14: =MAX(C14:F14)-MIN(C14:F14) -> 49 | V14: =IF($X$2=0,(G14*1000000+U14*1000+A14),(O14*1000000+U14*1000+A14)) -> -11450989 | W14: =_xlfn.RANK.EQ(V14,$V$4:$V$28,0) -> 20
A15: 12 | B15: 임 연 진 | C15: 243 | D15: 175 | E15: 192 | F15: 210 | G15: =F15+E15+D15+C15 -> 820 | H15: =G15/4 -> 205 | I15: =IF(B15="","",IFERROR(INDEX('회원명단 및 기준에버'!D:G,MATCH(B15,'회원명단 및 기준에버'!$C:$C,0),CHOOSE(INT((MONTH($N$2)-1)/3)+1,1,2,3,4)),"")) -> 194 | J15: =IFERROR(C15+-I15,0) -> 49 | K15: =IFERROR(D15+-I15,0) -> -19 | L15: =IFERROR(E15+-I15,0) -> -2 | M15: =IFERROR(F15+-I15,0) -> 16 | N15: =SUM(J15:M15) -> 44 | O15: =IFERROR(H15+-I15,0) -> 11 | U15: =MAX(C15:F15)-MIN(C15:F15) -> 68 | V15: =IF($X$2=0,(G15*1000000+U15*1000+A15),(O15*1000000+U15*1000+A15)) -> 11068012 | W15: =_xlfn.RANK.EQ(V15,$V$4:$V$28,0) -> 7
A16: 13 | B16: 이 상 현 | C16: 222 | D16: 181 | E16: 181 | F16: 184 | G16: =F16+E16+D16+C16 -> 768 | H16: =G16/4 -> 192 | I16: =IF(B16="","",IFERROR(INDEX('회원명단 및 기준에버'!D:G,MATCH(B16,'회원명단 및 기준에버'!$C:$C,0),CHOOSE(INT((MONTH($N$2)-1)/3)+1,1,2,3,4)),"")) -> 188 | J16: =IFERROR(C16+-I16,0) -> 34 | K16: =IFERROR(D16+-I16,0) -> -7 | L16: =IFERROR(E16+-I16,0) -> -7 | M16: =IFERROR(F16+-I16,0) -> -4 | N16: =SUM(J16:M16) -> 16 | O16: =IFERROR(H16+-I16,0) -> 4 | U16: =MAX(C16:F16)-MIN(C16:F16) -> 41 | V16: =IF($X$2=0,(G16*1000000+U16*1000+A16),(O16*1000000+U16*1000+A16)) -> 4041013 | W16: =_xlfn.RANK.EQ(V16,$V$4:$V$28,0) -> 12
A17: 14 | B17: 정 영 우 | C17: 216 | D17: 169 | E17: 220 | F17: 203 | G17: =F17+E17+D17+C17 -> 808 | H17: =G17/4 -> 202 | I17: =IF(B17="","",IFERROR(INDEX('회원명단 및 기준에버'!D:G,MATCH(B17,'회원명단 및 기준에버'!$C:$C,0),CHOOSE(INT((MONTH($N$2)-1)/3)+1,1,2,3,4)),"")) -> 184 | J17: =IFERROR(C17+-I17,0) -> 32 | K17: =IFERROR(D17+-I17,0) -> -15 | L17: =IFERROR(E17+-I17,0) -> 36 | M17: =IFERROR(F17+-I17,0) -> 19 | N17: =SUM(J17:M17) -> 72 | O17: =IFERROR(H17+-I17,0) -> 18 | U17: =MAX(C17:F17)-MIN(C17:F17) -> 51 | V17: =IF($X$2=0,(G17*1000000+U17*1000+A17),(O17*1000000+U17*1000+A17)) -> 18051014 | W17: =_xlfn.RANK.EQ(V17,$V$4:$V$28,0) -> 4
A18: 15 | B18: 김 미 란 | C18: 182 | D18: 178 | E18: 190 | F18: 132 | G18: =F18+E18+D18+C18 -> 682 | H18: =G18/4 -> 170.5 | I18: =IF(B18="","",IFERROR(INDEX('회원명단 및 기준에버'!D:G,MATCH(B18,'회원명단 및 기준에버'!$C:$C,0),CHOOSE(INT((MONTH($N$2)-1)/3)+1,1,2,3,4)),"")) -> 182 | J18: =IFERROR(C18+-I18,0) -> 0 | K18: =IFERROR(D18+-I18,0) -> -4 | L18: =IFERROR(E18+-I18,0) -> 8 | M18: =IFERROR(F18+-I18,0) -> -50 | N18: =SUM(J18:M18) -> -46 | O18: =IFERROR(H18+-I18,0) -> -11.5 | U18: =MAX(C18:F18)-MIN(C18:F18) -> 58 | V18: =IF($X$2=0,(G18*1000000+U18*1000+A18),(O18*1000000+U18*1000+A18)) -> -11441985 | W18: =_xlfn.RANK.EQ(V18,$V$4:$V$28,0) -> 19
... A28: 25 | B28: 이 정 석 | C28: 216 | D28: 174 | E28: 215 | F28: 228 | G28: =F28+E28+D28+C28 -> 833 | H28: =G28/4 -> 208.25 | I28: =IF(B28="","",IFERROR(INDEX('회원명단 및 기준에버'!D:G,MATCH(B28,'회원명단 및 기준에버'!$C:$C,0),CHOOSE(INT((MONTH($N$2)-1)/3)+1,1,2,3,4)),"")) -> 196 | J28: =IFERROR(C28+-I28,0) -> 20 | K28: =IFERROR(D28+-I28,0) -> -22 | L28: =IFERROR(E28+-I28,0) -> 19 | M28: =IFERROR(F28+-I28,0) -> 32 | N28: =SUM(J28:M28) -> 49 | O28: =IFERROR(H28+-I28,0) -> 12.25 | U28: =MAX(C28:F28)-MIN(C28:F28) -> 54 | V28: =IF($X$2=0,(G28*1000000+U28*1000+A28),(O28*1000000+U28*1000+A28)) -> 12304025 | W28: =_xlfn.RANK.EQ(V28,$V$4:$V$28,0) -> 6
B29: 팀 전
B30: =$B4 -> 장 영 민 | C30: =IF($V$2=0,$C4,$J4) -> 147 | D30: =IF($V$2=0,$D4,$K4) -> 141 | E30: =IF($V$2=0,$E4,$L4) -> 201 | F30: =IF($V$2=0,$F4,$M4) -> 192 | G30: =E35+D35+C35+F35 -> 3662 | H30: 4 | I30: =$B9 -> 이 우 석 | J30: =IF($V$2=0,$C9,$J9) -> 159 | K30: =IF($V$2=0,$D9,$K9) -> 251 | L30: =IF($V$2=0,$E9,$L9) -> 187 | M30: =IF($V$2=0,$F9,$M9) -> 195 | N30: =L35+K35+J35+M35 -> 3857 | O30: 2
B31: =$B5 -> 김 정 희 | C31: =IF($V$2=0,$C5,$J5) -> 236 | D31: =IF($V$2=0,$D5,$K5) -> 202 | E31: =IF($V$2=0,$E5,$L5) -> 199 | F31: =IF($V$2=0,$F5,$M5) -> 151 | I31: =$B10 -> 이 승 미 | J31: =IF($V$2=0,$C10,$J10) -> 172 | K31: =IF($V$2=0,$D10,$K10) -> 182 | L31: =IF($V$2=0,$E10,$L10) -> 176 | M31: =IF($V$2=0,$F10,$M10) -> 170
B32: =$B6 -> 이 재 용 | C32: =IF($V$2=0,$C6,$J6) -> 251 | D32: =IF($V$2=0,$D6,$K6) -> 200 | E32: =IF($V$2=0,$E6,$L6) -> 211 | F32: =IF($V$2=0,$F6,$M6) -> 171 | I32: =$B11 -> 김 태 환 | J32: =IF($V$2=0,$C11,$J11) -> 190 | K32: =IF($V$2=0,$D11,$K11) -> 203 | L32: =IF($V$2=0,$E11,$L11) -> 253 | M32: =IF($V$2=0,$F11,$M11) -> 237
B33: =$B7 -> 천 성 일 | C33: =IF($V$2=0,$C7,$J7) -> 192 | D33: =IF($V$2=0,$D7,$K7) -> 162 | E33: =IF($V$2=0,$E7,$L7) -> 188 | F33: =IF($V$2=0,$F7,$M7) -> 181 | I33: =$B12 -> 강 완 규 | J33: =IF($V$2=0,$C12,$J12) -> 194 | K33: =IF($V$2=0,$D12,$K12) -> 183 | L33: =IF($V$2=0,$E12,$L12) -> 227 | M33: =IF($V$2=0,$F12,$M12) -> 201
B34: =$B8 -> 윤 주 | C34: =IF($V$2=0,$C8,$J8) -> 159 | D34: =IF($V$2=0,$D8,$K8) -> 151 | E34: =IF($V$2=0,$E8,$L8) -> 178 | F34: =IF($V$2=0,$F8,$M8) -> 149 | I34: =$B13 -> 박 성 현 | J34: =IF($V$2=0,$C13,$J13) -> 196 | K34: =IF($V$2=0,$D13,$K13) -> 150 | L34: =IF($V$2=0,$E13,$L13) -> 161 | M34: =IF($V$2=0,$F13,$M13) -> 170
C35: =SUM(C30:C34) -> 985 | D35: =SUM(D30:D34) -> 856 | E35: =SUM(E30:E34) -> 977 | F35: =SUM(F30:F34) -> 844 | J35: =SUM(J30:J34) -> 911 | K35: =SUM(K30:K34) -> 969 | L35: =SUM(L30:L34) -> 1004 | M35: =SUM(M30:M34) -> 973
B37: =$B14 -> 이 대 용 | C37: =IF($V$2=0,$C14,$J14) -> 174 | D37: =IF($V$2=0,$D14,$K14) -> 223 | E37: =IF($V$2=0,$E14,$L14) -> 178 | F37: =IF($V$2=0,$F14,$M14) -> 179 | G37: =E42+D42+C42+F42 -> 3832 | H37: 3 | I37: =$B19 -> 임 승 기 | J37: =IF($V$2=0,$C19,$J19) -> 216 | K37: =IF($V$2=0,$D19,$K19) -> 225 | L37: =IF($V$2=0,$E19,$L19) -> 231 | M37: =IF($V$2=0,$F19,$M19) -> 212 | N37: =L42+K42+J42+M42 -> 3564
B38: =$B15 -> 임 연 진 | C38: =IF($V$2=0,$C15,$J15) -> 243 | D38: =IF($V$2=0,$D15,$K15) -> 175 | E38: =IF($V$2=0,$E15,$L15) -> 192 | F38: =IF($V$2=0,$F15,$M15) -> 210 | I38: =$B20 -> 손 은 주 | J38: =IF($V$2=0,$C20,$J20) -> 144 | K38: =IF($V$2=0,$D20,$K20) -> 110 | L38: =IF($V$2=0,$E20,$L20) -> 123 | M38: =IF($V$2=0,$F20,$M20) -> 172
B39: =$B16 -> 이 상 현 | C39: =IF($V$2=0,$C16,$J16) -> 222 | D39: =IF($V$2=0,$D16,$K16) -> 181 | E39: =IF($V$2=0,$E16,$L16) -> 181 | F39: =IF($V$2=0,$F16,$M16) -> 184 | I39: =$B21 -> 고 경 훈 | J39: =IF($V$2=0,$C21,$J21) -> 192 | K39: =IF($V$2=0,$D21,$K21) -> 145 | L39: =IF($V$2=0,$E21,$L21) -> 203 | M39: =IF($V$2=0,$F21,$M21) -> 223
B40: =$B17 -> 정 영 우 | C40: =IF($V$2=0,$C17,$J17) -> 216 | D40: =IF($V$2=0,$D17,$K17) -> 169 | E40: =IF($V$2=0,$E17,$L17) -> 220 | F40: =IF($V$2=0,$F17,$M17) -> 203 | I40: =$B22 -> 최 진 | J40: =IF($V$2=0,$C22,$J22) -> 215 | K40: =IF($V$2=0,$D22,$K22) -> 158 | L40: =IF($V$2=0,$E22,$L22) -> 149 | M40: =IF($V$2=0,$F22,$M22) -> 184
B41: =$B18 -> 김 미 란 | C41: =IF($V$2=0,$C18,$J18) -> 182 | D41: =IF($V$2=0,$D18,$K18) -> 178 | E41: =IF($V$2=0,$E18,$L18) -> 190 | F41: =IF($V$2=0,$F18,$M18) -> 132 | I41: =$B23 -> 엄 정 도 | J41: =IF($V$2=0,$C23,$J23) -> 195 | K41: =IF($V$2=0,$D23,$K23) -> 123 | L41: =IF($V$2=0,$E23,$L23) -> 141 | M41: =IF($V$2=0,$F23,$M23) -> 203
C42: =SUM(C37:C41) -> 1037 | D42: =SUM(D37:D41) -> 926 | E42: =SUM(E37:E41) -> 961 | F42: =SUM(F37:F41) -> 908 | J42: =SUM(J37:J41) -> 962 | K42: =SUM(K37:K41) -> 761 | L42: =SUM(L37:L41) -> 847 | M42: =SUM(M37:M41) -> 994
B44: =$B24 -> 변 상 필 | C44: =IF($V$2=0,$C24,$J24) -> 215 | D44: =IF($V$2=0,$D24,$K24) -> 179 | E44: =IF($V$2=0,$E24,$L24) -> 236 | F44: =IF($V$2=0,$F24,$M24) -> 230 | G44: =E49+D49+C49+F49 -> 3993 | H44: 1
B45: =$B25 -> 지 옥 명 | C45: =IF($V$2=0,$C25,$J25) -> 188 | D45: =IF($V$2=0,$D25,$K25) -> 172 | E45: =IF($V$2=0,$E25,$L25) -> 178 | F45: =IF($V$2=0,$F25,$M25) -> 230
B46: =$B26 -> 황 인 교 | C46: =IF($V$2=0,$C26,$J26) -> 200 | D46: =IF($V$2=0,$D26,$K26) -> 213 | E46: =IF($V$2=0,$E26,$L26) -> 169 | F46: =IF($V$2=0,$F26,$M26) -> 143
B47: =$B27 -> 나 경 주 | C47: =IF($V$2=0,$C27,$J27) -> 190 | D47: =IF($V$2=0,$D27,$K27) -> 204 | E47: =IF($V$2=0,$E27,$L27) -> 212 | F47: =IF($V$2=0,$F27,$M27) -> 201
B48: =$B28 -> 이 정 석 | C48: =IF($V$2=0,$C28,$J28) -> 216 | D48: =IF($V$2=0,$D28,$K28) -> 174 | E48: =IF($V$2=0,$E28,$L28) -> 215 | F48: =IF($V$2=0,$F28,$M28) -> 228
C49: =SUM(C44:C48) -> 1009 | D49: =SUM(D44:D48) -> 942 | E49: =SUM(E44:E48) -> 1010 | F49: =SUM(F44:F48) -> 1032
A53: =A1 -> 2026 아르케 존 06회 번개 모임 점수
L54: 날짜 | N54: =N2 -> 46107
B55: 이 름 | C55: 1 G | D55: 2 G | E55: 3 G | F55: 4G | G55: 합 계 | H55: 에 버 | I55: 기본에버 | J55: 1 G | K55: 2 G | L55: 3 G | M55: 4G | N55: 합 계 | O55: 오 차
A56: 1 | B56: {=INDEX($B$4:$O$28,MATCH($A56,$W$4:$W$28,0),COLUMN(A$1))} -> 김 태 환 | C56: {=INDEX($B$4:$O$28,MATCH($A56,$W$4:$W$28,0),COLUMN(B$1))} -> 190 | D56: {=INDEX($B$4:$O$28,MATCH($A56,$W$4:$W$28,0),COLUMN(C$1))} -> 203 | E56: {=INDEX($B$4:$O$28,MATCH($A56,$W$4:$W$28,0),COLUMN(D$1))} -> 253 | F56: {=INDEX($B$4:$O$28,MATCH($A56,$W$4:$W$28,0),COLUMN(E$1))} -> 237 | G56: =SUM(C56:F56) -> 883 | H56: =G56/4 -> 220.75 | I56: =IF(B56="","",IFERROR(INDEX('회원명단 및 기준에버'!D:G,MATCH(B56,'회원명단 및 기준에버'!$C:$C,0),CHOOSE(INT((MONTH($N$2)-1)/3)+1,1,2,3,4)),"")) -> 198 | J56: =IFERROR(C56+-I56,0) -> -8 | K56: =IFERROR(D56+-I56,0) -> 5 | L56: =IFERROR(E56+-I56,0) -> 55 | M56: =IFERROR(F56+-I56,0) -> 39 | N56: =SUM(J56:M56) -> 91 | O56: =IFERROR(H56+-I56,0) -> 22.75
A57: 2 | B57: {=INDEX($B$4:$O$28,MATCH($A57,$W$4:$W$28,0),COLUMN(A$1))} -> 임 승 기 | C57: {=INDEX($B$4:$O$28,MATCH($A57,$W$4:$W$28,0),COLUMN(B$1))} -> 216 | D57: {=INDEX($B$4:$O$28,MATCH($A57,$W$4:$W$28,0),COLUMN(C$1))} -> 225 | E57: {=INDEX($B$4:$O$28,MATCH($A57,$W$4:$W$28,0),COLUMN(D$1))} -> 231 | F57: {=INDEX($B$4:$O$28,MATCH($A57,$W$4:$W$28,0),COLUMN(E$1))} -> 212 | G57: =SUM(C57:F57) -> 884 | H57: =G57/4 -> 221 | I57: =IF(B57="","",IFERROR(INDEX('회원명단 및 기준에버'!D:G,MATCH(B57,'회원명단 및 기준에버'!$C:$C,0),CHOOSE(INT((MONTH($N$2)-1)/3)+1,1,2,3,4)),"")) -> 200 | J57: =IFERROR(C57+-I57,0) -> 16 | K57: =IFERROR(D57+-I57,0) -> 25 | L57: =IFERROR(E57+-I57,0) -> 31 | M57: =IFERROR(F57+-I57,0) -> 12 | N57: =SUM(J57:M57) -> 84 | O57: =IFERROR(H57+-I57,0) -> 21
A58: 3 | B58: {=INDEX($B$4:$O$28,MATCH($A58,$W$4:$W$28,0),COLUMN(A$1))} -> 이 재 용 | C58: {=INDEX($B$4:$O$28,MATCH($A58,$W$4:$W$28,0),COLUMN(B$1))} -> 251 | D58: {=INDEX($B$4:$O$28,MATCH($A58,$W$4:$W$28,0),COLUMN(C$1))} -> 200 | E58: {=INDEX($B$4:$O$28,MATCH($A58,$W$4:$W$28,0),COLUMN(D$1))} -> 211 | F58: {=INDEX($B$4:$O$28,MATCH($A58,$W$4:$W$28,0),COLUMN(E$1))} -> 171 | G58: =SUM(C58:F58) -> 833 | H58: =G58/4 -> 208.25 | I58: =IF(B58="","",IFERROR(INDEX('회원명단 및 기준에버'!D:G,MATCH(B58,'회원명단 및 기준에버'!$C:$C,0),CHOOSE(INT((MONTH($N$2)-1)/3)+1,1,2,3,4)),"")) -> 190 | J58: =IFERROR(C58+-I58,0) -> 61 | K58: =IFERROR(D58+-I58,0) -> 10 | L58: =IFERROR(E58+-I58,0) -> 21 | M58: =IFERROR(F58+-I58,0) -> -19 | N58: =SUM(J58:M58) -> 73 | O58: =IFERROR(H58+-I58,0) -> 18.25
A59: 4 | B59: {=INDEX($B$4:$O$28,MATCH($A59,$W$4:$W$28,0),COLUMN(A$1))} -> 정 영 우 | C59: {=INDEX($B$4:$O$28,MATCH($A59,$W$4:$W$28,0),COLUMN(B$1))} -> 216 | D59: {=INDEX($B$4:$O$28,MATCH($A59,$W$4:$W$28,0),COLUMN(C$1))} -> 169 | E59: {=INDEX($B$4:$O$28,MATCH($A59,$W$4:$W$28,0),COLUMN(D$1))} -> 220 | F59: {=INDEX($B$4:$O$28,MATCH($A59,$W$4:$W$28,0),COLUMN(E$1))} -> 203 | G59: =SUM(C59:F59) -> 808 | H59: =G59/4 -> 202 | I59: =IF(B59="","",IFERROR(INDEX('회원명단 및 기준에버'!D:G,MATCH(B59,'회원명단 및 기준에버'!$C:$C,0),CHOOSE(INT((MONTH($N$2)-1)/3)+1,1,2,3,4)),"")) -> 184 | J59: =IFERROR(C59+-I59,0) -> 32 | K59: =IFERROR(D59+-I59,0) -> -15 | L59: =IFERROR(E59+-I59,0) -> 36 | M59: =IFERROR(F59+-I59,0) -> 19 | N59: =SUM(J59:M59) -> 72 | O59: =IFERROR(H59+-I59,0) -> 18
A60: 5 | B60: {=INDEX($B$4:$O$28,MATCH($A60,$W$4:$W$28,0),COLUMN(A$1))} -> 변 상 필 | C60: {=INDEX($B$4:$O$28,MATCH($A60,$W$4:$W$28,0),COLUMN(B$1))} -> 215 | D60: {=INDEX($B$4:$O$28,MATCH($A60,$W$4:$W$28,0),COLUMN(C$1))} -> 179 | E60: {=INDEX($B$4:$O$28,MATCH($A60,$W$4:$W$28,0),COLUMN(D$1))} -> 236 | F60: {=INDEX($B$4:$O$28,MATCH($A60,$W$4:$W$28,0),COLUMN(E$1))} -> 230 | G60: =SUM(C60:F60) -> 860 | H60: =G60/4 -> 215 | I60: =IF(B60="","",IFERROR(INDEX('회원명단 및 기준에버'!D:G,MATCH(B60,'회원명단 및 기준에버'!$C:$C,0),CHOOSE(INT((MONTH($N$2)-1)/3)+1,1,2,3,4)),"")) -> 200 | J60: =IFERROR(C60+-I60,0) -> 15 | K60: =IFERROR(D60+-I60,0) -> -21 | L60: =IFERROR(E60+-I60,0) -> 36 | M60: =IFERROR(F60+-I60,0) -> 30 | N60: =SUM(J60:M60) -> 60 | O60: =IFERROR(H60+-I60,0) -> 15
A61: 6 | B61: {=INDEX($B$4:$O$28,MATCH($A61,$W$4:$W$28,0),COLUMN(A$1))} -> 이 정 석 | C61: {=INDEX($B$4:$O$28,MATCH($A61,$W$4:$W$28,0),COLUMN(B$1))} -> 216 | D61: {=INDEX($B$4:$O$28,MATCH($A61,$W$4:$W$28,0),COLUMN(C$1))} -> 174 | E61: {=INDEX($B$4:$O$28,MATCH($A61,$W$4:$W$28,0),COLUMN(D$1))} -> 215 | F61: {=INDEX($B$4:$O$28,MATCH($A61,$W$4:$W$28,0),COLUMN(E$1))} -> 228 | G61: =SUM(C61:F61) -> 833 | H61: =G61/4 -> 208.25 | I61: =IF(B61="","",IFERROR(INDEX('회원명단 및 기준에버'!D:G,MATCH(B61,'회원명단 및 기준에버'!$C:$C,0),CHOOSE(INT((MONTH($N$2)-1)/3)+1,1,2,3,4)),"")) -> 196 | J61: =IFERROR(C61+-I61,0) -> 20 | K61: =IFERROR(D61+-I61,0) -> -22 | L61: =IFERROR(E61+-I61,0) -> 19 | M61: =IFERROR(F61+-I61,0) -> 32 | N61: =SUM(J61:M61) -> 49 | O61: =IFERROR(H61+-I61,0) -> 12.25
A62: 7 | B62: {=INDEX($B$4:$O$28,MATCH($A62,$W$4:$W$28,0),COLUMN(A$1))} -> 임 연 진 | C62: {=INDEX($B$4:$O$28,MATCH($A62,$W$4:$W$28,0),COLUMN(B$1))} -> 243 | D62: {=INDEX($B$4:$O$28,MATCH($A62,$W$4:$W$28,0),COLUMN(C$1))} -> 175 | E62: {=INDEX($B$4:$O$28,MATCH($A62,$W$4:$W$28,0),COLUMN(D$1))} -> 192 | F62: {=INDEX($B$4:$O$28,MATCH($A62,$W$4:$W$28,0),COLUMN(E$1))} -> 210 | G62: =SUM(C62:F62) -> 820 | H62: =G62/4 -> 205 | I62: =IF(B62="","",IFERROR(INDEX('회원명단 및 기준에버'!D:G,MATCH(B62,'회원명단 및 기준에버'!$C:$C,0),CHOOSE(INT((MONTH($N$2)-1)/3)+1,1,2,3,4)),"")) -> 194 | J62: =IFERROR(C62+-I62,0) -> 49 | K62: =IFERROR(D62+-I62,0) -> -19 | L62: =IFERROR(E62+-I62,0) -> -2 | M62: =IFERROR(F62+-I62,0) -> 16 | N62: =SUM(J62:M62) -> 44 | O62: =IFERROR(H62+-I62,0) -> 11
A63: 8 | B63: {=INDEX($B$4:$O$28,MATCH($A63,$W$4:$W$28,0),COLUMN(A$1))} -> 이 승 미 | C63: {=INDEX($B$4:$O$28,MATCH($A63,$W$4:$W$28,0),COLUMN(B$1))} -> 172 | D63: {=INDEX($B$4:$O$28,MATCH($A63,$W$4:$W$28,0),COLUMN(C$1))} -> 182 | E63: {=INDEX($B$4:$O$28,MATCH($A63,$W$4:$W$28,0),COLUMN(D$1))} -> 176 | F63: {=INDEX($B$4:$O$28,MATCH($A63,$W$4:$W$28,0),COLUMN(E$1))} -> 170 | G63: =SUM(C63:F63) -> 700 | H63: =G63/4 -> 175 | I63: =IF(B63="","",IFERROR(INDEX('회원명단 및 기준에버'!D:G,MATCH(B63,'회원명단 및 기준에버'!$C:$C,0),CHOOSE(INT((MONTH($N$2)-1)/3)+1,1,2,3,4)),"")) -> 165 | J63: =IFERROR(C63+-I63,0) -> 7 | K63: =IFERROR(D63+-I63,0) -> 17 | L63: =IFERROR(E63+-I63,0) -> 11 | M63: =IFERROR(F63+-I63,0) -> 5 | N63: =SUM(J63:M63) -> 40 | O63: =IFERROR(H63+-I63,0) -> 10
A64: 9 | B64: {=INDEX($B$4:$O$28,MATCH($A64,$W$4:$W$28,0),COLUMN(A$1))} -> 나 경 주 | C64: {=INDEX($B$4:$O$28,MATCH($A64,$W$4:$W$28,0),COLUMN(B$1))} -> 190 | D64: {=INDEX($B$4:$O$28,MATCH($A64,$W$4:$W$28,0),COLUMN(C$1))} -> 204 | E64: {=INDEX($B$4:$O$28,MATCH($A64,$W$4:$W$28,0),COLUMN(D$1))} -> 212 | F64: {=INDEX($B$4:$O$28,MATCH($A64,$W$4:$W$28,0),COLUMN(E$1))} -> 201 | G64: =SUM(C64:F64) -> 807 | H64: =G64/4 -> 201.75 | I64: =IF(B64="","",IFERROR(INDEX('회원명단 및 기준에버'!D:G,MATCH(B64,'회원명단 및 기준에버'!$C:$C,0),CHOOSE(INT((MONTH($N$2)-1)/3)+1,1,2,3,4)),"")) -> 192 | J64: =IFERROR(C64+-I64,0) -> -2 | K64: =IFERROR(D64+-I64,0) -> 12 | L64: =IFERROR(E64+-I64,0) -> 20 | M64: =IFERROR(F64+-I64,0) -> 9 | N64: =SUM(J64:M64) -> 39 | O64: =IFERROR(H64+-I64,0) -> 9.75
A65: 10 | B65: {=INDEX($B$4:$O$28,MATCH($A65,$W$4:$W$28,0),COLUMN(A$1))} -> 지 옥 명 | C65: {=INDEX($B$4:$O$28,MATCH($A65,$W$4:$W$28,0),COLUMN(B$1))} -> 188 | D65: {=INDEX($B$4:$O$28,MATCH($A65,$W$4:$W$28,0),COLUMN(C$1))} -> 172 | E65: {=INDEX($B$4:$O$28,MATCH($A65,$W$4:$W$28,0),COLUMN(D$1))} -> 178 | F65: {=INDEX($B$4:$O$28,MATCH($A65,$W$4:$W$28,0),COLUMN(E$1))} -> 230 | G65: =SUM(C65:F65) -> 768 | H65: =G65/4 -> 192 | I65: =IF(B65="","",IFERROR(INDEX('회원명단 및 기준에버'!D:G,MATCH(B65,'회원명단 및 기준에버'!$C:$C,0),CHOOSE(INT((MONTH($N$2)-1)/3)+1,1,2,3,4)),"")) -> 183 | J65: =IFERROR(C65+-I65,0) -> 5 | K65: =IFERROR(D65+-I65,0) -> -11 | L65: =IFERROR(E65+-I65,0) -> -5 | M65: =IFERROR(F65+-I65,0) -> 47 | N65: =SUM(J65:M65) -> 36 | O65: =IFERROR(H65+-I65,0) -> 9
A66: 11 | B66: {=INDEX($B$4:$O$28,MATCH($A66,$W$4:$W$28,0),COLUMN(A$1))} -> 강 완 규 | C66: {=INDEX($B$4:$O$28,MATCH($A66,$W$4:$W$28,0),COLUMN(B$1))} -> 194 | D66: {=INDEX($B$4:$O$28,MATCH($A66,$W$4:$W$28,0),COLUMN(C$1))} -> 183 | E66: {=INDEX($B$4:$O$28,MATCH($A66,$W$4:$W$28,0),COLUMN(D$1))} -> 227 | F66: {=INDEX($B$4:$O$28,MATCH($A66,$W$4:$W$28,0),COLUMN(E$1))} -> 201 | G66: =SUM(C66:F66) -> 805 | H66: =G66/4 -> 201.25 | I66: =IF(B66="","",IFERROR(INDEX('회원명단 및 기준에버'!D:G,MATCH(B66,'회원명단 및 기준에버'!$C:$C,0),CHOOSE(INT((MONTH($N$2)-1)/3)+1,1,2,3,4)),"")) -> 194 | J66: =IFERROR(C66+-I66,0) -> 0 | K66: =IFERROR(D66+-I66,0) -> -11 | L66: =IFERROR(E66+-I66,0) -> 33 | M66: =IFERROR(F66+-I66,0) -> 7 | N66: =SUM(J66:M66) -> 29 | O66: =IFERROR(H66+-I66,0) -> 7.25
A67: 12 | B67: {=INDEX($B$4:$O$28,MATCH($A67,$W$4:$W$28,0),COLUMN(A$1))} -> 이 상 현 | C67: {=INDEX($B$4:$O$28,MATCH($A67,$W$4:$W$28,0),COLUMN(B$1))} -> 222 | D67: {=INDEX($B$4:$O$28,MATCH($A67,$W$4:$W$28,0),COLUMN(C$1))} -> 181 | E67: {=INDEX($B$4:$O$28,MATCH($A67,$W$4:$W$28,0),COLUMN(D$1))} -> 181 | F67: {=INDEX($B$4:$O$28,MATCH($A67,$W$4:$W$28,0),COLUMN(E$1))} -> 184 | G67: =SUM(C67:F67) -> 768 | H67: =G67/4 -> 192 | I67: =IF(B67="","",IFERROR(INDEX('회원명단 및 기준에버'!D:G,MATCH(B67,'회원명단 및 기준에버'!$C:$C,0),CHOOSE(INT((MONTH($N$2)-1)/3)+1,1,2,3,4)),"")) -> 188 | J67: =IFERROR(C67+-I67,0) -> 34 | K67: =IFERROR(D67+-I67,0) -> -7 | L67: =IFERROR(E67+-I67,0) -> -7 | M67: =IFERROR(F67+-I67,0) -> -4 | N67: =SUM(J67:M67) -> 16 | O67: =IFERROR(H67+-I67,0) -> 4
... A80: 25 | B80: {=INDEX($B$4:$O$28,MATCH($A80,$W$4:$W$28,0),COLUMN(A$1))} -> 장 영 민 | C80: {=INDEX($B$4:$O$28,MATCH($A80,$W$4:$W$28,0),COLUMN(B$1))} -> 147 | D80: {=INDEX($B$4:$O$28,MATCH($A80,$W$4:$W$28,0),COLUMN(C$1))} -> 141 | E80: {=INDEX($B$4:$O$28,MATCH($A80,$W$4:$W$28,0),COLUMN(D$1))} -> 201 | F80: {=INDEX($B$4:$O$28,MATCH($A80,$W$4:$W$28,0),COLUMN(E$1))} -> 192 | G80: =SUM(C80:F80) -> 681 | H80: =G80/4 -> 170.25 | I80: =IF(B80="","",IFERROR(INDEX('회원명단 및 기준에버'!D:G,MATCH(B80,'회원명단 및 기준에버'!$C:$C,0),CHOOSE(INT((MONTH($N$2)-1)/3)+1,1,2,3,4)),"")) -> 200 | J80: =IFERROR(C80+-I80,0) -> -53 | K80: =IFERROR(D80+-I80,0) -> -59 | L80: =IFERROR(E80+-I80,0) -> 1 | M80: =IFERROR(F80+-I80,0) -> -8 | N80: =SUM(J80:M80) -> -119 | O80: =IFERROR(H80+-I80,0) -> -29.75
B81: 팀 전
B82: =IF(B30="","",B30) -> 장 영 민 | C82: =IF(C30="","",C30) -> 147 | D82: =IF(D30="","",D30) -> 141 | E82: =IF(E30="","",E30) -> 201 | F82: =IF(F30="","",F30) -> 192 | G82: =IF(G30="","",G30) -> 3662 | H82: 4 | I82: =IF(I30="","",I30) -> 이 우 석 | J82: =IF(J30="","",J30) -> 159 | K82: =IF(K30="","",K30) -> 251 | L82: =IF(L30="","",L30) -> 187 | M82: =IF(M30="","",M30) -> 195 | N82: =IF(N30="","",N30) -> 3857 | O82: 2
B83: =IF(B31="","",B31) -> 김 정 희 | C83: =IF(C31="","",C31) -> 236 | D83: =IF(D31="","",D31) -> 202 | E83: =IF(E31="","",E31) -> 199 | F83: =IF(F31="","",F31) -> 151 | G83: =IF(G31="","",G31) | I83: =IF(I31="","",I31) -> 이 승 미 | J83: =IF(J31="","",J31) -> 172 | K83: =IF(K31="","",K31) -> 182 | L83: =IF(L31="","",L31) -> 176 | M83: =IF(M31="","",M31) -> 170 | N83: =IF(N31="","",N31)
B84: =IF(B32="","",B32) -> 이 재 용 | C84: =IF(C32="","",C32) -> 251 | D84: =IF(D32="","",D32) -> 200 | E84: =IF(E32="","",E32) -> 211 | F84: =IF(F32="","",F32) -> 171 | G84: =IF(G32="","",G32) | I84: =IF(I32="","",I32) -> 김 태 환 | J84: =IF(J32="","",J32) -> 190 | K84: =IF(K32="","",K32) -> 203 | L84: =IF(L32="","",L32) -> 253 | M84: =IF(M32="","",M32) -> 237 | N84: =IF(N32="","",N32)
B85: =IF(B33="","",B33) -> 천 성 일 | C85: =IF(C33="","",C33) -> 192 | D85: =IF(D33="","",D33) -> 162 | E85: =IF(E33="","",E33) -> 188 | F85: =IF(F33="","",F33) -> 181 | G85: =IF(G33="","",G33) | I85: =IF(I33="","",I33) -> 강 완 규 | J85: =IF(J33="","",J33) -> 194 | K85: =IF(K33="","",K33) -> 183 | L85: =IF(L33="","",L33) -> 227 | M85: =IF(M33="","",M33) -> 201 | N85: =IF(N33="","",N33)
B86: =IF(B34="","",B34) -> 윤 주 | C86: =IF(C34="","",C34) -> 159 | D86: =IF(D34="","",D34) -> 151 | E86: =IF(E34="","",E34) -> 178 | F86: =IF(F34="","",F34) -> 149 | G86: =IF(G34="","",G34) | I86: =IF(I34="","",I34) -> 박 성 현 | J86: =IF(J34="","",J34) -> 196 | K86: =IF(K34="","",K34) -> 150 | L86: =IF(L34="","",L34) -> 161 | M86: =IF(M34="","",M34) -> 170 | N86: =IF(N34="","",N34)
B87: =IF(B35="","",B35) | C87: =IF(C35="","",C35) -> 985 | D87: =IF(D35="","",D35) -> 856 | E87: =IF(E35="","",E35) -> 977 | F87: =IF(F35="","",F35) -> 844 | G87: =IF(G35="","",G35) | I87: =IF(I35="","",I35) | J87: =IF(J35="","",J35) -> 911 | K87: =IF(K35="","",K35) -> 969 | L87: =IF(L35="","",L35) -> 1004 | M87: =IF(M35="","",M35) -> 973 | N87: =IF(N35="","",N35)
B89: =IF(B37="","",B37) -> 이 대 용 | C89: =IF(C37="","",C37) -> 174 | D89: =IF(D37="","",D37) -> 223 | E89: =IF(E37="","",E37) -> 178 | F89: =IF(F37="","",F37) -> 179 | G89: =IF(G37="","",G37) -> 3832 | H89: 3 | I89: =IF(I37="","",I37) -> 임 승 기 | J89: =IF(J37="","",J37) -> 216 | K89: =IF(K37="","",K37) -> 225 | L89: =IF(L37="","",L37) -> 231 | M89: =IF(M37="","",M37) -> 212 | N89: =IF(N37="","",N37) -> 3564 | O89: =IF(O37="","",O37)
B90: =IF(B38="","",B38) -> 임 연 진 | C90: =IF(C38="","",C38) -> 243 | D90: =IF(D38="","",D38) -> 175 | E90: =IF(E38="","",E38) -> 192 | F90: =IF(F38="","",F38) -> 210 | G90: =IF(G38="","",G38) | H90: =IF(H38="","",H38) | I90: =IF(I38="","",I38) -> 손 은 주 | ... O90: =IF(O38="","",O38)
B91: =IF(B39="","",B39) -> 이 상 현 | C91: =IF(C39="","",C39) -> 222 | D91: =IF(D39="","",D39) -> 181 | E91: =IF(E39="","",E39) -> 181 | F91: =IF(F39="","",F39) -> 184 | G91: =IF(G39="","",G39) | H91: =IF(H39="","",H39) | I91: =IF(I39="","",I39) -> 고 경 훈 | ... O91: =IF(O39="","",O39)
B92: =IF(B40="","",B40) -> 정 영 우 | C92: =IF(C40="","",C40) -> 216 | D92: =IF(D40="","",D40) -> 169 | E92: =IF(E40="","",E40) -> 220 | F92: =IF(F40="","",F40) -> 203 | G92: =IF(G40="","",G40) | H92: =IF(H40="","",H40) | I92: =IF(I40="","",I40) -> 최 진 | ... O92: =IF(O40="","",O40)
B93: =IF(B41="","",B41) -> 김 미 란 | C93: =IF(C41="","",C41) -> 182 | D93: =IF(D41="","",D41) -> 178 | E93: =IF(E41="","",E41) -> 190 | F93: =IF(F41="","",F41) -> 132 | G93: =IF(G41="","",G41) | H93: =IF(H41="","",H41) | I93: =IF(I41="","",I41) -> 엄 정 도 | ... O93: =IF(O41="","",O41)
B94: =IF(B42="","",B42) | C94: =IF(C42="","",C42) -> 1037 | D94: =IF(D42="","",D42) -> 926 | E94: =IF(E42="","",E42) -> 961 | F94: =IF(F42="","",F42) -> 908 | G94: =IF(G42="","",G42) | H94: =IF(H42="","",H42) | I94: =IF(I42="","",I42) | ... O94: =IF(O42="","",O42)
B96: =IF(B44="","",B44) -> 변 상 필 | C96: =IF(C44="","",C44) -> 215 | D96: =IF(D44="","",D44) -> 179 | E96: =IF(E44="","",E44) -> 236 | F96: =IF(F44="","",F44) -> 230 | G96: =IF(G44="","",G44) -> 3993 | H96: 1
B97: =IF(B45="","",B45) -> 지 옥 명 | C97: =IF(C45="","",C45) -> 188 | D97: =IF(D45="","",D45) -> 172 | E97: =IF(E45="","",E45) -> 178 | F97: =IF(F45="","",F45) -> 230 | G97: =IF(G45="","",G45) | H97: =IF(H45="","",H45)
B98: =IF(B46="","",B46) -> 황 인 교 | C98: =IF(C46="","",C46) -> 200 | D98: =IF(D46="","",D46) -> 213 | E98: =IF(E46="","",E46) -> 169 | F98: =IF(F46="","",F46) -> 143 | G98: =IF(G46="","",G46) | H98: =IF(H46="","",H46)
B99: =IF(B47="","",B47) -> 나 경 주 | C99: =IF(C47="","",C47) -> 190 | D99: =IF(D47="","",D47) -> 204 | E99: =IF(E47="","",E47) -> 212 | F99: =IF(F47="","",F47) -> 201 | G99: =IF(G47="","",G47) | H99: =IF(H47="","",H47)
B100: =IF(B48="","",B48) -> 이 정 석 | C100: =IF(C48="","",C48) -> 216 | D100: =IF(D48="","",D48) -> 174 | E100: =IF(E48="","",E48) -> 215 | F100: =IF(F48="","",F48) -> 228 | G100: =IF(G48="","",G48) | H100: =IF(H48="","",H48)
B101: =IF(B49="","",B49) | C101: =IF(C49="","",C49) -> 1009 | D101: =IF(D49="","",D49) -> 942 | E101: =IF(E49="","",E49) -> 1010 | F101: =IF(F49="","",F49) -> 1032 | G101: =IF(G49="","",G49) | H101: =IF(H49="","",H49)

Sheet 05회번개
A1: 2026 아르케 존 05회 번개 모임 점수
L2: 날짜 | N2: 46093 | U2: 팀전에버기준 | V2: 1 | W2: 순위에버오차기준 | X2: 1
B3: 이 름 | C3: 1 G | D3: 2 G | E3: 3 G | F3: 4G | G3: 합 계 | H3: 에 버 | I3: 기본에버 | J3: 1 G | K3: 2 G | L3: 3 G | M3: 4G | N3: 합 계 | O3: 오 차 | U3: 수식입력부분 삭제하지마세요~
A4: 1 | B4: 장 영 민 | C4: 146 | D4: 194 | E4: 202 | F4: 151 | G4: =F4+E4+D4+C4 -> 693 | H4: =G4/4 -> 173.25 | I4: =IF(B4="","",IFERROR(INDEX('회원명단 및 기준에버'!D:G,MATCH(B4,'회원명단 및 기준에버'!$C:$C,0),CHOOSE(INT((MONTH($N$2)-1)/3)+1,1,2,3,4)),"")) -> 200 | J4: =IFERROR(C4+-I4,0) -> -54 | K4: =IFERROR(D4+-I4,0) -> -6 | L4: =IFERROR(E4+-I4,0) -> 2 | M4: =IFERROR(F4+-I4,0) -> -49 | N4: =SUM(J4:M4) -> -107 | O4: =IFERROR(H4+-I4,0) -> -26.75 | U4: =MAX(C4:F4)-MIN(C4:F4) -> 56 | V4: =IF($X$2=0,(G4*1000000+U4*1000+A4),(O4*1000000+U4*1000+A4)) -> -26693999 | W4: =_xlfn.RANK.EQ(V4,$V$4:$V$23,0) -> 20
A5: 2 | B5: 진 명 옥 | C5: 185 | D5: 158 | E5: 157 | F5: 148 | G5: =F5+E5+D5+C5 -> 648 | H5: =G5/4 -> 162 | I5: =IF(B5="","",IFERROR(INDEX('회원명단 및 기준에버'!D:G,MATCH(B5,'회원명단 및 기준에버'!$C:$C,0),CHOOSE(INT((MONTH($N$2)-1)/3)+1,1,2,3,4)),"")) -> 171 | J5: =IFERROR(C5+-I5,0) -> 14 | K5: =IFERROR(D5+-I5,0) -> -13 | L5: =IFERROR(E5+-I5,0) -> -14 | M5: =IFERROR(F5+-I5,0) -> -23 | N5: =SUM(J5:M5) -> -36 | O5: =IFERROR(H5+-I5,0) -> -9 | U5: =MAX(C5:F5)-MIN(C5:F5) -> 37 | V5: =IF($X$2=0,(G5*1000000+U5*1000+A5),(O5*1000000+U5*1000+A5)) -> -8962998 | W5: =_xlfn.RANK.EQ(V5,$V$4:$V$23,0) -> 15
A6: 3 | B6: 정 영 우 | C6: 189 | D6: 182 | E6: 201 | F6: 171 | G6: =F6+E6+D6+C6 -> 743 | H6: =G6/4 -> 185.75 | I6: =IF(B6="","",IFERROR(INDEX('회원명단 및 기준에버'!D:G,MATCH(B6,'회원명단 및 기준에버'!$C:$C,0),CHOOSE(INT((MONTH($N$2)-1)/3)+1,1,2,3,4)),"")) -> 184 | J6: =IFERROR(C6+-I6,0) -> 5 | K6: =IFERROR(D6+-I6,0) -> -2 | L6: =IFERROR(E6+-I6,0) -> 17 | M6: =IFERROR(F6+-I6,0) -> -13 | N6: =SUM(J6:M6) -> 7 | O6: =IFERROR(H6+-I6,0) -> 1.75 | U6: =MAX(C6:F6)-MIN(C6:F6) -> 30 | V6: =IF($X$2=0,(G6*1000000+U6*1000+A6),(O6*1000000+U6*1000+A6)) -> 1780003 | W6: =_xlfn.RANK.EQ(V6,$V$4:$V$23,0) -> 10
A7: 4 | B7: 나 경 주 | C7: 215 | D7: 247 | E7: 171 | F7: 235 | G7: =F7+E7+D7+C7 -> 868 | H7: =G7/4 -> 217 | I7: =IF(B7="","",IFERROR(INDEX('회원명단 및 기준에버'!D:G,MATCH(B7,'회원명단 및 기준에버'!$C:$C,0),CHOOSE(INT((MONTH($N$2)-1)/3)+1,1,2,3,4)),"")) -> 192 | J7: =IFERROR(C7+-I7,0) -> 23 | K7: =IFERROR(D7+-I7,0) -> 55 | L7: =IFERROR(E7+-I7,0) -> -21 | M7: =IFERROR(F7+-I7,0) -> 43 | N7: =SUM(J7:M7) -> 100 | O7: =IFERROR(H7+-I7,0) -> 25 | U7: =MAX(C7:F7)-MIN(C7:F7) -> 76 | V7: =IF($X$2=0,(G7*1000000+U7*1000+A7),(O7*1000000+U7*1000+A7)) -> 25076004 | W7: =_xlfn.RANK.EQ(V7,$V$4:$V$23,0) -> 3
A8: 5 | B8: 박 시 진 | C8: 235 | D8: 215 | E8: 228 | F8: 207 | G8: =F8+E8+D8+C8 -> 885 | H8: =G8/4 -> 221.25 | I8: =IF(B8="","",IFERROR(INDEX('회원명단 및 기준에버'!D:G,MATCH(B8,'회원명단 및 기준에버'!$C:$C,0),CHOOSE(INT((MONTH($N$2)-1)/3)+1,1,2,3,4)),"")) -> 196 | J8: =IFERROR(C8+-I8,0) -> 39 | K8: =IFERROR(D8+-I8,0) -> 19 | L8: =IFERROR(E8+-I8,0) -> 32 | M8: =IFERROR(F8+-I8,0) -> 11 | N8: =SUM(J8:M8) -> 101 | O8: =IFERROR(H8+-I8,0) -> 25.25 | U8: =MAX(C8:F8)-MIN(C8:F8) -> 28 | V8: =IF($X$2=0,(G8*1000000+U8*1000+A8),(O8*1000000+U8*1000+A8)) -> 25278005 | W8: =_xlfn.RANK.EQ(V8,$V$4:$V$23,0) -> 2
A9: 6 | B9: 임 승 기 | C9: 269 | D9: 178 | E9: 193 | F9: 205 | G9: =F9+E9+D9+C9 -> 845 | H9: =G9/4 -> 211.25 | I9: =IF(B9="","",IFERROR(INDEX('회원명단 및 기준에버'!D:G,MATCH(B9,'회원명단 및 기준에버'!$C:$C,0),CHOOSE(INT((MONTH($N$2)-1)/3)+1,1,2,3,4)),"")) -> 200 | J9: =IFERROR(C9+-I9,0) -> 69 | K9: =IFERROR(D9+-I9,0) -> -22 | L9: =IFERROR(E9+-I9,0) -> -7 | M9: =IFERROR(F9+-I9,0) -> 5 | N9: =SUM(J9:M9) -> 45 | O9: =IFERROR(H9+-I9,0) -> 11.25 | U9: =MAX(C9:F9)-MIN(C9:F9) -> 91 | V9: =IF($X$2=0,(G9*1000000+U9*1000+A9),(O9*1000000+U9*1000+A9)) -> 11341006 | W9: =_xlfn.RANK.EQ(V9,$V$4:$V$23,0) -> 5
A10: 7 | B10: 임 연 진 | C10: 162 | D10: 170 | E10: 176 | F10: 224 | G10: =F10+E10+D10+C10 -> 732 | H10: =G10/4 -> 183 | I10: =IF(B10="","",IFERROR(INDEX('회원명단 및 기준에버'!D:G,MATCH(B10,'회원명단 및 기준에버'!$C:$C,0),CHOOSE(INT((MONTH($N$2)-1)/3)+1,1,2,3,4)),"")) -> 194 | J10: =IFERROR(C10+-I10,0) -> -32 | K10: =IFERROR(D10+-I10,0) -> -24 | L10: =IFERROR(E10+-I10,0) -> -18 | M10: =IFERROR(F10+-I10,0) -> 30 | N10: =SUM(J10:M10) -> -44 | O10: =IFERROR(H10+-I10,0) -> -11 | U10: =MAX(C10:F10)-MIN(C10:F10) -> 62 | V10: =IF($X$2=0,(G10*1000000+U10*1000+A10),(O10*1000000+U10*1000+A10)) -> -10937993 | W10: =_xlfn.RANK.EQ(V10,$V$4:$V$23,0) -> 16
A11: 8 | B11: 이 정 석 | C11: 212 | D11: 183 | E11: 245 | F11: 189 | G11: =F11+E11+D11+C11 -> 829 | H11: =G11/4 -> 207.25 | I11: =IF(B11="","",IFERROR(INDEX('회원명단 및 기준에버'!D:G,MATCH(B11,'회원명단 및 기준에버'!$C:$C,0),CHOOSE(INT((MONTH($N$2)-1)/3)+1,1,2,3,4)),"")) -> 196 | J11: =IFERROR(C11+-I11,0) -> 16 | K11: =IFERROR(D11+-I11,0) -> -13 | L11: =IFERROR(E11+-I11,0) -> 49 | M11: =IFERROR(F11+-I11,0) -> -7 | N11: =SUM(J11:M11) -> 45 | O11: =IFERROR(H11+-I11,0) -> 11.25 | U11: =MAX(C11:F11)-MIN(C11:F11) -> 62 | V11: =IF($X$2=0,(G11*1000000+U11*1000+A11),(O11*1000000+U11*1000+A11)) -> 11312008 | W11: =_xlfn.RANK.EQ(V11,$V$4:$V$23,0) -> 6
A12: 9 | B12: 고 경 훈 | C12: 176 | D12: 215 | E12: 191 | F12: 170 | G12: =F12+E12+D12+C12 -> 752 | H12: =G12/4 -> 188 | I12: =IF(B12="","",IFERROR(INDEX('회원명단 및 기준에버'!D:G,MATCH(B12,'회원명단 및 기준에버'!$C:$C,0),CHOOSE(INT((MONTH($N$2)-1)/3)+1,1,2,3,4)),"")) -> 195 | J12: =IFERROR(C12+-I12,0) -> -19 | K12: =IFERROR(D12+-I12,0) -> 20 | L12: =IFERROR(E12+-I12,0) -> -4 | M12: =IFERROR(F12+-I12,0) -> -25 | N12: =SUM(J12:M12) -> -28 | O12: =IFERROR(H12+-I12,0) -> -7 | U12: =MAX(C12:F12)-MIN(C12:F12) -> 45 | V12: =IF($X$2=0,(G12*1000000+U12*1000+A12),(O12*1000000+U12*1000+A12)) -> -6954991 | W12: =_xlfn.RANK.EQ(V12,$V$4:$V$23,0) -> 14
A13: 10 | B13: 김 선 미 | C13: 141 | D13: 183 | E13: 179 | F13: 162 | G13: =F13+E13+D13+C13 -> 665 | H13: =G13/4 -> 166.25 | I13: =IF(B13="","",IFERROR(INDEX('회원명단 및 기준에버'!D:G,MATCH(B13,'회원명단 및 기준에버'!$C:$C,0),CHOOSE(INT((MONTH($N$2)-1)/3)+1,1,2,3,4)),"")) -> 161 | J13: =IFERROR(C13+-I13,0) -> -20 | K13: =IFERROR(D13+-I13,0) -> 22 | L13: =IFERROR(E13+-I13,0) -> 18 | M13: =IFERROR(F13+-I13,0) -> 1 | N13: =SUM(J13:M13) -> 21 | O13: =IFERROR(H13+-I13,0) -> 5.25 | U13: =MAX(C13:F13)-MIN(C13:F13) -> 42 | V13: =IF($X$2=0,(G13*1000000+U13*1000+A13),(O13*1000000+U13*1000+A13)) -> 5292010 | W13: =_xlfn.RANK.EQ(V13,$V$4:$V$23,0) -> 8
A14: 11 | B14: 변 상 필 | C14: 215 | D14: 247 | E14: 161 | F14: 170 | G14: =F14+E14+D14+C14 -> 793 | H14: =G14/4 -> 198.25 | I14: =IF(B14="","",IFERROR(INDEX('회원명단 및 기준에버'!D:G,MATCH(B14,'회원명단 및 기준에버'!$C:$C,0),CHOOSE(INT((MONTH($N$2)-1)/3)+1,1,2,3,4)),"")) -> 200 | J14: =IFERROR(C14+-I14,0) -> 15 | K14: =IFERROR(D14+-I14,0) -> 47 | L14: =IFERROR(E14+-I14,0) -> -39 | M14: =IFERROR(F14+-I14,0) -> -30 | N14: =SUM(J14:M14) -> -7 | O14: =IFERROR(H14+-I14,0) -> -1.75 | U14: =MAX(C14:F14)-MIN(C14:F14) -> 86 | V14: =IF($X$2=0,(G14*1000000+U14*1000+A14),(O14*1000000+U14*1000+A14)) -> -1663989 | W14: =_xlfn.RANK.EQ(V14,$V$4:$V$23,0) -> 11
A15: 12 | B15: 강 완 규 | C15: 257 | D15: 268 | E15: 201 | F15: 171 | G15: =F15+E15+D15+C15 -> 897 | H15: =G15/4 -> 224.25 | I15: =IF(B15="","",IFERROR(INDEX('회원명단 및 기준에버'!D:G,MATCH(B15,'회원명단 및 기준에버'!$C:$C,0),CHOOSE(INT((MONTH($N$2)-1)/3)+1,1,2,3,4)),"")) -> 194 | J15: =IFERROR(C15+-I15,0) -> 63 | K15: =IFERROR(D15+-I15,0) -> 74 | L15: =IFERROR(E15+-I15,0) -> 7 | M15: =IFERROR(F15+-I15,0) -> -23 | N15: =SUM(J15:M15) -> 121 | O15: =IFERROR(H15+-I15,0) -> 30.25 | U15: =MAX(C15:F15)-MIN(C15:F15) -> 97 | V15: =IF($X$2=0,(G15*1000000+U15*1000+A15),(O15*1000000+U15*1000+A15)) -> 30347012 | W15: =_xlfn.RANK.EQ(V15,$V$4:$V$23,0) -> 1
... A23: 20 | B23: 김 미 란 | C23: 198 | D23: 174 | E23: 200 | F23: 181 | G23: =F23+E23+D23+C23 -> 753 | H23: =G23/4 -> 188.25 | I23: =IF(B23="","",IFERROR(INDEX('회원명단 및 기준에버'!D:G,MATCH(B23,'회원명단 및 기준에버'!$C:$C,0),CHOOSE(INT((MONTH($N$2)-1)/3)+1,1,2,3,4)),"")) -> 182 | J23: =IFERROR(C23+-I23,0) -> 16 | K23: =IFERROR(D23+-I23,0) -> -8 | L23: =IFERROR(E23+-I23,0) -> 18 | M23: =IFERROR(F23+-I23,0) -> -1 | N23: =SUM(J23:M23) -> 25 | O23: =IFERROR(H23+-I23,0) -> 6.25 | U23: =MAX(C23:F23)-MIN(C23:F23) -> 26 | V23: =IF($X$2=0,(G23*1000000+U23*1000+A23),(O23*1000000+U23*1000+A23)) -> 6276020 | W23: =_xlfn.RANK.EQ(V23,$V$4:$V$23,0) -> 7
B24: 팀 전
B25: =$B4 -> 장 영 민 | C25: =IF($V$2=0,$C4,$J4) -> -54 | D25: =IF($V$2=0,$D4,$K4) -> -6 | E25: =IF($V$2=0,$E4,$L4) -> 2 | F25: =IF($V$2=0,$F4,$M4) -> -49 | G25: =E30+D30+C30+F30 -> 65 | I25: =$B9 -> 임 승 기 | J25: =IF($V$2=0,$C9,$J9) -> 69 | K25: =IF($V$2=0,$D9,$K9) -> -22 | L25: =IF($V$2=0,$E9,$L9) -> -7 | M25: =IF($V$2=0,$F9,$M9) -> 5 | N25: =L30+K30+J30+M30 -> 39
B26: =$B5 -> 진 명 옥 | C26: =IF($V$2=0,$C5,$J5) -> 14 | D26: =IF($V$2=0,$D5,$K5) -> -13 | E26: =IF($V$2=0,$E5,$L5) -> -14 | F26: =IF($V$2=0,$F5,$M5) -> -23 | I26: =$B10 -> 임 연 진 | J26: =IF($V$2=0,$C10,$J10) -> -32 | K26: =IF($V$2=0,$D10,$K10) -> -24 | L26: =IF($V$2=0,$E10,$L10) -> -18 | M26: =IF($V$2=0,$F10,$M10) -> 30
B27: =$B6 -> 정 영 우 | C27: =IF($V$2=0,$C6,$J6) -> 5 | D27: =IF($V$2=0,$D6,$K6) -> -2 | E27: =IF($V$2=0,$E6,$L6) -> 17 | F27: =IF($V$2=0,$F6,$M6) -> -13 | I27: =$B11 -> 이 정 석 | J27: =IF($V$2=0,$C11,$J11) -> 16 | K27: =IF($V$2=0,$D11,$K11) -> -13 | L27: =IF($V$2=0,$E11,$L11) -> 49 | M27: =IF($V$2=0,$F11,$M11) -> -7
B28: =$B7 -> 나 경 주 | C28: =IF($V$2=0,$C7,$J7) -> 23 | D28: =IF($V$2=0,$D7,$K7) -> 55 | E28: =IF($V$2=0,$E7,$L7) -> -21 | F28: =IF($V$2=0,$F7,$M7) -> 43 | I28: =$B12 -> 고 경 훈 | J28: =IF($V$2=0,$C12,$J12) -> -19 | K28: =IF($V$2=0,$D12,$K12) -> 20 | L28: =IF($V$2=0,$E12,$L12) -> -4 | M28: =IF($V$2=0,$F12,$M12) -> -25
B29: =$B8 -> 박 시 진 | C29: =IF($V$2=0,$C8,$J8) -> 39 | D29: =IF($V$2=0,$D8,$K8) -> 19 | E29: =IF($V$2=0,$E8,$L8) -> 32 | F29: =IF($V$2=0,$F8,$M8) -> 11 | I29: =$B13 -> 김 선 미 | J29: =IF($V$2=0,$C13,$J13) -> -20 | K29: =IF($V$2=0,$D13,$K13) -> 22 | L29: =IF($V$2=0,$E13,$L13) -> 18 | M29: =IF($V$2=0,$F13,$M13) -> 1
C30: =SUM(C25:C29) -> 27 | D30: =SUM(D25:D29) -> 53 | E30: =SUM(E25:E29) -> 16 | F30: =SUM(F25:F29) -> -31 | J30: =SUM(J25:J29) -> 14 | K30: =SUM(K25:K29) -> -17 | L30: =SUM(L25:L29) -> 38 | M30: =SUM(M25:M29) -> 4
B32: =$B14 -> 변 상 필 | C32: =IF($V$2=0,$C14,$J14) -> 15 | D32: =IF($V$2=0,$D14,$K14) -> 47 | E32: =IF($V$2=0,$E14,$L14) -> -39 | F32: =IF($V$2=0,$F14,$M14) -> -30 | G32: =E37+D37+C37+F37 -> -1 | I32: =$B19 -> 이 대 용 | J32: =IF($V$2=0,$C19,$J19) -> 12 | K32: =IF($V$2=0,$D19,$K19) -> 0 | L32: =IF($V$2=0,$E19,$L19) -> 13 | M32: =IF($V$2=0,$F19,$M19) -> -35 | N32: =L37+K37+J37+M37 -> -41
B33: =$B15 -> 강 완 규 | C33: =IF($V$2=0,$C15,$J15) -> 63 | D33: =IF($V$2=0,$D15,$K15) -> 74 | E33: =IF($V$2=0,$E15,$L15) -> 7 | F33: =IF($V$2=0,$F15,$M15) -> -23 | I33: =$B20 -> 김 정 희 | J33: =IF($V$2=0,$C20,$J20) -> 46 | K33: =IF($V$2=0,$D20,$K20) -> -6 | L33: =IF($V$2=0,$E20,$L20) -> 25 | M33: =IF($V$2=0,$F20,$M20) -> -17
B34: =$B16 -> 지 옥 명 | C34: =IF($V$2=0,$C16,$J16) -> -56 | D34: =IF($V$2=0,$D16,$K16) -> -34 | E34: =IF($V$2=0,$E16,$L16) -> -19 | F34: =IF($V$2=0,$F16,$M16) -> 44 | I34: =$B21 -> 김 종 훈 | J34: =IF($V$2=0,$C21,$J21) -> 7 | K34: =IF($V$2=0,$D21,$K21) -> -46 | L34: =IF($V$2=0,$E21,$L21) -> -2 | M34: =IF($V$2=0,$F21,$M21) -> -47
B35: =$B17 -> 김 태 환 | C35: =IF($V$2=0,$C17,$J17) -> 1 | D35: =IF($V$2=0,$D17,$K17) -> -1 | E35: =IF($V$2=0,$E17,$L17) -> -10 | F35: =IF($V$2=0,$F17,$M17) -> 21 | I35: =$B22 -> 이 우 석 | J35: =IF($V$2=0,$C22,$J22) -> 10 | K35: =IF($V$2=0,$D22,$K22) -> 14 | L35: =IF($V$2=0,$E22,$L22) -> -21 | M35: =IF($V$2=0,$F22,$M22) -> -19
B36: =$B18 -> 엄 정 도 | C36: =IF($V$2=0,$C18,$J18) -> -53 | D36: =IF($V$2=0,$D18,$K18) -> -15 | E36: =IF($V$2=0,$E18,$L18) -> -4 | F36: =IF($V$2=0,$F18,$M18) -> 11 | I36: =$B23 -> 김 미 란 | J36: =IF($V$2=0,$C23,$J23) -> 16 | K36: =IF($V$2=0,$D23,$K23) -> -8 | L36: =IF($V$2=0,$E23,$L23) -> 18 | M36: =IF($V$2=0,$F23,$M23) -> -1
C37: =SUM(C32:C36) -> -30 | D37: =SUM(D32:D36) -> 71 | E37: =SUM(E32:E36) -> -65 | F37: =SUM(F32:F36) -> 23 | J37: =SUM(J32:J36) -> 91 | K37: =SUM(K32:K36) -> -46 | L37: =SUM(L32:L36) -> 33 | M37: =SUM(M32:M36) -> -119
A41: =A1 -> 2026 아르케 존 05회 번개 모임 점수
L42: 날짜 | N42: =N2 -> 46093
B43: 이 름 | C43: 1 G | D43: 2 G | E43: 3 G | F43: 4G | G43: 합 계 | H43: 에 버 | I43: 기본에버 | J43: 1 G | K43: 2 G | L43: 3 G | M43: 4G | N43: 합 계 | O43: 오 차
A44: 1 | B44: {=INDEX($B$4:$O$23,MATCH($A44,$W$4:$W$23,0),COLUMN(A$1))} -> 강 완 규 | C44: {=INDEX($B$4:$O$23,MATCH($A44,$W$4:$W$23,0),COLUMN(B$1))} -> 257 | D44: {=INDEX($B$4:$O$23,MATCH($A44,$W$4:$W$23,0),COLUMN(C$1))} -> 268 | E44: {=INDEX($B$4:$O$23,MATCH($A44,$W$4:$W$23,0),COLUMN(D$1))} -> 201 | F44: {=INDEX($B$4:$O$23,MATCH($A44,$W$4:$W$23,0),COLUMN(E$1))} -> 171 | G44: =SUM(C44:F44) -> 897 | H44: =G44/4 -> 224.25 | I44: =IF(B44="","",IFERROR(INDEX('회원명단 및 기준에버'!D:G,MATCH(B44,'회원명단 및 기준에버'!$C:$C,0),CHOOSE(INT((MONTH($N$2)-1)/3)+1,1,2,3,4)),"")) -> 194 | J44: =IFERROR(C44+-I44,0) -> 63 | K44: =IFERROR(D44+-I44,0) -> 74 | L44: =IFERROR(E44+-I44,0) -> 7 | M44: =IFERROR(F44+-I44,0) -> -23 | N44: =SUM(J44:M44) -> 121 | O44: =IFERROR(H44+-I44,0) -> 30.25
A45: 2 | B45: {=INDEX($B$4:$O$23,MATCH($A45,$W$4:$W$23,0),COLUMN(A$1))} -> 박 시 진 | C45: {=INDEX($B$4:$O$23,MATCH($A45,$W$4:$W$23,0),COLUMN(B$1))} -> 235 | D45: {=INDEX($B$4:$O$23,MATCH($A45,$W$4:$W$23,0),COLUMN(C$1))} -> 215 | E45: {=INDEX($B$4:$O$23,MATCH($A45,$W$4:$W$23,0),COLUMN(D$1))} -> 228 | F45: {=INDEX($B$4:$O$23,MATCH($A45,$W$4:$W$23,0),COLUMN(E$1))} -> 207 | G45: =SUM(C45:F45) -> 885 | H45: =G45/4 -> 221.25 | I45: =IF(B45="","",IFERROR(INDEX('회원명단 및 기준에버'!D:G,MATCH(B45,'회원명단 및 기준에버'!$C:$C,0),CHOOSE(INT((MONTH($N$2)-1)/3)+1,1,2,3,4)),"")) -> 196 | J45: =IFERROR(C45+-I45,0) -> 39 | K45: =IFERROR(D45+-I45,0) -> 19 | L45: =IFERROR(E45+-I45,0) -> 32 | M45: =IFERROR(F45+-I45,0) -> 11 | N45: =SUM(J45:M45) -> 101 | O45: =IFERROR(H45+-I45,0) -> 25.25
A46: 3 | B46: {=INDEX($B$4:$O$23,MATCH($A46,$W$4:$W$23,0),COLUMN(A$1))} -> 나 경 주 | C46: {=INDEX($B$4:$O$23,MATCH($A46,$W$4:$W$23,0),COLUMN(B$1))} -> 215 | D46: {=INDEX($B$4:$O$23,MATCH($A46,$W$4:$W$23,0),COLUMN(C$1))} -> 247 | E46: {=INDEX($B$4:$O$23,MATCH($A46,$W$4:$W$23,0),COLUMN(D$1))} -> 171 | F46: {=INDEX($B$4:$O$23,MATCH($A46,$W$4:$W$23,0),COLUMN(E$1))} -> 235 | G46: =SUM(C46:F46) -> 868 | H46: =G46/4 -> 217 | I46: =IF(B46="","",IFERROR(INDEX('회원명단 및 기준에버'!D:G,MATCH(B46,'회원명단 및 기준에버'!$C:$C,0),CHOOSE(INT((MONTH($N$2)-1)/3)+1,1,2,3,4)),"")) -> 192 | J46: =IFERROR(C46+-I46,0) -> 23 | K46: =IFERROR(D46+-I46,0) -> 55 | L46: =IFERROR(E46+-I46,0) -> -21 | M46: =IFERROR(F46+-I46,0) -> 43 | N46: =SUM(J46:M46) -> 100 | O46: =IFERROR(H46+-I46,0) -> 25
A47: 4 | B47: {=INDEX($B$4:$O$23,MATCH($A47,$W$4:$W$23,0),COLUMN(A$1))} -> 김 정 희 | C47: {=INDEX($B$4:$O$23,MATCH($A47,$W$4:$W$23,0),COLUMN(B$1))} -> 246 | D47: {=INDEX($B$4:$O$23,MATCH($A47,$W$4:$W$23,0),COLUMN(C$1))} -> 194 | E47: {=INDEX($B$4:$O$23,MATCH($A47,$W$4:$W$23,0),COLUMN(D$1))} -> 225 | F47: {=INDEX($B$4:$O$23,MATCH($A47,$W$4:$W$23,0),COLUMN(E$1))} -> 183 | G47: =SUM(C47:F47) -> 848 | H47: =G47/4 -> 212 | I47: =IF(B47="","",IFERROR(INDEX('회원명단 및 기준에버'!D:G,MATCH(B47,'회원명단 및 기준에버'!$C:$C,0),CHOOSE(INT((MONTH($N$2)-1)/3)+1,1,2,3,4)),"")) -> 200 | J47: =IFERROR(C47+-I47,0) -> 46 | K47: =IFERROR(D47+-I47,0) -> -6 | L47: =IFERROR(E47+-I47,0) -> 25 | M47: =IFERROR(F47+-I47,0) -> -17 | N47: =SUM(J47:M47) -> 48 | O47: =IFERROR(H47+-I47,0) -> 12
A48: 5 | B48: {=INDEX($B$4:$O$23,MATCH($A48,$W$4:$W$23,0),COLUMN(A$1))} -> 임 승 기 | C48: {=INDEX($B$4:$O$23,MATCH($A48,$W$4:$W$23,0),COLUMN(B$1))} -> 269 | D48: {=INDEX($B$4:$O$23,MATCH($A48,$W$4:$W$23,0),COLUMN(C$1))} -> 178 | E48: {=INDEX($B$4:$O$23,MATCH($A48,$W$4:$W$23,0),COLUMN(D$1))} -> 193 | F48: {=INDEX($B$4:$O$23,MATCH($A48,$W$4:$W$23,0),COLUMN(E$1))} -> 205 | G48: =SUM(C48:F48) -> 845 | H48: =G48/4 -> 211.25 | I48: =IF(B48="","",IFERROR(INDEX('회원명단 및 기준에버'!D:G,MATCH(B48,'회원명단 및 기준에버'!$C:$C,0),CHOOSE(INT((MONTH($N$2)-1)/3)+1,1,2,3,4)),"")) -> 200 | J48: =IFERROR(C48+-I48,0) -> 69 | K48: =IFERROR(D48+-I48,0) -> -22 | L48: =IFERROR(E48+-I48,0) -> -7 | M48: =IFERROR(F48+-I48,0) -> 5 | N48: =SUM(J48:M48) -> 45 | O48: =IFERROR(H48+-I48,0) -> 11.25
A49: 6 | B49: {=INDEX($B$4:$O$23,MATCH($A49,$W$4:$W$23,0),COLUMN(A$1))} -> 이 정 석 | C49: {=INDEX($B$4:$O$23,MATCH($A49,$W$4:$W$23,0),COLUMN(B$1))} -> 212 | D49: {=INDEX($B$4:$O$23,MATCH($A49,$W$4:$W$23,0),COLUMN(C$1))} -> 183 | E49: {=INDEX($B$4:$O$23,MATCH($A49,$W$4:$W$23,0),COLUMN(D$1))} -> 245 | F49: {=INDEX($B$4:$O$23,MATCH($A49,$W$4:$W$23,0),COLUMN(E$1))} -> 189 | G49: =SUM(C49:F49) -> 829 | H49: =G49/4 -> 207.25 | I49: =IF(B49="","",IFERROR(INDEX('회원명단 및 기준에버'!D:G,MATCH(B49,'회원명단 및 기준에버'!$C:$C,0),CHOOSE(INT((MONTH($N$2)-1)/3)+1,1,2,3,4)),"")) -> 196 | J49: =IFERROR(C49+-I49,0) -> 16 | K49: =IFERROR(D49+-I49,0) -> -13 | L49: =IFERROR(E49+-I49,0) -> 49 | M49: =IFERROR(F49+-I49,0) -> -7 | N49: =SUM(J49:M49) -> 45 | O49: =IFERROR(H49+-I49,0) -> 11.25
A50: 7 | B50: {=INDEX($B$4:$O$23,MATCH($A50,$W$4:$W$23,0),COLUMN(A$1))} -> 김 미 란 | C50: {=INDEX($B$4:$O$23,MATCH($A50,$W$4:$W$23,0),COLUMN(B$1))} -> 198 | D50: {=INDEX($B$4:$O$23,MATCH($A50,$W$4:$W$23,0),COLUMN(C$1))} -> 174 | E50: {=INDEX($B$4:$O$23,MATCH($A50,$W$4:$W$23,0),COLUMN(D$1))} -> 200 | F50: {=INDEX($B$4:$O$23,MATCH($A50,$W$4:$W$23,0),COLUMN(E$1))} -> 181 | G50: =SUM(C50:F50) -> 753 | H50: =G50/4 -> 188.25 | I50: =IF(B50="","",IFERROR(INDEX('회원명단 및 기준에버'!D:G,MATCH(B50,'회원명단 및 기준에버'!$C:$C,0),CHOOSE(INT((MONTH($N$2)-1)/3)+1,1,2,3,4)),"")) -> 182 | J50: =IFERROR(C50+-I50,0) -> 16 | K50: =IFERROR(D50+-I50,0) -> -8 | L50: =IFERROR(E50+-I50,0) -> 18 | M50: =IFERROR(F50+-I50,0) -> -1 | N50: =SUM(J50:M50) -> 25 | O50: =IFERROR(H50+-I50,0) -> 6.25
A51: 8 | B51: {=INDEX($B$4:$O$23,MATCH($A51,$W$4:$W$23,0),COLUMN(A$1))} -> 김 선 미 | C51: {=INDEX($B$4:$O$23,MATCH($A51,$W$4:$W$23,0),COLUMN(B$1))} -> 141 | D51: {=INDEX($B$4:$O$23,MATCH($A51,$W$4:$W$23,0),COLUMN(C$1))} -> 183 | E51: {=INDEX($B$4:$O$23,MATCH($A51,$W$4:$W$23,0),COLUMN(D$1))} -> 179 | F51: {=INDEX($B$4:$O$23,MATCH($A51,$W$4:$W$23,0),COLUMN(E$1))} -> 162 | G51: =SUM(C51:F51) -> 665 | H51: =G51/4 -> 166.25 | I51: =IF(B51="","",IFERROR(INDEX('회원명단 및 기준에버'!D:G,MATCH(B51,'회원명단 및 기준에버'!$C:$C,0),CHOOSE(INT((MONTH($N$2)-1)/3)+1,1,2,3,4)),"")) -> 161 | J51: =IFERROR(C51+-I51,0) -> -20 | K51: =IFERROR(D51+-I51,0) -> 22 | L51: =IFERROR(E51+-I51,0) -> 18 | M51: =IFERROR(F51+-I51,0) -> 1 | N51: =SUM(J51:M51) -> 21 | O51: =IFERROR(H51+-I51,0) -> 5.25
A52: 9 | B52: {=INDEX($B$4:$O$23,MATCH($A52,$W$4:$W$23,0),COLUMN(A$1))} -> 김 태 환 | C52: {=INDEX($B$4:$O$23,MATCH($A52,$W$4:$W$23,0),COLUMN(B$1))} -> 199 | D52: {=INDEX($B$4:$O$23,MATCH($A52,$W$4:$W$23,0),COLUMN(C$1))} -> 197 | E52: {=INDEX($B$4:$O$23,MATCH($A52,$W$4:$W$23,0),COLUMN(D$1))} -> 188 | F52: {=INDEX($B$4:$O$23,MATCH($A52,$W$4:$W$23,0),COLUMN(E$1))} -> 219 | G52: =SUM(C52:F52) -> 803 | H52: =G52/4 -> 200.75 | I52: =IF(B52="","",IFERROR(INDEX('회원명단 및 기준에버'!D:G,MATCH(B52,'회원명단 및 기준에버'!$C:$C,0),CHOOSE(INT((MONTH($N$2)-1)/3)+1,1,2,3,4)),"")) -> 198 | J52: =IFERROR(C52+-I52,0) -> 1 | K52: =IFERROR(D52+-I52,0) -> -1 | L52: =IFERROR(E52+-I52,0) -> -10 | M52: =IFERROR(F52+-I52,0) -> 21 | N52: =SUM(J52:M52) -> 11 | O52: =IFERROR(H52+-I52,0) -> 2.75
A53: 10 | B53: {=INDEX($B$4:$O$23,MATCH($A53,$W$4:$W$23,0),COLUMN(A$1))} -> 정 영 우 | C53: {=INDEX($B$4:$O$23,MATCH($A53,$W$4:$W$23,0),COLUMN(B$1))} -> 189 | D53: {=INDEX($B$4:$O$23,MATCH($A53,$W$4:$W$23,0),COLUMN(C$1))} -> 182 | E53: {=INDEX($B$4:$O$23,MATCH($A53,$W$4:$W$23,0),COLUMN(D$1))} -> 201 | F53: {=INDEX($B$4:$O$23,MATCH($A53,$W$4:$W$23,0),COLUMN(E$1))} -> 171 | G53: =SUM(C53:F53) -> 743 | H53: =G53/4 -> 185.75 | I53: =IF(B53="","",IFERROR(INDEX('회원명단 및 기준에버'!D:G,MATCH(B53,'회원명단 및 기준에버'!$C:$C,0),CHOOSE(INT((MONTH($N$2)-1)/3)+1,1,2,3,4)),"")) -> 184 | J53: =IFERROR(C53+-I53,0) -> 5 | K53: =IFERROR(D53+-I53,0) -> -2 | L53: =IFERROR(E53+-I53,0) -> 17 | M53: =IFERROR(F53+-I53,0) -> -13 | N53: =SUM(J53:M53) -> 7 | O53: =IFERROR(H53+-I53,0) -> 1.75
A54: 11 | B54: {=INDEX($B$4:$O$23,MATCH($A54,$W$4:$W$23,0),COLUMN(A$1))} -> 변 상 필 | C54: {=INDEX($B$4:$O$23,MATCH($A54,$W$4:$W$23,0),COLUMN(B$1))} -> 215 | D54: {=INDEX($B$4:$O$23,MATCH($A54,$W$4:$W$23,0),COLUMN(C$1))} -> 247 | E54: {=INDEX($B$4:$O$23,MATCH($A54,$W$4:$W$23,0),COLUMN(D$1))} -> 161 | F54: {=INDEX($B$4:$O$23,MATCH($A54,$W$4:$W$23,0),COLUMN(E$1))} -> 170 | G54: =SUM(C54:F54) -> 793 | H54: =G54/4 -> 198.25 | I54: =IF(B54="","",IFERROR(INDEX('회원명단 및 기준에버'!D:G,MATCH(B54,'회원명단 및 기준에버'!$C:$C,0),CHOOSE(INT((MONTH($N$2)-1)/3)+1,1,2,3,4)),"")) -> 200 | J54: =IFERROR(C54+-I54,0) -> 15 | K54: =IFERROR(D54+-I54,0) -> 47 | L54: =IFERROR(E54+-I54,0) -> -39 | M54: =IFERROR(F54+-I54,0) -> -30 | N54: =SUM(J54:M54) -> -7 | O54: =IFERROR(H54+-I54,0) -> -1.75
A55: 12 | B55: {=INDEX($B$4:$O$23,MATCH($A55,$W$4:$W$23,0),COLUMN(A$1))} -> 이 대 용 | C55: {=INDEX($B$4:$O$23,MATCH($A55,$W$4:$W$23,0),COLUMN(B$1))} -> 212 | D55: {=INDEX($B$4:$O$23,MATCH($A55,$W$4:$W$23,0),COLUMN(C$1))} -> 200 | E55: {=INDEX($B$4:$O$23,MATCH($A55,$W$4:$W$23,0),COLUMN(D$1))} -> 213 | F55: {=INDEX($B$4:$O$23,MATCH($A55,$W$4:$W$23,0),COLUMN(E$1))} -> 165 | G55: =SUM(C55:F55) -> 790 | H55: =G55/4 -> 197.5 | I55: =IF(B55="","",IFERROR(INDEX('회원명단 및 기준에버'!D:G,MATCH(B55,'회원명단 및 기준에버'!$C:$C,0),CHOOSE(INT((MONTH($N$2)-1)/3)+1,1,2,3,4)),"")) -> 200 | J55: =IFERROR(C55+-I55,0) -> 12 | K55: =IFERROR(D55+-I55,0) -> 0 | L55: =IFERROR(E55+-I55,0) -> 13 | M55: =IFERROR(F55+-I55,0) -> -35 | N55: =SUM(J55:M55) -> -10 | O55: =IFERROR(H55+-I55,0) -> -2.5
... A63: 20 | B63: {=INDEX($B$4:$O$23,MATCH($A63,$W$4:$W$23,0),COLUMN(A$1))} -> 장 영 민 | C63: {=INDEX($B$4:$O$23,MATCH($A63,$W$4:$W$23,0),COLUMN(B$1))} -> 146 | D63: {=INDEX($B$4:$O$23,MATCH($A63,$W$4:$W$23,0),COLUMN(C$1))} -> 194 | E63: {=INDEX($B$4:$O$23,MATCH($A63,$W$4:$W$23,0),COLUMN(D$1))} -> 202 | F63: {=INDEX($B$4:$O$23,MATCH($A63,$W$4:$W$23,0),COLUMN(E$1))} -> 151 | G63: =SUM(C63:F63) -> 693 | H63: =G63/4 -> 173.25 | I63: =IF(B63="","",IFERROR(INDEX('회원명단 및 기준에버'!D:G,MATCH(B63,'회원명단 및 기준에버'!$C:$C,0),CHOOSE(INT((MONTH($N$2)-1)/3)+1,1,2,3,4)),"")) -> 200 | J63: =IFERROR(C63+-I63,0) -> -54 | K63: =IFERROR(D63+-I63,0) -> -6 | L63: =IFERROR(E63+-I63,0) -> 2 | M63: =IFERROR(F63+-I63,0) -> -49 | N63: =SUM(J63:M63) -> -107 | O63: =IFERROR(H63+-I63,0) -> -26.75
B64: 팀 전
B65: =IF(B25="","",B25) -> 장 영 민 | C65: =IF(C25="","",C25) -> -54 | D65: =IF(D25="","",D25) -> -6 | E65: =IF(E25="","",E25) -> 2 | F65: =IF(F25="","",F25) -> -49 | G65: =IF(G25="","",G25) -> 65 | I65: =IF(I25="","",I25) -> 임 승 기 | J65: =IF(J25="","",J25) -> 69 | K65: =IF(K25="","",K25) -> -22 | L65: =IF(L25="","",L25) -> -7 | M65: =IF(M25="","",M25) -> 5 | N65: =IF(N25="","",N25) -> 39
B66: =IF(B26="","",B26) -> 진 명 옥 | C66: =IF(C26="","",C26) -> 14 | D66: =IF(D26="","",D26) -> -13 | E66: =IF(E26="","",E26) -> -14 | F66: =IF(F26="","",F26) -> -23 | G66: =IF(G26="","",G26) | I66: =IF(I26="","",I26) -> 임 연 진 | J66: =IF(J26="","",J26) -> -32 | K66: =IF(K26="","",K26) -> -24 | L66: =IF(L26="","",L26) -> -18 | M66: =IF(M26="","",M26) -> 30 | N66: =IF(N26="","",N26)
B67: =IF(B27="","",B27) -> 정 영 우 | C67: =IF(C27="","",C27) -> 5 | D67: =IF(D27="","",D27) -> -2 | E67: =IF(E27="","",E27) -> 17 | F67: =IF(F27="","",F27) -> -13 | G67: =IF(G27="","",G27) | I67: =IF(I27="","",I27) -> 이 정 석 | J67: =IF(J27="","",J27) -> 16 | K67: =IF(K27="","",K27) -> -13 | L67: =IF(L27="","",L27) -> 49 | M67: =IF(M27="","",M27) -> -7 | N67: =IF(N27="","",N27)
B68: =IF(B28="","",B28) -> 나 경 주 | C68: =IF(C28="","",C28) -> 23 | D68: =IF(D28="","",D28) -> 55 | E68: =IF(E28="","",E28) -> -21 | F68: =IF(F28="","",F28) -> 43 | G68: =IF(G28="","",G28) | I68: =IF(I28="","",I28) -> 고 경 훈 | J68: =IF(J28="","",J28) -> -19 | K68: =IF(K28="","",K28) -> 20 | L68: =IF(L28="","",L28) -> -4 | M68: =IF(M28="","",M28) -> -25 | N68: =IF(N28="","",N28)
B69: =IF(B29="","",B29) -> 박 시 진 | C69: =IF(C29="","",C29) -> 39 | D69: =IF(D29="","",D29) -> 19 | E69: =IF(E29="","",E29) -> 32 | F69: =IF(F29="","",F29) -> 11 | G69: =IF(G29="","",G29) | I69: =IF(I29="","",I29) -> 김 선 미 | J69: =IF(J29="","",J29) -> -20 | K69: =IF(K29="","",K29) -> 22 | L69: =IF(L29="","",L29) -> 18 | M69: =IF(M29="","",M29) -> 1 | N69: =IF(N29="","",N29)
B70: =IF(B30="","",B30) | C70: =IF(C30="","",C30) -> 27 | D70: =IF(D30="","",D30) -> 53 | E70: =IF(E30="","",E30) -> 16 | F70: =IF(F30="","",F30) -> -31 | G70: =IF(G30="","",G30) | I70: =IF(I30="","",I30) | J70: =IF(J30="","",J30) -> 14 | K70: =IF(K30="","",K30) -> -17 | L70: =IF(L30="","",L30) -> 38 | M70: =IF(M30="","",M30) -> 4 | N70: =IF(N30="","",N30)
B72: =IF(B32="","",B32) -> 변 상 필 | C72: =IF(C32="","",C32) -> 15 | D72: =IF(D32="","",D32) -> 47 | E72: =IF(E32="","",E32) -> -39 | F72: =IF(F32="","",F32) -> -30 | G72: =IF(G32="","",G32) -> -1 | H72: =IF(H32="","",H32) | I72: =IF(I32="","",I32) -> 이 대 용 | ... O72: =IF(O32="","",O32)
B73: =IF(B33="","",B33) -> 강 완 규 | C73: =IF(C33="","",C33) -> 63 | D73: =IF(D33="","",D33) -> 74 | E73: =IF(E33="","",E33) -> 7 | F73: =IF(F33="","",F33) -> -23 | G73: =IF(G33="","",G33) | H73: =IF(H33="","",H33) | I73: =IF(I33="","",I33) -> 김 정 희 | ... O73: =IF(O33="","",O33)
B74: =IF(B34="","",B34) -> 지 옥 명 | C74: =IF(C34="","",C34) -> -56 | D74: =IF(D34="","",D34) -> -34 | E74: =IF(E34="","",E34) -> -19 | F74: =IF(F34="","",F34) -> 44 | G74: =IF(G34="","",G34) | H74: =IF(H34="","",H34) | I74: =IF(I34="","",I34) -> 김 종 훈 | ... O74: =IF(O34="","",O34)
B75: =IF(B35="","",B35) -> 김 태 환 | C75: =IF(C35="","",C35) -> 1 | D75: =IF(D35="","",D35) -> -1 | E75: =IF(E35="","",E35) -> -10 | F75: =IF(F35="","",F35) -> 21 | G75: =IF(G35="","",G35) | H75: =IF(H35="","",H35) | I75: =IF(I35="","",I35) -> 이 우 석 | ... O75: =IF(O35="","",O35)
B76: =IF(B36="","",B36) -> 엄 정 도 | C76: =IF(C36="","",C36) -> -53 | D76: =IF(D36="","",D36) -> -15 | E76: =IF(E36="","",E36) -> -4 | F76: =IF(F36="","",F36) -> 11 | G76: =IF(G36="","",G36) | H76: =IF(H36="","",H36) | I76: =IF(I36="","",I36) -> 김 미 란 | ... O76: =IF(O36="","",O36)
B77: =IF(B37="","",B37) | C77: =IF(C37="","",C37) -> -30 | D77: =IF(D37="","",D37) -> 71 | E77: =IF(E37="","",E37) -> -65 | F77: =IF(F37="","",F37) -> 23 | G77: =IF(G37="","",G37) | H77: =IF(H37="","",H37) | I77: =IF(I37="","",I37) | ... O77: =IF(O37="","",O37)

Sheet 04회번개
A1: 2026 아르케 존 04회 번개 모임 점수
L2: 날짜 | N2: 46079 | R2: 팀전에버기준 | S2: 0 | T2: 순위에버오차기준 | U2: 1
B3: 이 름 | C3: 1 G | D3: 2 G | E3: 3 G | F3: 4G | G3: 합 계 | H3: 에 버 | I3: 기본에버 | J3: 1 G | K3: 2 G | L3: 3 G | M3: 4G | N3: 합 계 | O3: 오 차 | R3: 수식입력부분 삭제하지마세요~
A4: 1 | B4: 장 영 민 | C4: 199 | D4: 248 | E4: 203 | F4: 181 | G4: =F4+E4+D4+C4 -> 831 | H4: =G4/4 -> 207.75 | I4: =IF(B4="","",IFERROR(INDEX('회원명단 및 기준에버'!D:G,MATCH(B4,'회원명단 및 기준에버'!$C:$C,0),CHOOSE(INT((MONTH($N$2)-1)/3)+1,1,2,3,4)),"")) -> 200 | J4: =IFERROR(C4+-I4,0) -> -1 | K4: =IFERROR(D4+-I4,0) -> 48 | L4: =IFERROR(E4+-I4,0) -> 3 | M4: =IFERROR(F4+-I4,0) -> -19 | N4: =SUM(J4:M4) -> 31 | O4: =IFERROR(H4+-I4,0) -> 7.75 | R4: =MAX(C4:F4)-MIN(C4:F4) -> 67 | S4: =IF($U$2=0,(G4*1000000+R4*1000+A4),(O4*1000000+R4*1000+A4)) -> 7817001 | T4: =_xlfn.RANK.EQ(S4,$S$4:$S$23,0) -> 6
A5: 2 | B5: 지 옥 명 | C5: 201 | D5: 182 | E5: 185 | F5: 156 | G5: =F5+E5+D5+C5 -> 724 | H5: =G5/4 -> 181 | I5: =IF(B5="","",IFERROR(INDEX('회원명단 및 기준에버'!D:G,MATCH(B5,'회원명단 및 기준에버'!$C:$C,0),CHOOSE(INT((MONTH($N$2)-1)/3)+1,1,2,3,4)),"")) -> 183 | J5: =IFERROR(C5+-I5,0) -> 18 | K5: =IFERROR(D5+-I5,0) -> -1 | L5: =IFERROR(E5+-I5,0) -> 2 | M5: =IFERROR(F5+-I5,0) -> -27 | N5: =SUM(J5:M5) -> -8 | O5: =IFERROR(H5+-I5,0) -> -2 | R5: =MAX(C5:F5)-MIN(C5:F5) -> 45 | S5: =IF($U$2=0,(G5*1000000+R5*1000+A5),(O5*1000000+R5*1000+A5)) -> -1954998 | T5: =_xlfn.RANK.EQ(S5,$S$4:$S$23,0) -> 17
A6: 3 | B6: 김 태 환 | C6: 182 | D6: 212 | E6: 233 | F6: 190 | G6: =F6+E6+D6+C6 -> 817 | H6: =G6/4 -> 204.25 | I6: =IF(B6="","",IFERROR(INDEX('회원명단 및 기준에버'!D:G,MATCH(B6,'회원명단 및 기준에버'!$C:$C,0),CHOOSE(INT((MONTH($N$2)-1)/3)+1,1,2,3,4)),"")) -> 198 | J6: 0 | K6: 0 | L6: 0 | M6: 0 | N6: =SUM(J6:M6) -> 0 | O6: 0 | R6: =MAX(C6:F6)-MIN(C6:F6) -> 51 | S6: =IF($U$2=0,(G6*1000000+R6*1000+A6),(O6*1000000+R6*1000+A6)) -> 51003 | T6: =_xlfn.RANK.EQ(S6,$S$4:$S$23,0) -> 14
A7: 4 | B7: 강 완 규 | C7: 182 | D7: 182 | E7: 194 | F7: 192 | G7: =F7+E7+D7+C7 -> 750 | H7: =G7/4 -> 187.5 | I7: =IF(B7="","",IFERROR(INDEX('회원명단 및 기준에버'!D:G,MATCH(B7,'회원명단 및 기준에버'!$C:$C,0),CHOOSE(INT((MONTH($N$2)-1)/3)+1,1,2,3,4)),"")) -> 194 | J7: =IFERROR(C7+-I7,0) -> -12 | K7: =IFERROR(D7+-I7,0) -> -12 | L7: =IFERROR(E7+-I7,0) -> 0 | M7: =IFERROR(F7+-I7,0) -> -2 | N7: =SUM(J7:M7) -> -26 | O7: =IFERROR(H7+-I7,0) -> -6.5 | R7: =MAX(C7:F7)-MIN(C7:F7) -> 12 | S7: =IF($U$2=0,(G7*1000000+R7*1000+A7),(O7*1000000+R7*1000+A7)) -> -6487996 | T7: =_xlfn.RANK.EQ(S7,$S$4:$S$23,0) -> 19
A8: 5 | B8: 박 성 현 | C8: 156 | D8: 222 | E8: 188 | F8: 192 | G8: =F8+E8+D8+C8 -> 758 | H8: =G8/4 -> 189.5 | I8: =IF(B8="","",IFERROR(INDEX('회원명단 및 기준에버'!D:G,MATCH(B8,'회원명단 및 기준에버'!$C:$C,0),CHOOSE(INT((MONTH($N$2)-1)/3)+1,1,2,3,4)),"")) -> 190 | J8: =IFERROR(C8+-I8,0) -> -34 | K8: =IFERROR(D8+-I8,0) -> 32 | L8: =IFERROR(E8+-I8,0) -> -2 | M8: =IFERROR(F8+-I8,0) -> 2 | N8: =SUM(J8:M8) -> -2 | O8: =IFERROR(H8+-I8,0) -> -0.5 | R8: =MAX(C8:F8)-MIN(C8:F8) -> 66 | S8: =IF($U$2=0,(G8*1000000+R8*1000+A8),(O8*1000000+R8*1000+A8)) -> -433995 | T8: =_xlfn.RANK.EQ(S8,$S$4:$S$23,0) -> 16
A9: 6 | B9: 변 상 필 | C9: 169 | D9: 243 | E9: 165 | F9: 188 | G9: =F9+E9+D9+C9 -> 765 | H9: =G9/4 -> 191.25 | I9: =IF(B9="","",IFERROR(INDEX('회원명단 및 기준에버'!D:G,MATCH(B9,'회원명단 및 기준에버'!$C:$C,0),CHOOSE(INT((MONTH($N$2)-1)/3)+1,1,2,3,4)),"")) -> 200 | J9: =IFERROR(C9+-I9,0) -> -31 | K9: =IFERROR(D9+-I9,0) -> 43 | L9: =IFERROR(E9+-I9,0) -> -35 | M9: =IFERROR(F9+-I9,0) -> -12 | N9: =SUM(J9:M9) -> -35 | O9: =IFERROR(H9+-I9,0) -> -8.75 | R9: =MAX(C9:F9)-MIN(C9:F9) -> 78 | S9: =IF($U$2=0,(G9*1000000+R9*1000+A9),(O9*1000000+R9*1000+A9)) -> -8671994 | T9: =_xlfn.RANK.EQ(S9,$S$4:$S$23,0) -> 20
A10: 7 | B10: 임 승 기 | C10: 227 | D10: 182 | E10: 213 | F10: 233 | G10: =F10+E10+D10+C10 -> 855 | H10: =G10/4 -> 213.75 | I10: =IF(B10="","",IFERROR(INDEX('회원명단 및 기준에버'!D:G,MATCH(B10,'회원명단 및 기준에버'!$C:$C,0),CHOOSE(INT((MONTH($N$2)-1)/3)+1,1,2,3,4)),"")) -> 200 | J10: 0 | K10: 0 | L10: 0 | M10: 0 | N10: 0 | O10: 0 | R10: =MAX(C10:F10)-MIN(C10:F10) -> 51 | S10: =IF($U$2=0,(G10*1000000+R10*1000+A10),(O10*1000000+R10*1000+A10)) -> 51007 | T10: =_xlfn.RANK.EQ(S10,$S$4:$S$23,0) -> 13
A11: 8 | B11: 정 영 우 | C11: 203 | D11: 253 | E11: 167 | F11: 140 | G11: =F11+E11+D11+C11 -> 763 | H11: =G11/4 -> 190.75 | I11: =IF(B11="","",IFERROR(INDEX('회원명단 및 기준에버'!D:G,MATCH(B11,'회원명단 및 기준에버'!$C:$C,0),CHOOSE(INT((MONTH($N$2)-1)/3)+1,1,2,3,4)),"")) -> 184 | J11: =IFERROR(C11+-I11,0) -> 19 | K11: =IFERROR(D11+-I11,0) -> 69 | L11: =IFERROR(E11+-I11,0) -> -17 | M11: =IFERROR(F11+-I11,0) -> -44 | N11: =SUM(J11:M11) -> 27 | O11: =IFERROR(H11+-I11,0) -> 6.75 | R11: =MAX(C11:F11)-MIN(C11:F11) -> 113 | S11: =IF($U$2=0,(G11*1000000+R11*1000+A11),(O11*1000000+R11*1000+A11)) -> 6863008 | T11: =_xlfn.RANK.EQ(S11,$S$4:$S$23,0) -> 8
A12: 9 | B12: 천 성 일 | C12: 181 | D12: 207 | E12: 190 | F12: 215 | G12: =F12+E12+D12+C12 -> 793 | H12: =G12/4 -> 198.25 | I12: =IF(B12="","",IFERROR(INDEX('회원명단 및 기준에버'!D:G,MATCH(B12,'회원명단 및 기준에버'!$C:$C,0),CHOOSE(INT((MONTH($N$2)-1)/3)+1,1,2,3,4)),"")) -> 191 | J12: =IFERROR(C12+-I12,0) -> -10 | K12: =IFERROR(D12+-I12,0) -> 16 | L12: =IFERROR(E12+-I12,0) -> -1 | M12: =IFERROR(F12+-I12,0) -> 24 | N12: =SUM(J12:M12) -> 29 | O12: =IFERROR(H12+-I12,0) -> 7.25 | R12: =MAX(C12:F12)-MIN(C12:F12) -> 34 | S12: =IF($U$2=0,(G12*1000000+R12*1000+A12),(O12*1000000+R12*1000+A12)) -> 7284009 | T12: =_xlfn.RANK.EQ(S12,$S$4:$S$23,0) -> 7
A13: 10 | B13: 손 은 주 | C13: 154 | D13: 157 | E13: 143 | F13: 150 | G13: =F13+E13+D13+C13 -> 604 | H13: =G13/4 -> 151 | I13: =IF(B13="","",IFERROR(INDEX('회원명단 및 기준에버'!D:G,MATCH(B13,'회원명단 및 기준에버'!$C:$C,0),CHOOSE(INT((MONTH($N$2)-1)/3)+1,1,2,3,4)),"")) -> 151 | J13: =IFERROR(C13+-I13,0) -> 3 | K13: =IFERROR(D13+-I13,0) -> 6 | L13: =IFERROR(E13+-I13,0) -> -8 | M13: =IFERROR(F13+-I13,0) -> -1 | N13: =SUM(J13:M13) -> 0 | O13: =IFERROR(H13+-I13,0) -> 0 | R13: =MAX(C13:F13)-MIN(C13:F13) -> 14 | S13: =IF($U$2=0,(G13*1000000+R13*1000+A13),(O13*1000000+R13*1000+A13)) -> 14010 | T13: =_xlfn.RANK.EQ(S13,$S$4:$S$23,0) -> 15
A14: 11 | B14: 최 현 수 | C14: 266 | D14: 169 | E14: 224 | F14: 178 | G14: =F14+E14+D14+C14 -> 837 | H14: =G14/4 -> 209.25 | I14: =IF(B14="","",IFERROR(INDEX('회원명단 및 기준에버'!D:G,MATCH(B14,'회원명단 및 기준에버'!$C:$C,0),CHOOSE(INT((MONTH($N$2)-1)/3)+1,1,2,3,4)),"")) -> 200 | J14: =IFERROR(C14+-I14,0) -> 66 | K14: =IFERROR(D14+-I14,0) -> -31 | L14: =IFERROR(E14+-I14,0) -> 24 | M14: =IFERROR(F14+-I14,0) -> -22 | N14: =SUM(J14:M14) -> 37 | O14: =IFERROR(H14+-I14,0) -> 9.25 | R14: =MAX(C14:F14)-MIN(C14:F14) -> 97 | S14: =IF($U$2=0,(G14*1000000+R14*1000+A14),(O14*1000000+R14*1000+A14)) -> 9347011 | T14: =_xlfn.RANK.EQ(S14,$S$4:$S$23,0) -> 5
A15: 12 | B15: 김 미 란 | C15: 202 | D15: 186 | E15: 151 | F15: 177 | G15: =F15+E15+D15+C15 -> 716 | H15: =G15/4 -> 179 | I15: =IF(B15="","",IFERROR(INDEX('회원명단 및 기준에버'!D:G,MATCH(B15,'회원명단 및 기준에버'!$C:$C,0),CHOOSE(INT((MONTH($N$2)-1)/3)+1,1,2,3,4)),"")) -> 182 | J15: =IFERROR(C15+-I15,0) -> 20 | K15: =IFERROR(D15+-I15,0) -> 4 | L15: =IFERROR(E15+-I15,0) -> -31 | M15: =IFERROR(F15+-I15,0) -> -5 | N15: =SUM(J15:M15) -> -12 | O15: =IFERROR(H15+-I15,0) -> -3 | R15: =MAX(C15:F15)-MIN(C15:F15) -> 51 | S15: =IF($U$2=0,(G15*1000000+R15*1000+A15),(O15*1000000+R15*1000+A15)) -> -2948988 | T15: =_xlfn.RANK.EQ(S15,$S$4:$S$23,0) -> 18
A16: 13 | B16: 임 연 진 | C16: 233 | D16: 191 | E16: 232 | F16: 187 | G16: =F16+E16+D16+C16 -> 843 | H16: =G16/4 -> 210.75 | I16: =IF(B16="","",IFERROR(INDEX('회원명단 및 기준에버'!D:G,MATCH(B16,'회원명단 및 기준에버'!$C:$C,0),CHOOSE(INT((MONTH($N$2)-1)/3)+1,1,2,3,4)),"")) -> 194 | J16: =IFERROR(C16+-I16,0) -> 39 | K16: =IFERROR(D16+-I16,0) -> -3 | L16: =IFERROR(E16+-I16,0) -> 38 | M16: =IFERROR(F16+-I16,0) -> -7 | N16: =SUM(J16:M16) -> 67 | O16: =IFERROR(H16+-I16,0) -> 16.75 | R16: =MAX(C16:F16)-MIN(C16:F16) -> 46 | S16: =IF($U$2=0,(G16*1000000+R16*1000+A16),(O16*1000000+R16*1000+A16)) -> 16796013 | T16: =_xlfn.RANK.EQ(S16,$S$4:$S$23,0) -> 2
A17: 14 | B17: 고 경 훈 | C17: 173 | D17: 248 | E17: 161 | F17: 277 | G17: =F17+E17+D17+C17 -> 859 | H17: =G17/4 -> 214.75 | I17: =IF(B17="","",IFERROR(INDEX('회원명단 및 기준에버'!D:G,MATCH(B17,'회원명단 및 기준에버'!$C:$C,0),CHOOSE(INT((MONTH($N$2)-1)/3)+1,1,2,3,4)),"")) -> 195 | J17: =IFERROR(C17+-I17,0) -> -22 | K17: =IFERROR(D17+-I17,0) -> 53 | L17: =IFERROR(E17+-I17,0) -> -34 | M17: =IFERROR(F17+-I17,0) -> 82 | N17: =SUM(J17:M17) -> 79 | O17: =IFERROR(H17+-I17,0) -> 19.75 | R17: =MAX(C17:F17)-MIN(C17:F17) -> 116 | S17: =IF($U$2=0,(G17*1000000+R17*1000+A17),(O17*1000000+R17*1000+A17)) -> 19866014 | T17: =_xlfn.RANK.EQ(S17,$S$4:$S$23,0) -> 1
A18: 15 | B18: 이 승 미 | C18: 151 | D18: 137 | E18: 210 | F18: 169 | G18: =F18+E18+D18+C18 -> 667 | H18: =G18/4 -> 166.75 | I18: =IF(B18="","",IFERROR(INDEX('회원명단 및 기준에버'!D:G,MATCH(B18,'회원명단 및 기준에버'!$C:$C,0),CHOOSE(INT((MONTH($N$2)-1)/3)+1,1,2,3,4)),"")) -> 165 | J18: =IFERROR(C18+-I18,0) -> -14 | K18: =IFERROR(D18+-I18,0) -> -28 | L18: =IFERROR(E18+-I18,0) -> 45 | M18: =IFERROR(F18+-I18,0) -> 4 | N18: =SUM(J18:M18) -> 7 | O18: =IFERROR(H18+-I18,0) -> 1.75 | R18: =MAX(C18:F18)-MIN(C18:F18) -> 73 | S18: =IF($U$2=0,(G18*1000000+R18*1000+A18),(O18*1000000+R18*1000+A18)) -> 1823015 | T18: =_xlfn.RANK.EQ(S18,$S$4:$S$23,0) -> 11
A19: 16 | B19: 이 대 용 | C19: 191 | D19: 245 | E19: 190 | F19: 192 | G19: =F19+E19+D19+C19 -> 818 | H19: =G19/4 -> 204.5 | I19: =IF(B19="","",IFERROR(INDEX('회원명단 및 기준에버'!D:G,MATCH(B19,'회원명단 및 기준에버'!$C:$C,0),CHOOSE(INT((MONTH($N$2)-1)/3)+1,1,2,3,4)),"")) -> 200 | J19: =IFERROR(C19+-I19,0) -> -9 | K19: =IFERROR(D19+-I19,0) -> 45 | L19: =IFERROR(E19+-I19,0) -> -10 | M19: =IFERROR(F19+-I19,0) -> -8 | N19: =SUM(J19:M19) -> 18 | O19: =IFERROR(H19+-I19,0) -> 4.5 | R19: =MAX(C19:F19)-MIN(C19:F19) -> 55 | S19: =IF($U$2=0,(G19*1000000+R19*1000+A19),(O19*1000000+R19*1000+A19)) -> 4555016 | T19: =_xlfn.RANK.EQ(S19,$S$4:$S$23,0) -> 10
A20: 17 | B20: 나 경 주 | C20: 190 | D20: 217 | E20: 201 | F20: 201 | G20: =F20+E20+D20+C20 -> 809 | H20: =G20/4 -> 202.25 | I20: =IF(B20="","",IFERROR(INDEX('회원명단 및 기준에버'!D:G,MATCH(B20,'회원명단 및 기준에버'!$C:$C,0),CHOOSE(INT((MONTH($N$2)-1)/3)+1,1,2,3,4)),"")) -> 192 | J20: =IFERROR(C20+-I20,0) -> -2 | K20: =IFERROR(D20+-I20,0) -> 25 | L20: =IFERROR(E20+-I20,0) -> 9 | M20: =IFERROR(F20+-I20,0) -> 9 | N20: =SUM(J20:M20) -> 41 | O20: =IFERROR(H20+-I20,0) -> 10.25 | R20: =MAX(C20:F20)-MIN(C20:F20) -> 27 | S20: =IF($U$2=0,(G20*1000000+R20*1000+A20),(O20*1000000+R20*1000+A20)) -> 10277017 | T20: =_xlfn.RANK.EQ(S20,$S$4:$S$23,0) -> 3
A21: 18 | B21: 황 인 교 | C21: 216 | D21: 159 | E21: 187 | F21: 199 | G21: =F21+E21+D21+C21 -> 761 | H21: =G21/4 -> 190.25 | I21: =IF(B21="","",IFERROR(INDEX('회원명단 및 기준에버'!D:G,MATCH(B21,'회원명단 및 기준에버'!$C:$C,0),CHOOSE(INT((MONTH($N$2)-1)/3)+1,1,2,3,4)),"")) -> 184 | J21: =IFERROR(C21+-I21,0) -> 32 | K21: =IFERROR(D21+-I21,0) -> -25 | L21: =IFERROR(E21+-I21,0) -> 3 | M21: =IFERROR(F21+-I21,0) -> 15 | N21: =SUM(J21:M21) -> 25 | O21: =IFERROR(H21+-I21,0) -> 6.25 | R21: =MAX(C21:F21)-MIN(C21:F21) -> 57 | S21: =IF($U$2=0,(G21*1000000+R21*1000+A21),(O21*1000000+R21*1000+A21)) -> 6307018 | T21: =_xlfn.RANK.EQ(S21,$S$4:$S$23,0) -> 9
A22: 19 | B22: 김 남 주 | C22: 191 | D22: 201 | E22: 214 | F22: 215 | G22: =F22+E22+D22+C22 -> 821 | H22: =G22/4 -> 205.25 | I22: =IF(B22="","",IFERROR(INDEX('회원명단 및 기준에버'!D:G,MATCH(B22,'회원명단 및 기준에버'!$C:$C,0),CHOOSE(INT((MONTH($N$2)-1)/3)+1,1,2,3,4)),"")) -> 195 | J22: =IFERROR(C22+-I22,0) -> -4 | K22: =IFERROR(D22+-I22,0) -> 6 | L22: =IFERROR(E22+-I22,0) -> 19 | M22: =IFERROR(F22+-I22,0) -> 20 | N22: =SUM(J22:M22) -> 41 | O22: =IFERROR(H22+-I22,0) -> 10.25 | R22: =MAX(C22:F22)-MIN(C22:F22) -> 24 | S22: =IF($U$2=0,(G22*1000000+R22*1000+A22),(O22*1000000+R22*1000+A22)) -> 10274019 | T22: =_xlfn.RANK.EQ(S22,$S$4:$S$23,0) -> 4
A23: 20 | B23: 김 정 희 | C23: 235 | D23: 196 | E23: 168 | F23: 212 | G23: =F23+E23+D23+C23 -> 811 | H23: =G23/4 -> 202.75 | I23: =IF(B23="","",IFERROR(INDEX('회원명단 및 기준에버'!D:G,MATCH(B23,'회원명단 및 기준에버'!$C:$C,0),CHOOSE(INT((MONTH($N$2)-1)/3)+1,1,2,3,4)),"")) -> 200 | J23: 0 | K23: 0 | L23: 0 | M23: 0 | N23: =SUM(J23:M23) -> 0 | O23: 0 | R23: =MAX(C23:F23)-MIN(C23:F23) -> 67 | S23: =IF($U$2=0,(G23*1000000+R23*1000+A23),(O23*1000000+R23*1000+A23)) -> 67020 | T23: =_xlfn.RANK.EQ(S23,$S$4:$S$23,0) -> 12
B24: 팀 전
B25: =$B4 -> 장 영 민 | C25: =IF($S$2=0,$C4,$J4) -> 199 | D25: =IF($S$2=0,$D4,$K4) -> 248 | E25: =IF($S$2=0,$E4,$L4) -> 203 | F25: =IF($S$2=0,$F4,$M4) -> 181 | G25: =E30+D30+C30+F30 -> 3880 | H25: 3 | I25: =$B9 -> 변 상 필 | J25: =IF($S$2=0,$C9,$J9) -> 169 | K25: =IF($S$2=0,$D9,$K9) -> 243 | L25: =IF($S$2=0,$E9,$L9) -> 165 | M25: =IF($S$2=0,$F9,$M9) -> 188 | N25: =L30+K30+J30+M30 -> 3780 | O25: 4
B26: =$B5 -> 지 옥 명 | C26: =IF($S$2=0,$C5,$J5) -> 201 | D26: =IF($S$2=0,$D5,$K5) -> 182 | E26: =IF($S$2=0,$E5,$L5) -> 185 | F26: =IF($S$2=0,$F5,$M5) -> 156 | I26: =$B10 -> 임 승 기 | J26: =IF($S$2=0,$C10,$J10) -> 227 | K26: =IF($S$2=0,$D10,$K10) -> 182 | L26: =IF($S$2=0,$E10,$L10) -> 213 | M26: =IF($S$2=0,$F10,$M10) -> 233
B27: =$B6 -> 김 태 환 | C27: =IF($S$2=0,$C6,$J6) -> 182 | D27: =IF($S$2=0,$D6,$K6) -> 212 | E27: =IF($S$2=0,$E6,$L6) -> 233 | F27: =IF($S$2=0,$F6,$M6) -> 190 | I27: =$B11 -> 정 영 우 | J27: =IF($S$2=0,$C11,$J11) -> 203 | K27: =IF($S$2=0,$D11,$K11) -> 253 | L27: =IF($S$2=0,$E11,$L11) -> 167 | M27: =IF($S$2=0,$F11,$M11) -> 140
B28: =$B7 -> 강 완 규 | C28: =IF($S$2=0,$C7,$J7) -> 182 | D28: =IF($S$2=0,$D7,$K7) -> 182 | E28: =IF($S$2=0,$E7,$L7) -> 194 | F28: =IF($S$2=0,$F7,$M7) -> 192 | I28: =$B12 -> 천 성 일 | J28: =IF($S$2=0,$C12,$J12) -> 181 | K28: =IF($S$2=0,$D12,$K12) -> 207 | L28: =IF($S$2=0,$E12,$L12) -> 190 | M28: =IF($S$2=0,$F12,$M12) -> 215
B29: =$B8 -> 박 성 현 | C29: =IF($S$2=0,$C8,$J8) -> 156 | D29: =IF($S$2=0,$D8,$K8) -> 222 | E29: =IF($S$2=0,$E8,$L8) -> 188 | F29: =IF($S$2=0,$F8,$M8) -> 192 | I29: =$B13 -> 손 은 주 | J29: =IF($S$2=0,$C13,$J13) -> 154 | K29: =IF($S$2=0,$D13,$K13) -> 157 | L29: =IF($S$2=0,$E13,$L13) -> 143 | M29: =IF($S$2=0,$F13,$M13) -> 150
C30: =SUM(C25:C29) -> 920 | D30: =SUM(D25:D29) -> 1046 | E30: =SUM(E25:E29) -> 1003 | F30: =SUM(F25:F29) -> 911 | J30: =SUM(J25:J29) -> 934 | K30: =SUM(K25:K29) -> 1042 | L30: =SUM(L25:L29) -> 878 | M30: =SUM(M25:M29) -> 926
B32: =$B14 -> 최 현 수 | C32: =IF($S$2=0,$C14,$J14) -> 266 | D32: =IF($S$2=0,$D14,$K14) -> 169 | E32: =IF($S$2=0,$E14,$L14) -> 224 | F32: =IF($S$2=0,$F14,$M14) -> 178 | G32: =E37+D37+C37+F37 -> 3922 | H32: 2 | I32: =$B19 -> 이 대 용 | J32: =IF($S$2=0,$C19,$J19) -> 191 | K32: =IF($S$2=0,$D19,$K19) -> 245 | L32: =IF($S$2=0,$E19,$L19) -> 190 | M32: =IF($S$2=0,$F19,$M19) -> 192 | N32: =L37+K37+J37+M37 -> 4020 | O32: 1
B33: =$B15 -> 김 미 란 | C33: =IF($S$2=0,$C15,$J15) -> 202 | D33: =IF($S$2=0,$D15,$K15) -> 186 | E33: =IF($S$2=0,$E15,$L15) -> 151 | F33: =IF($S$2=0,$F15,$M15) -> 177 | I33: =$B20 -> 나 경 주 | J33: =IF($S$2=0,$C20,$J20) -> 190 | K33: =IF($S$2=0,$D20,$K20) -> 217 | L33: =IF($S$2=0,$E20,$L20) -> 201 | M33: =IF($S$2=0,$F20,$M20) -> 201
B34: =$B16 -> 임 연 진 | C34: =IF($S$2=0,$C16,$J16) -> 233 | D34: =IF($S$2=0,$D16,$K16) -> 191 | E34: =IF($S$2=0,$E16,$L16) -> 232 | F34: =IF($S$2=0,$F16,$M16) -> 187 | I34: =$B21 -> 황 인 교 | J34: =IF($S$2=0,$C21,$J21) -> 216 | K34: =IF($S$2=0,$D21,$K21) -> 159 | L34: =IF($S$2=0,$E21,$L21) -> 187 | M34: =IF($S$2=0,$F21,$M21) -> 199
B35: =$B17 -> 고 경 훈 | C35: =IF($S$2=0,$C17,$J17) -> 173 | D35: =IF($S$2=0,$D17,$K17) -> 248 | E35: =IF($S$2=0,$E17,$L17) -> 161 | F35: =IF($S$2=0,$F17,$M17) -> 277 | I35: =$B22 -> 김 남 주 | J35: =IF($S$2=0,$C22,$J22) -> 191 | K35: =IF($S$2=0,$D22,$K22) -> 201 | L35: =IF($S$2=0,$E22,$L22) -> 214 | M35: =IF($S$2=0,$F22,$M22) -> 215
B36: =$B18 -> 이 승 미 | C36: =IF($S$2=0,$C18,$J18) -> 151 | D36: =IF($S$2=0,$D18,$K18) -> 137 | E36: =IF($S$2=0,$E18,$L18) -> 210 | F36: =IF($S$2=0,$F18,$M18) -> 169 | I36: =$B23 -> 김 정 희 | J36: =IF($S$2=0,$C23,$J23) -> 235 | K36: =IF($S$2=0,$D23,$K23) -> 196 | L36: =IF($S$2=0,$E23,$L23) -> 168 | M36: =IF($S$2=0,$F23,$M23) -> 212
C37: =SUM(C32:C36) -> 1025 | D37: =SUM(D32:D36) -> 931 | E37: =SUM(E32:E36) -> 978 | F37: =SUM(F32:F36) -> 988 | J37: =SUM(J32:J36) -> 1023 | K37: =SUM(K32:K36) -> 1018 | L37: =SUM(L32:L36) -> 960 | M37: =SUM(M32:M36) -> 1019
A41: =A1 -> 2026 아르케 존 04회 번개 모임 점수
L42: 날짜 | N42: =N2 -> 46079
B43: 이 름 | C43: 1 G | D43: 2 G | E43: 3 G | F43: 4G | G43: 합 계 | H43: 에 버 | I43: 기본에버 | J43: 1 G | K43: 2 G | L43: 3 G | M43: 4G | N43: 합 계 | O43: 오 차
A44: 1 | B44: {=INDEX($B$4:$O$23,MATCH($A44,$T$4:$T$23,0),COLUMN(A$1))} -> 고 경 훈 | C44: {=INDEX($B$4:$O$23,MATCH($A44,$T$4:$T$23,0),COLUMN(B$1))} -> 173 | D44: {=INDEX($B$4:$O$23,MATCH($A44,$T$4:$T$23,0),COLUMN(C$1))} -> 248 | E44: {=INDEX($B$4:$O$23,MATCH($A44,$T$4:$T$23,0),COLUMN(D$1))} -> 161 | F44: {=INDEX($B$4:$O$23,MATCH($A44,$T$4:$T$23,0),COLUMN(E$1))} -> 277 | G44: =SUM(C44:F44) -> 859 | H44: =G44/4 -> 214.75 | I44: =IF(B44="","",IFERROR(INDEX('회원명단 및 기준에버'!D:G,MATCH(B44,'회원명단 및 기준에버'!$C:$C,0),CHOOSE(INT((MONTH($N$2)-1)/3)+1,1,2,3,4)),"")) -> 195 | J44: =IFERROR(C44+-I44,0) -> -22 | K44: =IFERROR(D44+-I44,0) -> 53 | L44: =IFERROR(E44+-I44,0) -> -34 | M44: =IFERROR(F44+-I44,0) -> 82 | N44: =SUM(J44:M44) -> 79 | O44: =IFERROR(H44+-I44,0) -> 19.75
A45: 2 | B45: {=INDEX($B$4:$O$23,MATCH($A45,$T$4:$T$23,0),COLUMN(A$1))} -> 임 연 진 | C45: {=INDEX($B$4:$O$23,MATCH($A45,$T$4:$T$23,0),COLUMN(B$1))} -> 233 | D45: {=INDEX($B$4:$O$23,MATCH($A45,$T$4:$T$23,0),COLUMN(C$1))} -> 191 | E45: {=INDEX($B$4:$O$23,MATCH($A45,$T$4:$T$23,0),COLUMN(D$1))} -> 232 | F45: {=INDEX($B$4:$O$23,MATCH($A45,$T$4:$T$23,0),COLUMN(E$1))} -> 187 | G45: =SUM(C45:F45) -> 843 | H45: =G45/4 -> 210.75 | I45: =IF(B45="","",IFERROR(INDEX('회원명단 및 기준에버'!D:G,MATCH(B45,'회원명단 및 기준에버'!$C:$C,0),CHOOSE(INT((MONTH($N$2)-1)/3)+1,1,2,3,4)),"")) -> 194 | J45: =IFERROR(C45+-I45,0) -> 39 | K45: =IFERROR(D45+-I45,0) -> -3 | L45: =IFERROR(E45+-I45,0) -> 38 | M45: =IFERROR(F45+-I45,0) -> -7 | N45: =SUM(J45:M45) -> 67 | O45: =IFERROR(H45+-I45,0) -> 16.75
A46: 3 | B46: {=INDEX($B$4:$O$23,MATCH($A46,$T$4:$T$23,0),COLUMN(A$1))} -> 나 경 주 | C46: {=INDEX($B$4:$O$23,MATCH($A46,$T$4:$T$23,0),COLUMN(B$1))} -> 190 | D46: {=INDEX($B$4:$O$23,MATCH($A46,$T$4:$T$23,0),COLUMN(C$1))} -> 217 | E46: {=INDEX($B$4:$O$23,MATCH($A46,$T$4:$T$23,0),COLUMN(D$1))} -> 201 | F46: {=INDEX($B$4:$O$23,MATCH($A46,$T$4:$T$23,0),COLUMN(E$1))} -> 201 | G46: =SUM(C46:F46) -> 809 | H46: =G46/4 -> 202.25 | I46: =IF(B46="","",IFERROR(INDEX('회원명단 및 기준에버'!D:G,MATCH(B46,'회원명단 및 기준에버'!$C:$C,0),CHOOSE(INT((MONTH($N$2)-1)/3)+1,1,2,3,4)),"")) -> 192 | J46: =IFERROR(C46+-I46,0) -> -2 | K46: =IFERROR(D46+-I46,0) -> 25 | L46: =IFERROR(E46+-I46,0) -> 9 | M46: =IFERROR(F46+-I46,0) -> 9 | N46: =SUM(J46:M46) -> 41 | O46: =IFERROR(H46+-I46,0) -> 10.25
A47: 4 | B47: {=INDEX($B$4:$O$23,MATCH($A47,$T$4:$T$23,0),COLUMN(A$1))} -> 김 남 주 | C47: {=INDEX($B$4:$O$23,MATCH($A47,$T$4:$T$23,0),COLUMN(B$1))} -> 191 | D47: {=INDEX($B$4:$O$23,MATCH($A47,$T$4:$T$23,0),COLUMN(C$1))} -> 201 | E47: {=INDEX($B$4:$O$23,MATCH($A47,$T$4:$T$23,0),COLUMN(D$1))} -> 214 | F47: {=INDEX($B$4:$O$23,MATCH($A47,$T$4:$T$23,0),COLUMN(E$1))} -> 215 | G47: =SUM(C47:F47) -> 821 | H47: =G47/4 -> 205.25 | I47: =IF(B47="","",IFERROR(INDEX('회원명단 및 기준에버'!D:G,MATCH(B47,'회원명단 및 기준에버'!$C:$C,0),CHOOSE(INT((MONTH($N$2)-1)/3)+1,1,2,3,4)),"")) -> 195 | J47: =IFERROR(C47+-I47,0) -> -4 | K47: =IFERROR(D47+-I47,0) -> 6 | L47: =IFERROR(E47+-I47,0) -> 19 | M47: =IFERROR(F47+-I47,0) -> 20 | N47: =SUM(J47:M47) -> 41 | O47: =IFERROR(H47+-I47,0) -> 10.25
A48: 5 | B48: {=INDEX($B$4:$O$23,MATCH($A48,$T$4:$T$23,0),COLUMN(A$1))} -> 최 현 수 | C48: {=INDEX($B$4:$O$23,MATCH($A48,$T$4:$T$23,0),COLUMN(B$1))} -> 266 | D48: {=INDEX($B$4:$O$23,MATCH($A48,$T$4:$T$23,0),COLUMN(C$1))} -> 169 | E48: {=INDEX($B$4:$O$23,MATCH($A48,$T$4:$T$23,0),COLUMN(D$1))} -> 224 | F48: {=INDEX($B$4:$O$23,MATCH($A48,$T$4:$T$23,0),COLUMN(E$1))} -> 178 | G48: =SUM(C48:F48) -> 837 | H48: =G48/4 -> 209.25 | I48: =IF(B48="","",IFERROR(INDEX('회원명단 및 기준에버'!D:G,MATCH(B48,'회원명단 및 기준에버'!$C:$C,0),CHOOSE(INT((MONTH($N$2)-1)/3)+1,1,2,3,4)),"")) -> 200 | J48: =IFERROR(C48+-I48,0) -> 66 | K48: =IFERROR(D48+-I48,0) -> -31 | L48: =IFERROR(E48+-I48,0) -> 24 | M48: =IFERROR(F48+-I48,0) -> -22 | N48: =SUM(J48:M48) -> 37 | O48: =IFERROR(H48+-I48,0) -> 9.25
A49: 6 | B49: {=INDEX($B$4:$O$23,MATCH($A49,$T$4:$T$23,0),COLUMN(A$1))} -> 장 영 민 | C49: {=INDEX($B$4:$O$23,MATCH($A49,$T$4:$T$23,0),COLUMN(B$1))} -> 199 | D49: {=INDEX($B$4:$O$23,MATCH($A49,$T$4:$T$23,0),COLUMN(C$1))} -> 248 | E49: {=INDEX($B$4:$O$23,MATCH($A49,$T$4:$T$23,0),COLUMN(D$1))} -> 203 | F49: {=INDEX($B$4:$O$23,MATCH($A49,$T$4:$T$23,0),COLUMN(E$1))} -> 181 | G49: =SUM(C49:F49) -> 831 | H49: =G49/4 -> 207.75 | I49: =IF(B49="","",IFERROR(INDEX('회원명단 및 기준에버'!D:G,MATCH(B49,'회원명단 및 기준에버'!$C:$C,0),CHOOSE(INT((MONTH($N$2)-1)/3)+1,1,2,3,4)),"")) -> 200 | J49: =IFERROR(C49+-I49,0) -> -1 | K49: =IFERROR(D49+-I49,0) -> 48 | L49: =IFERROR(E49+-I49,0) -> 3 | M49: =IFERROR(F49+-I49,0) -> -19 | N49: =SUM(J49:M49) -> 31 | O49: =IFERROR(H49+-I49,0) -> 7.75
A50: 7 | B50: {=INDEX($B$4:$O$23,MATCH($A50,$T$4:$T$23,0),COLUMN(A$1))} -> 천 성 일 | C50: {=INDEX($B$4:$O$23,MATCH($A50,$T$4:$T$23,0),COLUMN(B$1))} -> 181 | D50: {=INDEX($B$4:$O$23,MATCH($A50,$T$4:$T$23,0),COLUMN(C$1))} -> 207 | E50: {=INDEX($B$4:$O$23,MATCH($A50,$T$4:$T$23,0),COLUMN(D$1))} -> 190 | F50: {=INDEX($B$4:$O$23,MATCH($A50,$T$4:$T$23,0),COLUMN(E$1))} -> 215 | G50: =SUM(C50:F50) -> 793 | H50: =G50/4 -> 198.25 | I50: =IF(B50="","",IFERROR(INDEX('회원명단 및 기준에버'!D:G,MATCH(B50,'회원명단 및 기준에버'!$C:$C,0),CHOOSE(INT((MONTH($N$2)-1)/3)+1,1,2,3,4)),"")) -> 191 | J50: =IFERROR(C50+-I50,0) -> -10 | K50: =IFERROR(D50+-I50,0) -> 16 | L50: =IFERROR(E50+-I50,0) -> -1 | M50: =IFERROR(F50+-I50,0) -> 24 | N50: =SUM(J50:M50) -> 29 | O50: =IFERROR(H50+-I50,0) -> 7.25
